</home/anonymous/eqlog-steensgaard-analysis-benchmark/benchmarks/coreutils-8.24/od.bc>:main:%cond466	</home/anonymous/eqlog-steensgaard-analysis-benchmark/benchmarks/coreutils-8.24/od.bc>:main:842:0:0
</home/anonymous/eqlog-steensgaard-analysis-benchmark/benchmarks/coreutils-8.24/od.bc>:main:%cond466	</home/anonymous/eqlog-steensgaard-analysis-benchmark/benchmarks/coreutils-8.24/od.bc>:main:842:1:1
</home/anonymous/eqlog-steensgaard-analysis-benchmark/benchmarks/coreutils-8.24/od.bc>:main:%cond	</home/anonymous/eqlog-steensgaard-analysis-benchmark/benchmarks/coreutils-8.24/od.bc>:main:679:0:0
</home/anonymous/eqlog-steensgaard-analysis-benchmark/benchmarks/coreutils-8.24/od.bc>:main:%cond	</home/anonymous/eqlog-steensgaard-analysis-benchmark/benchmarks/coreutils-8.24/od.bc>:main:%sub366
</home/anonymous/eqlog-steensgaard-analysis-benchmark/benchmarks/coreutils-8.24/od.bc>:main:%cond448	</home/anonymous/eqlog-steensgaard-analysis-benchmark/benchmarks/coreutils-8.24/od.bc>:main:%conv446
</home/anonymous/eqlog-steensgaard-analysis-benchmark/benchmarks/coreutils-8.24/od.bc>:main:%cond448	</home/anonymous/eqlog-steensgaard-analysis-benchmark/benchmarks/coreutils-8.24/od.bc>:main:%conv443
</home/anonymous/eqlog-steensgaard-analysis-benchmark/benchmarks/coreutils-8.24/od.bc>:emit_ancillary_info:%6	</home/anonymous/eqlog-steensgaard-analysis-benchmark/benchmarks/coreutils-8.24/od.bc>:emit_ancillary_info:25:0:false
</home/anonymous/eqlog-steensgaard-analysis-benchmark/benchmarks/coreutils-8.24/od.bc>:emit_ancillary_info:%6	</home/anonymous/eqlog-steensgaard-analysis-benchmark/benchmarks/coreutils-8.24/od.bc>:emit_ancillary_info:%lnot
</home/anonymous/eqlog-steensgaard-analysis-benchmark/benchmarks/coreutils-8.24/od.bc>:emit_ancillary_info:%cond	</home/anonymous/eqlog-steensgaard-analysis-benchmark/benchmarks/coreutils-8.24/od.bc>:emit_ancillary_info:65:0:getelementptr inbounds ([12 x i8], [12 x i8]* @.str.62, i32 0, i32 0)
</home/anonymous/eqlog-steensgaard-analysis-benchmark/benchmarks/coreutils-8.24/od.bc>:emit_ancillary_info:%cond	</home/anonymous/eqlog-steensgaard-analysis-benchmark/benchmarks/coreutils-8.24/od.bc>:emit_ancillary_info:65:4:getelementptr inbounds ([1 x i8], [1 x i8]* @.str.15, i32 0, i32 0)
</home/anonymous/eqlog-steensgaard-analysis-benchmark/benchmarks/coreutils-8.24/od.bc>:decode_format_string:%9	</home/anonymous/eqlog-steensgaard-analysis-benchmark/benchmarks/coreutils-8.24/od.bc>:decode_format_string:%call
</home/anonymous/eqlog-steensgaard-analysis-benchmark/benchmarks/coreutils-8.24/od.bc>:decode_format_string:%8	</home/anonymous/eqlog-steensgaard-analysis-benchmark/benchmarks/coreutils-8.24/od.bc>:decode_format_string:%7
</home/anonymous/eqlog-steensgaard-analysis-benchmark/benchmarks/coreutils-8.24/od.bc>:skip:%cond	</home/anonymous/eqlog-steensgaard-analysis-benchmark/benchmarks/coreutils-8.24/od.bc>:skip:43:0:512
</home/anonymous/eqlog-steensgaard-analysis-benchmark/benchmarks/coreutils-8.24/od.bc>:skip:%cond	</home/anonymous/eqlog-steensgaard-analysis-benchmark/benchmarks/coreutils-8.24/od.bc>:skip:%5
</home/anonymous/eqlog-steensgaard-analysis-benchmark/benchmarks/coreutils-8.24/od.bc>:dump_strings:%27	</home/anonymous/eqlog-steensgaard-analysis-benchmark/benchmarks/coreutils-8.24/od.bc>:dump_strings:100:0:true
</home/anonymous/eqlog-steensgaard-analysis-benchmark/benchmarks/coreutils-8.24/od.bc>:dump_strings:%27	</home/anonymous/eqlog-steensgaard-analysis-benchmark/benchmarks/coreutils-8.24/od.bc>:dump_strings:%cmp24
</home/anonymous/eqlog-steensgaard-analysis-benchmark/benchmarks/coreutils-8.24/od.bc>:dump_strings:%cond	</home/anonymous/eqlog-steensgaard-analysis-benchmark/benchmarks/coreutils-8.24/od.bc>:dump_strings:14:0:100
</home/anonymous/eqlog-steensgaard-analysis-benchmark/benchmarks/coreutils-8.24/od.bc>:dump_strings:%cond	</home/anonymous/eqlog-steensgaard-analysis-benchmark/benchmarks/coreutils-8.24/od.bc>:dump_strings:%1
</home/anonymous/eqlog-steensgaard-analysis-benchmark/benchmarks/coreutils-8.24/od.bc>:dump:%cond	</home/anonymous/eqlog-steensgaard-analysis-benchmark/benchmarks/coreutils-8.24/od.bc>:dump:%12
</home/anonymous/eqlog-steensgaard-analysis-benchmark/benchmarks/coreutils-8.24/od.bc>:dump:%cond	</home/anonymous/eqlog-steensgaard-analysis-benchmark/benchmarks/coreutils-8.24/od.bc>:dump:%sub5
</home/anonymous/eqlog-steensgaard-analysis-benchmark/benchmarks/coreutils-8.24/od.bc>:decode_one_format:%cond142	</home/anonymous/eqlog-steensgaard-analysis-benchmark/benchmarks/coreutils-8.24/od.bc>:decode_one_format:299:0:1
</home/anonymous/eqlog-steensgaard-analysis-benchmark/benchmarks/coreutils-8.24/od.bc>:decode_one_format:%cond142	</home/anonymous/eqlog-steensgaard-analysis-benchmark/benchmarks/coreutils-8.24/od.bc>:decode_one_format:%call139
</home/anonymous/eqlog-steensgaard-analysis-benchmark/benchmarks/coreutils-8.24/od.bc>:decode_one_format:%cond96	</home/anonymous/eqlog-steensgaard-analysis-benchmark/benchmarks/coreutils-8.24/od.bc>:decode_one_format:208:0:@print_s_short
</home/anonymous/eqlog-steensgaard-analysis-benchmark/benchmarks/coreutils-8.24/od.bc>:decode_one_format:%cond96	</home/anonymous/eqlog-steensgaard-analysis-benchmark/benchmarks/coreutils-8.24/od.bc>:decode_one_format:208:1:@print_short
</home/anonymous/eqlog-steensgaard-analysis-benchmark/benchmarks/coreutils-8.24/od.bc>:decode_one_format:%cond92	</home/anonymous/eqlog-steensgaard-analysis-benchmark/benchmarks/coreutils-8.24/od.bc>:decode_one_format:203:0:@print_s_char
</home/anonymous/eqlog-steensgaard-analysis-benchmark/benchmarks/coreutils-8.24/od.bc>:decode_one_format:%cond92	</home/anonymous/eqlog-steensgaard-analysis-benchmark/benchmarks/coreutils-8.24/od.bc>:decode_one_format:203:1:@print_char
</home/anonymous/eqlog-steensgaard-analysis-benchmark/benchmarks/coreutils-8.24/od.bc>:decode_one_format:%cond77	</home/anonymous/eqlog-steensgaard-analysis-benchmark/benchmarks/coreutils-8.24/od.bc>:decode_one_format:184:0:getelementptr inbounds ([3 x i8], [3 x i8]* @.str.89, i32 0, i32 0)
</home/anonymous/eqlog-steensgaard-analysis-benchmark/benchmarks/coreutils-8.24/od.bc>:decode_one_format:%cond77	</home/anonymous/eqlog-steensgaard-analysis-benchmark/benchmarks/coreutils-8.24/od.bc>:decode_one_format:%cond75
</home/anonymous/eqlog-steensgaard-analysis-benchmark/benchmarks/coreutils-8.24/od.bc>:decode_one_format:%cond75	</home/anonymous/eqlog-steensgaard-analysis-benchmark/benchmarks/coreutils-8.24/od.bc>:decode_one_format:182:0:getelementptr inbounds ([3 x i8], [3 x i8]* @.str.89, i32 0, i32 0)
</home/anonymous/eqlog-steensgaard-analysis-benchmark/benchmarks/coreutils-8.24/od.bc>:decode_one_format:%cond75	</home/anonymous/eqlog-steensgaard-analysis-benchmark/benchmarks/coreutils-8.24/od.bc>:decode_one_format:182:4:getelementptr inbounds ([2 x i8], [2 x i8]* @.str.90, i32 0, i32 0)
</home/anonymous/eqlog-steensgaard-analysis-benchmark/benchmarks/coreutils-8.24/od.bc>:decode_one_format:%cond63	</home/anonymous/eqlog-steensgaard-analysis-benchmark/benchmarks/coreutils-8.24/od.bc>:decode_one_format:165:0:getelementptr inbounds ([3 x i8], [3 x i8]* @.str.87, i32 0, i32 0)
</home/anonymous/eqlog-steensgaard-analysis-benchmark/benchmarks/coreutils-8.24/od.bc>:decode_one_format:%cond63	</home/anonymous/eqlog-steensgaard-analysis-benchmark/benchmarks/coreutils-8.24/od.bc>:decode_one_format:%cond61
</home/anonymous/eqlog-steensgaard-analysis-benchmark/benchmarks/coreutils-8.24/od.bc>:decode_one_format:%cond61	</home/anonymous/eqlog-steensgaard-analysis-benchmark/benchmarks/coreutils-8.24/od.bc>:decode_one_format:163:0:getelementptr inbounds ([3 x i8], [3 x i8]* @.str.87, i32 0, i32 0)
</home/anonymous/eqlog-steensgaard-analysis-benchmark/benchmarks/coreutils-8.24/od.bc>:decode_one_format:%cond61	</home/anonymous/eqlog-steensgaard-analysis-benchmark/benchmarks/coreutils-8.24/od.bc>:decode_one_format:163:4:getelementptr inbounds ([2 x i8], [2 x i8]* @.str.88, i32 0, i32 0)
</home/anonymous/eqlog-steensgaard-analysis-benchmark/benchmarks/coreutils-8.24/od.bc>:decode_one_format:%cond49	</home/anonymous/eqlog-steensgaard-analysis-benchmark/benchmarks/coreutils-8.24/od.bc>:decode_one_format:146:0:getelementptr inbounds ([3 x i8], [3 x i8]* @.str.85, i32 0, i32 0)
</home/anonymous/eqlog-steensgaard-analysis-benchmark/benchmarks/coreutils-8.24/od.bc>:decode_one_format:%cond49	</home/anonymous/eqlog-steensgaard-analysis-benchmark/benchmarks/coreutils-8.24/od.bc>:decode_one_format:%cond47
</home/anonymous/eqlog-steensgaard-analysis-benchmark/benchmarks/coreutils-8.24/od.bc>:decode_one_format:%cond47	</home/anonymous/eqlog-steensgaard-analysis-benchmark/benchmarks/coreutils-8.24/od.bc>:decode_one_format:144:0:getelementptr inbounds ([3 x i8], [3 x i8]* @.str.85, i32 0, i32 0)
</home/anonymous/eqlog-steensgaard-analysis-benchmark/benchmarks/coreutils-8.24/od.bc>:decode_one_format:%cond47	</home/anonymous/eqlog-steensgaard-analysis-benchmark/benchmarks/coreutils-8.24/od.bc>:decode_one_format:144:4:getelementptr inbounds ([2 x i8], [2 x i8]* @.str.86, i32 0, i32 0)
</home/anonymous/eqlog-steensgaard-analysis-benchmark/benchmarks/coreutils-8.24/od.bc>:decode_one_format:%cond35	</home/anonymous/eqlog-steensgaard-analysis-benchmark/benchmarks/coreutils-8.24/od.bc>:decode_one_format:127:0:getelementptr inbounds ([3 x i8], [3 x i8]* @.str.82, i32 0, i32 0)
</home/anonymous/eqlog-steensgaard-analysis-benchmark/benchmarks/coreutils-8.24/od.bc>:decode_one_format:%cond35	</home/anonymous/eqlog-steensgaard-analysis-benchmark/benchmarks/coreutils-8.24/od.bc>:decode_one_format:%cond
</home/anonymous/eqlog-steensgaard-analysis-benchmark/benchmarks/coreutils-8.24/od.bc>:decode_one_format:%cond	</home/anonymous/eqlog-steensgaard-analysis-benchmark/benchmarks/coreutils-8.24/od.bc>:decode_one_format:125:0:getelementptr inbounds ([3 x i8], [3 x i8]* @.str.82, i32 0, i32 0)
</home/anonymous/eqlog-steensgaard-analysis-benchmark/benchmarks/coreutils-8.24/od.bc>:decode_one_format:%cond	</home/anonymous/eqlog-steensgaard-analysis-benchmark/benchmarks/coreutils-8.24/od.bc>:decode_one_format:125:4:getelementptr inbounds ([2 x i8], [2 x i8]* @.str.83, i32 0, i32 0)
</home/anonymous/eqlog-steensgaard-analysis-benchmark/benchmarks/coreutils-8.24/od.bc>:usable_st_size:%8	</home/anonymous/eqlog-steensgaard-analysis-benchmark/benchmarks/coreutils-8.24/od.bc>:usable_st_size:25:0:true
</home/anonymous/eqlog-steensgaard-analysis-benchmark/benchmarks/coreutils-8.24/od.bc>:usable_st_size:%8	</home/anonymous/eqlog-steensgaard-analysis-benchmark/benchmarks/coreutils-8.24/od.bc>:usable_st_size:25:1:true
</home/anonymous/eqlog-steensgaard-analysis-benchmark/benchmarks/coreutils-8.24/od.bc>:usable_st_size:%8	</home/anonymous/eqlog-steensgaard-analysis-benchmark/benchmarks/coreutils-8.24/od.bc>:usable_st_size:25:2:true
</home/anonymous/eqlog-steensgaard-analysis-benchmark/benchmarks/coreutils-8.24/od.bc>:usable_st_size:%8	</home/anonymous/eqlog-steensgaard-analysis-benchmark/benchmarks/coreutils-8.24/od.bc>:usable_st_size:25:3:false
</home/anonymous/eqlog-steensgaard-analysis-benchmark/benchmarks/coreutils-8.24/od.bc>:dump_hexl_mode_trailer:%cond	</home/anonymous/eqlog-steensgaard-analysis-benchmark/benchmarks/coreutils-8.24/od.bc>:dump_hexl_mode_trailer:40:0:46
</home/anonymous/eqlog-steensgaard-analysis-benchmark/benchmarks/coreutils-8.24/od.bc>:dump_hexl_mode_trailer:%cond	</home/anonymous/eqlog-steensgaard-analysis-benchmark/benchmarks/coreutils-8.24/od.bc>:dump_hexl_mode_trailer:%conv3
</home/anonymous/eqlog-steensgaard-analysis-benchmark/benchmarks/coreutils-8.24/od.bc>:argmatch_invalid:%cond	</home/anonymous/eqlog-steensgaard-analysis-benchmark/benchmarks/coreutils-8.24/od.bc>:argmatch_invalid:%call1
</home/anonymous/eqlog-steensgaard-analysis-benchmark/benchmarks/coreutils-8.24/od.bc>:argmatch_invalid:%cond	</home/anonymous/eqlog-steensgaard-analysis-benchmark/benchmarks/coreutils-8.24/od.bc>:argmatch_invalid:%call
</home/anonymous/eqlog-steensgaard-analysis-benchmark/benchmarks/coreutils-8.24/od.bc>:set_program_name:%sub.ptr.rhs.cast	</home/anonymous/eqlog-steensgaard-analysis-benchmark/benchmarks/coreutils-8.24/od.bc>:set_program_name:%7
</home/anonymous/eqlog-steensgaard-analysis-benchmark/benchmarks/coreutils-8.24/od.bc>:set_program_name:%sub.ptr.lhs.cast	</home/anonymous/eqlog-steensgaard-analysis-benchmark/benchmarks/coreutils-8.24/od.bc>:set_program_name:%6
</home/anonymous/eqlog-steensgaard-analysis-benchmark/benchmarks/coreutils-8.24/od.bc>:set_program_name:%cond	</home/anonymous/eqlog-steensgaard-analysis-benchmark/benchmarks/coreutils-8.24/od.bc>:set_program_name:%5
</home/anonymous/eqlog-steensgaard-analysis-benchmark/benchmarks/coreutils-8.24/od.bc>:set_program_name:%cond	</home/anonymous/eqlog-steensgaard-analysis-benchmark/benchmarks/coreutils-8.24/od.bc>:set_program_name:%add.ptr
</home/anonymous/eqlog-steensgaard-analysis-benchmark/benchmarks/coreutils-8.24/od.bc>:quotearg_buffer_restyled:%171	</home/anonymous/eqlog-steensgaard-analysis-benchmark/benchmarks/coreutils-8.24/od.bc>:quotearg_buffer_restyled:626:0:false
</home/anonymous/eqlog-steensgaard-analysis-benchmark/benchmarks/coreutils-8.24/od.bc>:quotearg_buffer_restyled:%171	</home/anonymous/eqlog-steensgaard-analysis-benchmark/benchmarks/coreutils-8.24/od.bc>:quotearg_buffer_restyled:%tobool318
</home/anonymous/eqlog-steensgaard-analysis-benchmark/benchmarks/coreutils-8.24/od.bc>:quotearg_buffer_restyled:%152	</home/anonymous/eqlog-steensgaard-analysis-benchmark/benchmarks/coreutils-8.24/od.bc>:quotearg_buffer_restyled:%mbstate
</home/anonymous/eqlog-steensgaard-analysis-benchmark/benchmarks/coreutils-8.24/od.bc>:quotearg_buffer_restyled:%cond61	</home/anonymous/eqlog-steensgaard-analysis-benchmark/benchmarks/coreutils-8.24/od.bc>:quotearg_buffer_restyled:%44
</home/anonymous/eqlog-steensgaard-analysis-benchmark/benchmarks/coreutils-8.24/od.bc>:quotearg_buffer_restyled:%cond61	</home/anonymous/eqlog-steensgaard-analysis-benchmark/benchmarks/coreutils-8.24/od.bc>:quotearg_buffer_restyled:%call58
</home/anonymous/eqlog-steensgaard-analysis-benchmark/benchmarks/coreutils-8.24/od.bc>:quotearg_buffer_restyled:%cond	</home/anonymous/eqlog-steensgaard-analysis-benchmark/benchmarks/coreutils-8.24/od.bc>:quotearg_buffer_restyled:%conv45
</home/anonymous/eqlog-steensgaard-analysis-benchmark/benchmarks/coreutils-8.24/od.bc>:quotearg_buffer_restyled:%cond	</home/anonymous/eqlog-steensgaard-analysis-benchmark/benchmarks/coreutils-8.24/od.bc>:quotearg_buffer_restyled:%conv43
</home/anonymous/eqlog-steensgaard-analysis-benchmark/benchmarks/coreutils-8.24/od.bc>:quotearg_n_options:%19	</home/anonymous/eqlog-steensgaard-analysis-benchmark/benchmarks/coreutils-8.24/od.bc>:quotearg_n_options:%add.ptr
</home/anonymous/eqlog-steensgaard-analysis-benchmark/benchmarks/coreutils-8.24/od.bc>:quotearg_n_options:%16	</home/anonymous/eqlog-steensgaard-analysis-benchmark/benchmarks/coreutils-8.24/od.bc>:quotearg_n_options:%15
</home/anonymous/eqlog-steensgaard-analysis-benchmark/benchmarks/coreutils-8.24/od.bc>:quotearg_n_options:%13	</home/anonymous/eqlog-steensgaard-analysis-benchmark/benchmarks/coreutils-8.24/od.bc>:quotearg_n_options:%call10
</home/anonymous/eqlog-steensgaard-analysis-benchmark/benchmarks/coreutils-8.24/od.bc>:quotearg_n_options:%11	</home/anonymous/eqlog-steensgaard-analysis-benchmark/benchmarks/coreutils-8.24/od.bc>:quotearg_n_options:%cond
</home/anonymous/eqlog-steensgaard-analysis-benchmark/benchmarks/coreutils-8.24/od.bc>:quotearg_n_options:%cond	</home/anonymous/eqlog-steensgaard-analysis-benchmark/benchmarks/coreutils-8.24/od.bc>:quotearg_n_options:61:0:null
</home/anonymous/eqlog-steensgaard-analysis-benchmark/benchmarks/coreutils-8.24/od.bc>:quotearg_n_options:%cond	</home/anonymous/eqlog-steensgaard-analysis-benchmark/benchmarks/coreutils-8.24/od.bc>:quotearg_n_options:%10
</home/anonymous/eqlog-steensgaard-analysis-benchmark/benchmarks/coreutils-8.24/od.bc>:quoting_options_from_style:%4	</home/anonymous/eqlog-steensgaard-analysis-benchmark/benchmarks/coreutils-8.24/od.bc>:quoting_options_from_style:%o
</home/anonymous/eqlog-steensgaard-analysis-benchmark/benchmarks/coreutils-8.24/od.bc>:quoting_options_from_style:%3	</home/anonymous/eqlog-steensgaard-analysis-benchmark/benchmarks/coreutils-8.24/od.bc>:quoting_options_from_style:%agg.result
</home/anonymous/eqlog-steensgaard-analysis-benchmark/benchmarks/coreutils-8.24/od.bc>:quoting_options_from_style:%0	</home/anonymous/eqlog-steensgaard-analysis-benchmark/benchmarks/coreutils-8.24/od.bc>:quoting_options_from_style:%o
</home/anonymous/eqlog-steensgaard-analysis-benchmark/benchmarks/coreutils-8.24/od.bc>:gettext_quote:%cond20	</home/anonymous/eqlog-steensgaard-analysis-benchmark/benchmarks/coreutils-8.24/od.bc>:gettext_quote:49:0:getelementptr inbounds ([2 x i8], [2 x i8]* @.str.8.170, i32 0, i32 0)
</home/anonymous/eqlog-steensgaard-analysis-benchmark/benchmarks/coreutils-8.24/od.bc>:gettext_quote:%cond20	</home/anonymous/eqlog-steensgaard-analysis-benchmark/benchmarks/coreutils-8.24/od.bc>:gettext_quote:49:4:getelementptr inbounds ([2 x i8], [2 x i8]* @.str.10.171, i32 0, i32 0)
</home/anonymous/eqlog-steensgaard-analysis-benchmark/benchmarks/coreutils-8.24/od.bc>:gettext_quote:%cond16	</home/anonymous/eqlog-steensgaard-analysis-benchmark/benchmarks/coreutils-8.24/od.bc>:gettext_quote:44:0:getelementptr inbounds ([4 x i8], [4 x i8]* @.str.15.168, i32 0, i32 0)
</home/anonymous/eqlog-steensgaard-analysis-benchmark/benchmarks/coreutils-8.24/od.bc>:gettext_quote:%cond16	</home/anonymous/eqlog-steensgaard-analysis-benchmark/benchmarks/coreutils-8.24/od.bc>:gettext_quote:44:4:getelementptr inbounds ([3 x i8], [3 x i8]* @.str.16.169, i32 0, i32 0)
</home/anonymous/eqlog-steensgaard-analysis-benchmark/benchmarks/coreutils-8.24/od.bc>:gettext_quote:%cond	</home/anonymous/eqlog-steensgaard-analysis-benchmark/benchmarks/coreutils-8.24/od.bc>:gettext_quote:32:0:getelementptr inbounds ([4 x i8], [4 x i8]* @.str.12.165, i32 0, i32 0)
</home/anonymous/eqlog-steensgaard-analysis-benchmark/benchmarks/coreutils-8.24/od.bc>:gettext_quote:%cond	</home/anonymous/eqlog-steensgaard-analysis-benchmark/benchmarks/coreutils-8.24/od.bc>:gettext_quote:32:4:getelementptr inbounds ([4 x i8], [4 x i8]* @.str.13.166, i32 0, i32 0)
</home/anonymous/eqlog-steensgaard-analysis-benchmark/benchmarks/coreutils-8.24/od.bc>:version_etc_va:%vaarg.addr	</home/anonymous/eqlog-steensgaard-analysis-benchmark/benchmarks/coreutils-8.24/od.bc>:version_etc_va:%6
</home/anonymous/eqlog-steensgaard-analysis-benchmark/benchmarks/coreutils-8.24/od.bc>:version_etc_va:%vaarg.addr	</home/anonymous/eqlog-steensgaard-analysis-benchmark/benchmarks/coreutils-8.24/od.bc>:version_etc_va:%4
</home/anonymous/eqlog-steensgaard-analysis-benchmark/benchmarks/coreutils-8.24/od.bc>:version_etc_va:%6	</home/anonymous/eqlog-steensgaard-analysis-benchmark/benchmarks/coreutils-8.24/od.bc>:version_etc_va:%overflow_arg_area
</home/anonymous/eqlog-steensgaard-analysis-benchmark/benchmarks/coreutils-8.24/od.bc>:version_etc_va:%4	</home/anonymous/eqlog-steensgaard-analysis-benchmark/benchmarks/coreutils-8.24/od.bc>:version_etc_va:%3
</home/anonymous/eqlog-steensgaard-analysis-benchmark/benchmarks/coreutils-8.24/od.bc>:version_etc_va:%9	</home/anonymous/eqlog-steensgaard-analysis-benchmark/benchmarks/coreutils-8.24/od.bc>:version_etc_va:49:0:false
</home/anonymous/eqlog-steensgaard-analysis-benchmark/benchmarks/coreutils-8.24/od.bc>:version_etc_va:%9	</home/anonymous/eqlog-steensgaard-analysis-benchmark/benchmarks/coreutils-8.24/od.bc>:version_etc_va:%cmp1
</home/anonymous/eqlog-steensgaard-analysis-benchmark/benchmarks/coreutils-8.24/od.bc>:version_etc:%arraydecay34	</home/anonymous/eqlog-steensgaard-analysis-benchmark/benchmarks/coreutils-8.24/od.bc>:version_etc:%arraydecay3
</home/anonymous/eqlog-steensgaard-analysis-benchmark/benchmarks/coreutils-8.24/od.bc>:version_etc:%arraydecay1	</home/anonymous/eqlog-steensgaard-analysis-benchmark/benchmarks/coreutils-8.24/od.bc>:version_etc:%arraydecay
</home/anonymous/eqlog-steensgaard-analysis-benchmark/benchmarks/coreutils-8.24/od.bc>:xstrtoumax:%cond	</home/anonymous/eqlog-steensgaard-analysis-benchmark/benchmarks/coreutils-8.24/od.bc>:xstrtoumax:%4
</home/anonymous/eqlog-steensgaard-analysis-benchmark/benchmarks/coreutils-8.24/od.bc>:xstrtoumax:%cond	</home/anonymous/eqlog-steensgaard-analysis-benchmark/benchmarks/coreutils-8.24/od.bc>:xstrtoumax:%t_ptr
</home/anonymous/eqlog-steensgaard-analysis-benchmark/benchmarks/coreutils-8.24/od.bc>:get_charset_aliases:%42	</home/anonymous/eqlog-steensgaard-analysis-benchmark/benchmarks/coreutils-8.24/od.bc>:get_charset_aliases:166:0:true
</home/anonymous/eqlog-steensgaard-analysis-benchmark/benchmarks/coreutils-8.24/od.bc>:get_charset_aliases:%42	</home/anonymous/eqlog-steensgaard-analysis-benchmark/benchmarks/coreutils-8.24/od.bc>:get_charset_aliases:%cmp61
</home/anonymous/eqlog-steensgaard-analysis-benchmark/benchmarks/coreutils-8.24/od.bc>:get_charset_aliases:%11	</home/anonymous/eqlog-steensgaard-analysis-benchmark/benchmarks/coreutils-8.24/od.bc>:get_charset_aliases:61:0:false
</home/anonymous/eqlog-steensgaard-analysis-benchmark/benchmarks/coreutils-8.24/od.bc>:get_charset_aliases:%11	</home/anonymous/eqlog-steensgaard-analysis-benchmark/benchmarks/coreutils-8.24/od.bc>:get_charset_aliases:%lnot
</home/anonymous/eqlog-steensgaard-analysis-benchmark/benchmarks/coreutils-8.24/od.bc>:c_tolower:%cond	</home/anonymous/eqlog-steensgaard-analysis-benchmark/benchmarks/coreutils-8.24/od.bc>:c_tolower:%3
</home/anonymous/eqlog-steensgaard-analysis-benchmark/benchmarks/coreutils-8.24/od.bc>:c_tolower:%cond	</home/anonymous/eqlog-steensgaard-analysis-benchmark/benchmarks/coreutils-8.24/od.bc>:c_tolower:%add
