</home/anonymous/eqlog-steensgaard-analysis-benchmark/benchmarks/coreutils-8.24/sha1sum.bc>:main:%cond135	</home/anonymous/eqlog-steensgaard-analysis-benchmark/benchmarks/coreutils-8.24/sha1sum.bc>:main:307:0:0
</home/anonymous/eqlog-steensgaard-analysis-benchmark/benchmarks/coreutils-8.24/sha1sum.bc>:main:%cond135	</home/anonymous/eqlog-steensgaard-analysis-benchmark/benchmarks/coreutils-8.24/sha1sum.bc>:main:307:1:1
</home/anonymous/eqlog-steensgaard-analysis-benchmark/benchmarks/coreutils-8.24/sha1sum.bc>:main:%cond	</home/anonymous/eqlog-steensgaard-analysis-benchmark/benchmarks/coreutils-8.24/sha1sum.bc>:main:278:0:42
</home/anonymous/eqlog-steensgaard-analysis-benchmark/benchmarks/coreutils-8.24/sha1sum.bc>:main:%cond	</home/anonymous/eqlog-steensgaard-analysis-benchmark/benchmarks/coreutils-8.24/sha1sum.bc>:main:278:1:32
</home/anonymous/eqlog-steensgaard-analysis-benchmark/benchmarks/coreutils-8.24/sha1sum.bc>:main:%40	</home/anonymous/eqlog-steensgaard-analysis-benchmark/benchmarks/coreutils-8.24/sha1sum.bc>:main:223:0:true
</home/anonymous/eqlog-steensgaard-analysis-benchmark/benchmarks/coreutils-8.24/sha1sum.bc>:main:%40	</home/anonymous/eqlog-steensgaard-analysis-benchmark/benchmarks/coreutils-8.24/sha1sum.bc>:main:%tobool82
</home/anonymous/eqlog-steensgaard-analysis-benchmark/benchmarks/coreutils-8.24/sha1sum.bc>:emit_ancillary_info:%cond	</home/anonymous/eqlog-steensgaard-analysis-benchmark/benchmarks/coreutils-8.24/sha1sum.bc>:emit_ancillary_info:65:0:getelementptr inbounds ([12 x i8], [12 x i8]* @.str.48, i32 0, i32 0)
</home/anonymous/eqlog-steensgaard-analysis-benchmark/benchmarks/coreutils-8.24/sha1sum.bc>:emit_ancillary_info:%cond	</home/anonymous/eqlog-steensgaard-analysis-benchmark/benchmarks/coreutils-8.24/sha1sum.bc>:emit_ancillary_info:65:4:getelementptr inbounds ([1 x i8], [1 x i8]* @.str.12, i32 0, i32 0)
</home/anonymous/eqlog-steensgaard-analysis-benchmark/benchmarks/coreutils-8.24/sha1sum.bc>:emit_ancillary_info:%6	</home/anonymous/eqlog-steensgaard-analysis-benchmark/benchmarks/coreutils-8.24/sha1sum.bc>:emit_ancillary_info:25:0:false
</home/anonymous/eqlog-steensgaard-analysis-benchmark/benchmarks/coreutils-8.24/sha1sum.bc>:emit_ancillary_info:%6	</home/anonymous/eqlog-steensgaard-analysis-benchmark/benchmarks/coreutils-8.24/sha1sum.bc>:emit_ancillary_info:%lnot
</home/anonymous/eqlog-steensgaard-analysis-benchmark/benchmarks/coreutils-8.24/sha1sum.bc>:ptr_align:%5	</home/anonymous/eqlog-steensgaard-analysis-benchmark/benchmarks/coreutils-8.24/sha1sum.bc>:ptr_align:%4
</home/anonymous/eqlog-steensgaard-analysis-benchmark/benchmarks/coreutils-8.24/sha1sum.bc>:digest_check:%90	</home/anonymous/eqlog-steensgaard-analysis-benchmark/benchmarks/coreutils-8.24/sha1sum.bc>:digest_check:345:0:true
</home/anonymous/eqlog-steensgaard-analysis-benchmark/benchmarks/coreutils-8.24/sha1sum.bc>:digest_check:%90	</home/anonymous/eqlog-steensgaard-analysis-benchmark/benchmarks/coreutils-8.24/sha1sum.bc>:digest_check:%cmp159
</home/anonymous/eqlog-steensgaard-analysis-benchmark/benchmarks/coreutils-8.24/sha1sum.bc>:digest_check:%65	</home/anonymous/eqlog-steensgaard-analysis-benchmark/benchmarks/coreutils-8.24/sha1sum.bc>:digest_check:265:0:false
</home/anonymous/eqlog-steensgaard-analysis-benchmark/benchmarks/coreutils-8.24/sha1sum.bc>:digest_check:%65	</home/anonymous/eqlog-steensgaard-analysis-benchmark/benchmarks/coreutils-8.24/sha1sum.bc>:digest_check:%lnot
</home/anonymous/eqlog-steensgaard-analysis-benchmark/benchmarks/coreutils-8.24/sha1sum.bc>:digest_check:%91	</home/anonymous/eqlog-steensgaard-analysis-benchmark/benchmarks/coreutils-8.24/sha1sum.bc>:digest_check:347:0:false
</home/anonymous/eqlog-steensgaard-analysis-benchmark/benchmarks/coreutils-8.24/sha1sum.bc>:digest_check:%91	</home/anonymous/eqlog-steensgaard-analysis-benchmark/benchmarks/coreutils-8.24/sha1sum.bc>:digest_check:347:1:false
</home/anonymous/eqlog-steensgaard-analysis-benchmark/benchmarks/coreutils-8.24/sha1sum.bc>:digest_check:%91	</home/anonymous/eqlog-steensgaard-analysis-benchmark/benchmarks/coreutils-8.24/sha1sum.bc>:digest_check:347:2:false
</home/anonymous/eqlog-steensgaard-analysis-benchmark/benchmarks/coreutils-8.24/sha1sum.bc>:digest_check:%91	</home/anonymous/eqlog-steensgaard-analysis-benchmark/benchmarks/coreutils-8.24/sha1sum.bc>:digest_check:%90
</home/anonymous/eqlog-steensgaard-analysis-benchmark/benchmarks/coreutils-8.24/sha1sum.bc>:select_plural:%cond	</home/anonymous/eqlog-steensgaard-analysis-benchmark/benchmarks/coreutils-8.24/sha1sum.bc>:select_plural:%add
</home/anonymous/eqlog-steensgaard-analysis-benchmark/benchmarks/coreutils-8.24/sha1sum.bc>:select_plural:%cond	</home/anonymous/eqlog-steensgaard-analysis-benchmark/benchmarks/coreutils-8.24/sha1sum.bc>:select_plural:%1
</home/anonymous/eqlog-steensgaard-analysis-benchmark/benchmarks/coreutils-8.24/sha1sum.bc>:split_3:%6	</home/anonymous/eqlog-steensgaard-analysis-benchmark/benchmarks/coreutils-8.24/sha1sum.bc>:split_3:39:0:true
</home/anonymous/eqlog-steensgaard-analysis-benchmark/benchmarks/coreutils-8.24/sha1sum.bc>:split_3:%6	</home/anonymous/eqlog-steensgaard-analysis-benchmark/benchmarks/coreutils-8.24/sha1sum.bc>:split_3:%cmp4
</home/anonymous/eqlog-steensgaard-analysis-benchmark/benchmarks/coreutils-8.24/sha1sum.bc>:bsd_split_3:%36	</home/anonymous/eqlog-steensgaard-analysis-benchmark/benchmarks/coreutils-8.24/sha1sum.bc>:bsd_split_3:120:0:true
</home/anonymous/eqlog-steensgaard-analysis-benchmark/benchmarks/coreutils-8.24/sha1sum.bc>:bsd_split_3:%36	</home/anonymous/eqlog-steensgaard-analysis-benchmark/benchmarks/coreutils-8.24/sha1sum.bc>:bsd_split_3:%cmp43
</home/anonymous/eqlog-steensgaard-analysis-benchmark/benchmarks/coreutils-8.24/sha1sum.bc>:bsd_split_3:%24	</home/anonymous/eqlog-steensgaard-analysis-benchmark/benchmarks/coreutils-8.24/sha1sum.bc>:bsd_split_3:87:0:true
</home/anonymous/eqlog-steensgaard-analysis-benchmark/benchmarks/coreutils-8.24/sha1sum.bc>:bsd_split_3:%24	</home/anonymous/eqlog-steensgaard-analysis-benchmark/benchmarks/coreutils-8.24/sha1sum.bc>:bsd_split_3:%cmp23
</home/anonymous/eqlog-steensgaard-analysis-benchmark/benchmarks/coreutils-8.24/sha1sum.bc>:bsd_split_3:%6	</home/anonymous/eqlog-steensgaard-analysis-benchmark/benchmarks/coreutils-8.24/sha1sum.bc>:bsd_split_3:38:0:false
</home/anonymous/eqlog-steensgaard-analysis-benchmark/benchmarks/coreutils-8.24/sha1sum.bc>:bsd_split_3:%6	</home/anonymous/eqlog-steensgaard-analysis-benchmark/benchmarks/coreutils-8.24/sha1sum.bc>:bsd_split_3:%cmp1
</home/anonymous/eqlog-steensgaard-analysis-benchmark/benchmarks/coreutils-8.24/sha1sum.bc>:sha1_finish_ctx:%45	</home/anonymous/eqlog-steensgaard-analysis-benchmark/benchmarks/coreutils-8.24/sha1sum.bc>:sha1_finish_ctx:%arraydecay71
</home/anonymous/eqlog-steensgaard-analysis-benchmark/benchmarks/coreutils-8.24/sha1sum.bc>:sha1_finish_ctx:%41	</home/anonymous/eqlog-steensgaard-analysis-benchmark/benchmarks/coreutils-8.24/sha1sum.bc>:sha1_finish_ctx:%arraydecay
</home/anonymous/eqlog-steensgaard-analysis-benchmark/benchmarks/coreutils-8.24/sha1sum.bc>:sha1_finish_ctx:%cond	</home/anonymous/eqlog-steensgaard-analysis-benchmark/benchmarks/coreutils-8.24/sha1sum.bc>:sha1_finish_ctx:16:0:16
</home/anonymous/eqlog-steensgaard-analysis-benchmark/benchmarks/coreutils-8.24/sha1sum.bc>:sha1_finish_ctx:%cond	</home/anonymous/eqlog-steensgaard-analysis-benchmark/benchmarks/coreutils-8.24/sha1sum.bc>:sha1_finish_ctx:16:1:32
</home/anonymous/eqlog-steensgaard-analysis-benchmark/benchmarks/coreutils-8.24/sha1sum.bc>:sha1_process_block:%1	</home/anonymous/eqlog-steensgaard-analysis-benchmark/benchmarks/coreutils-8.24/sha1sum.bc>:sha1_process_block:%0
</home/anonymous/eqlog-steensgaard-analysis-benchmark/benchmarks/coreutils-8.24/sha1sum.bc>:sha1_process_bytes:%71	</home/anonymous/eqlog-steensgaard-analysis-benchmark/benchmarks/coreutils-8.24/sha1sum.bc>:sha1_process_bytes:%arrayidx65
</home/anonymous/eqlog-steensgaard-analysis-benchmark/benchmarks/coreutils-8.24/sha1sum.bc>:sha1_process_bytes:%69	</home/anonymous/eqlog-steensgaard-analysis-benchmark/benchmarks/coreutils-8.24/sha1sum.bc>:sha1_process_bytes:%buffer63
</home/anonymous/eqlog-steensgaard-analysis-benchmark/benchmarks/coreutils-8.24/sha1sum.bc>:sha1_process_bytes:%65	</home/anonymous/eqlog-steensgaard-analysis-benchmark/benchmarks/coreutils-8.24/sha1sum.bc>:sha1_process_bytes:%arraydecay61
</home/anonymous/eqlog-steensgaard-analysis-benchmark/benchmarks/coreutils-8.24/sha1sum.bc>:sha1_process_bytes:%58	</home/anonymous/eqlog-steensgaard-analysis-benchmark/benchmarks/coreutils-8.24/sha1sum.bc>:sha1_process_bytes:%arraydecay54
</home/anonymous/eqlog-steensgaard-analysis-benchmark/benchmarks/coreutils-8.24/sha1sum.bc>:sha1_process_bytes:%42	</home/anonymous/eqlog-steensgaard-analysis-benchmark/benchmarks/coreutils-8.24/sha1sum.bc>:sha1_process_bytes:%buffer38
</home/anonymous/eqlog-steensgaard-analysis-benchmark/benchmarks/coreutils-8.24/sha1sum.bc>:sha1_process_bytes:%39	</home/anonymous/eqlog-steensgaard-analysis-benchmark/benchmarks/coreutils-8.24/sha1sum.bc>:sha1_process_bytes:%38
</home/anonymous/eqlog-steensgaard-analysis-benchmark/benchmarks/coreutils-8.24/sha1sum.bc>:sha1_process_bytes:%30	</home/anonymous/eqlog-steensgaard-analysis-benchmark/benchmarks/coreutils-8.24/sha1sum.bc>:sha1_process_bytes:%arraydecay24
</home/anonymous/eqlog-steensgaard-analysis-benchmark/benchmarks/coreutils-8.24/sha1sum.bc>:sha1_process_bytes:%26	</home/anonymous/eqlog-steensgaard-analysis-benchmark/benchmarks/coreutils-8.24/sha1sum.bc>:sha1_process_bytes:%buffer20
</home/anonymous/eqlog-steensgaard-analysis-benchmark/benchmarks/coreutils-8.24/sha1sum.bc>:sha1_process_bytes:%19	</home/anonymous/eqlog-steensgaard-analysis-benchmark/benchmarks/coreutils-8.24/sha1sum.bc>:sha1_process_bytes:%arraydecay15
</home/anonymous/eqlog-steensgaard-analysis-benchmark/benchmarks/coreutils-8.24/sha1sum.bc>:sha1_process_bytes:%10	</home/anonymous/eqlog-steensgaard-analysis-benchmark/benchmarks/coreutils-8.24/sha1sum.bc>:sha1_process_bytes:%arraydecay
</home/anonymous/eqlog-steensgaard-analysis-benchmark/benchmarks/coreutils-8.24/sha1sum.bc>:sha1_process_bytes:%cond	</home/anonymous/eqlog-steensgaard-analysis-benchmark/benchmarks/coreutils-8.24/sha1sum.bc>:sha1_process_bytes:%sub4
</home/anonymous/eqlog-steensgaard-analysis-benchmark/benchmarks/coreutils-8.24/sha1sum.bc>:sha1_process_bytes:%cond	</home/anonymous/eqlog-steensgaard-analysis-benchmark/benchmarks/coreutils-8.24/sha1sum.bc>:sha1_process_bytes:%6
</home/anonymous/eqlog-steensgaard-analysis-benchmark/benchmarks/coreutils-8.24/sha1sum.bc>:set_uint32:%1	</home/anonymous/eqlog-steensgaard-analysis-benchmark/benchmarks/coreutils-8.24/sha1sum.bc>:set_uint32:%v.addr
</home/anonymous/eqlog-steensgaard-analysis-benchmark/benchmarks/coreutils-8.24/sha1sum.bc>:set_program_name:%sub.ptr.rhs.cast	</home/anonymous/eqlog-steensgaard-analysis-benchmark/benchmarks/coreutils-8.24/sha1sum.bc>:set_program_name:%7
</home/anonymous/eqlog-steensgaard-analysis-benchmark/benchmarks/coreutils-8.24/sha1sum.bc>:set_program_name:%sub.ptr.lhs.cast	</home/anonymous/eqlog-steensgaard-analysis-benchmark/benchmarks/coreutils-8.24/sha1sum.bc>:set_program_name:%6
</home/anonymous/eqlog-steensgaard-analysis-benchmark/benchmarks/coreutils-8.24/sha1sum.bc>:set_program_name:%cond	</home/anonymous/eqlog-steensgaard-analysis-benchmark/benchmarks/coreutils-8.24/sha1sum.bc>:set_program_name:%5
</home/anonymous/eqlog-steensgaard-analysis-benchmark/benchmarks/coreutils-8.24/sha1sum.bc>:set_program_name:%cond	</home/anonymous/eqlog-steensgaard-analysis-benchmark/benchmarks/coreutils-8.24/sha1sum.bc>:set_program_name:%add.ptr
</home/anonymous/eqlog-steensgaard-analysis-benchmark/benchmarks/coreutils-8.24/sha1sum.bc>:set_char_quoting:%cond	</home/anonymous/eqlog-steensgaard-analysis-benchmark/benchmarks/coreutils-8.24/sha1sum.bc>:set_char_quoting:23:0:@default_quoting_options
</home/anonymous/eqlog-steensgaard-analysis-benchmark/benchmarks/coreutils-8.24/sha1sum.bc>:set_char_quoting:%cond	</home/anonymous/eqlog-steensgaard-analysis-benchmark/benchmarks/coreutils-8.24/sha1sum.bc>:set_char_quoting:%2
</home/anonymous/eqlog-steensgaard-analysis-benchmark/benchmarks/coreutils-8.24/sha1sum.bc>:quotearg_char_mem:%0	</home/anonymous/eqlog-steensgaard-analysis-benchmark/benchmarks/coreutils-8.24/sha1sum.bc>:quotearg_char_mem:%options
</home/anonymous/eqlog-steensgaard-analysis-benchmark/benchmarks/coreutils-8.24/sha1sum.bc>:quotearg_buffer_restyled:%171	</home/anonymous/eqlog-steensgaard-analysis-benchmark/benchmarks/coreutils-8.24/sha1sum.bc>:quotearg_buffer_restyled:626:0:false
</home/anonymous/eqlog-steensgaard-analysis-benchmark/benchmarks/coreutils-8.24/sha1sum.bc>:quotearg_buffer_restyled:%171	</home/anonymous/eqlog-steensgaard-analysis-benchmark/benchmarks/coreutils-8.24/sha1sum.bc>:quotearg_buffer_restyled:%tobool318
</home/anonymous/eqlog-steensgaard-analysis-benchmark/benchmarks/coreutils-8.24/sha1sum.bc>:quotearg_buffer_restyled:%152	</home/anonymous/eqlog-steensgaard-analysis-benchmark/benchmarks/coreutils-8.24/sha1sum.bc>:quotearg_buffer_restyled:%mbstate
</home/anonymous/eqlog-steensgaard-analysis-benchmark/benchmarks/coreutils-8.24/sha1sum.bc>:quotearg_buffer_restyled:%cond61	</home/anonymous/eqlog-steensgaard-analysis-benchmark/benchmarks/coreutils-8.24/sha1sum.bc>:quotearg_buffer_restyled:%44
</home/anonymous/eqlog-steensgaard-analysis-benchmark/benchmarks/coreutils-8.24/sha1sum.bc>:quotearg_buffer_restyled:%cond61	</home/anonymous/eqlog-steensgaard-analysis-benchmark/benchmarks/coreutils-8.24/sha1sum.bc>:quotearg_buffer_restyled:%call58
</home/anonymous/eqlog-steensgaard-analysis-benchmark/benchmarks/coreutils-8.24/sha1sum.bc>:quotearg_buffer_restyled:%cond	</home/anonymous/eqlog-steensgaard-analysis-benchmark/benchmarks/coreutils-8.24/sha1sum.bc>:quotearg_buffer_restyled:%conv45
</home/anonymous/eqlog-steensgaard-analysis-benchmark/benchmarks/coreutils-8.24/sha1sum.bc>:quotearg_buffer_restyled:%cond	</home/anonymous/eqlog-steensgaard-analysis-benchmark/benchmarks/coreutils-8.24/sha1sum.bc>:quotearg_buffer_restyled:%conv43
</home/anonymous/eqlog-steensgaard-analysis-benchmark/benchmarks/coreutils-8.24/sha1sum.bc>:quotearg_n_options:%19	</home/anonymous/eqlog-steensgaard-analysis-benchmark/benchmarks/coreutils-8.24/sha1sum.bc>:quotearg_n_options:%add.ptr
</home/anonymous/eqlog-steensgaard-analysis-benchmark/benchmarks/coreutils-8.24/sha1sum.bc>:quotearg_n_options:%16	</home/anonymous/eqlog-steensgaard-analysis-benchmark/benchmarks/coreutils-8.24/sha1sum.bc>:quotearg_n_options:%15
</home/anonymous/eqlog-steensgaard-analysis-benchmark/benchmarks/coreutils-8.24/sha1sum.bc>:quotearg_n_options:%13	</home/anonymous/eqlog-steensgaard-analysis-benchmark/benchmarks/coreutils-8.24/sha1sum.bc>:quotearg_n_options:%call10
</home/anonymous/eqlog-steensgaard-analysis-benchmark/benchmarks/coreutils-8.24/sha1sum.bc>:quotearg_n_options:%11	</home/anonymous/eqlog-steensgaard-analysis-benchmark/benchmarks/coreutils-8.24/sha1sum.bc>:quotearg_n_options:%cond
</home/anonymous/eqlog-steensgaard-analysis-benchmark/benchmarks/coreutils-8.24/sha1sum.bc>:quotearg_n_options:%cond	</home/anonymous/eqlog-steensgaard-analysis-benchmark/benchmarks/coreutils-8.24/sha1sum.bc>:quotearg_n_options:61:0:null
</home/anonymous/eqlog-steensgaard-analysis-benchmark/benchmarks/coreutils-8.24/sha1sum.bc>:quotearg_n_options:%cond	</home/anonymous/eqlog-steensgaard-analysis-benchmark/benchmarks/coreutils-8.24/sha1sum.bc>:quotearg_n_options:%10
</home/anonymous/eqlog-steensgaard-analysis-benchmark/benchmarks/coreutils-8.24/sha1sum.bc>:gettext_quote:%cond20	</home/anonymous/eqlog-steensgaard-analysis-benchmark/benchmarks/coreutils-8.24/sha1sum.bc>:gettext_quote:49:0:getelementptr inbounds ([2 x i8], [2 x i8]* @.str.8.114, i32 0, i32 0)
</home/anonymous/eqlog-steensgaard-analysis-benchmark/benchmarks/coreutils-8.24/sha1sum.bc>:gettext_quote:%cond20	</home/anonymous/eqlog-steensgaard-analysis-benchmark/benchmarks/coreutils-8.24/sha1sum.bc>:gettext_quote:49:4:getelementptr inbounds ([2 x i8], [2 x i8]* @.str.10.115, i32 0, i32 0)
</home/anonymous/eqlog-steensgaard-analysis-benchmark/benchmarks/coreutils-8.24/sha1sum.bc>:gettext_quote:%cond16	</home/anonymous/eqlog-steensgaard-analysis-benchmark/benchmarks/coreutils-8.24/sha1sum.bc>:gettext_quote:44:0:getelementptr inbounds ([4 x i8], [4 x i8]* @.str.15.112, i32 0, i32 0)
</home/anonymous/eqlog-steensgaard-analysis-benchmark/benchmarks/coreutils-8.24/sha1sum.bc>:gettext_quote:%cond16	</home/anonymous/eqlog-steensgaard-analysis-benchmark/benchmarks/coreutils-8.24/sha1sum.bc>:gettext_quote:44:4:getelementptr inbounds ([3 x i8], [3 x i8]* @.str.16.113, i32 0, i32 0)
</home/anonymous/eqlog-steensgaard-analysis-benchmark/benchmarks/coreutils-8.24/sha1sum.bc>:gettext_quote:%cond	</home/anonymous/eqlog-steensgaard-analysis-benchmark/benchmarks/coreutils-8.24/sha1sum.bc>:gettext_quote:32:0:getelementptr inbounds ([4 x i8], [4 x i8]* @.str.12.109, i32 0, i32 0)
</home/anonymous/eqlog-steensgaard-analysis-benchmark/benchmarks/coreutils-8.24/sha1sum.bc>:gettext_quote:%cond	</home/anonymous/eqlog-steensgaard-analysis-benchmark/benchmarks/coreutils-8.24/sha1sum.bc>:gettext_quote:32:4:getelementptr inbounds ([4 x i8], [4 x i8]* @.str.13.110, i32 0, i32 0)
</home/anonymous/eqlog-steensgaard-analysis-benchmark/benchmarks/coreutils-8.24/sha1sum.bc>:version_etc_va:%9	</home/anonymous/eqlog-steensgaard-analysis-benchmark/benchmarks/coreutils-8.24/sha1sum.bc>:version_etc_va:49:0:false
</home/anonymous/eqlog-steensgaard-analysis-benchmark/benchmarks/coreutils-8.24/sha1sum.bc>:version_etc_va:%9	</home/anonymous/eqlog-steensgaard-analysis-benchmark/benchmarks/coreutils-8.24/sha1sum.bc>:version_etc_va:%cmp1
</home/anonymous/eqlog-steensgaard-analysis-benchmark/benchmarks/coreutils-8.24/sha1sum.bc>:version_etc_va:%vaarg.addr	</home/anonymous/eqlog-steensgaard-analysis-benchmark/benchmarks/coreutils-8.24/sha1sum.bc>:version_etc_va:%6
</home/anonymous/eqlog-steensgaard-analysis-benchmark/benchmarks/coreutils-8.24/sha1sum.bc>:version_etc_va:%vaarg.addr	</home/anonymous/eqlog-steensgaard-analysis-benchmark/benchmarks/coreutils-8.24/sha1sum.bc>:version_etc_va:%4
</home/anonymous/eqlog-steensgaard-analysis-benchmark/benchmarks/coreutils-8.24/sha1sum.bc>:version_etc_va:%6	</home/anonymous/eqlog-steensgaard-analysis-benchmark/benchmarks/coreutils-8.24/sha1sum.bc>:version_etc_va:%overflow_arg_area
</home/anonymous/eqlog-steensgaard-analysis-benchmark/benchmarks/coreutils-8.24/sha1sum.bc>:version_etc_va:%4	</home/anonymous/eqlog-steensgaard-analysis-benchmark/benchmarks/coreutils-8.24/sha1sum.bc>:version_etc_va:%3
</home/anonymous/eqlog-steensgaard-analysis-benchmark/benchmarks/coreutils-8.24/sha1sum.bc>:version_etc:%arraydecay34	</home/anonymous/eqlog-steensgaard-analysis-benchmark/benchmarks/coreutils-8.24/sha1sum.bc>:version_etc:%arraydecay3
</home/anonymous/eqlog-steensgaard-analysis-benchmark/benchmarks/coreutils-8.24/sha1sum.bc>:version_etc:%arraydecay1	</home/anonymous/eqlog-steensgaard-analysis-benchmark/benchmarks/coreutils-8.24/sha1sum.bc>:version_etc:%arraydecay
</home/anonymous/eqlog-steensgaard-analysis-benchmark/benchmarks/coreutils-8.24/sha1sum.bc>:rpl_fcntl:%arraydecay4142	</home/anonymous/eqlog-steensgaard-analysis-benchmark/benchmarks/coreutils-8.24/sha1sum.bc>:rpl_fcntl:%arraydecay41
</home/anonymous/eqlog-steensgaard-analysis-benchmark/benchmarks/coreutils-8.24/sha1sum.bc>:rpl_fcntl:%vaarg.addr39	</home/anonymous/eqlog-steensgaard-analysis-benchmark/benchmarks/coreutils-8.24/sha1sum.bc>:rpl_fcntl:%31
</home/anonymous/eqlog-steensgaard-analysis-benchmark/benchmarks/coreutils-8.24/sha1sum.bc>:rpl_fcntl:%vaarg.addr39	</home/anonymous/eqlog-steensgaard-analysis-benchmark/benchmarks/coreutils-8.24/sha1sum.bc>:rpl_fcntl:%29
</home/anonymous/eqlog-steensgaard-analysis-benchmark/benchmarks/coreutils-8.24/sha1sum.bc>:rpl_fcntl:%31	</home/anonymous/eqlog-steensgaard-analysis-benchmark/benchmarks/coreutils-8.24/sha1sum.bc>:rpl_fcntl:%overflow_arg_area36
</home/anonymous/eqlog-steensgaard-analysis-benchmark/benchmarks/coreutils-8.24/sha1sum.bc>:rpl_fcntl:%29	</home/anonymous/eqlog-steensgaard-analysis-benchmark/benchmarks/coreutils-8.24/sha1sum.bc>:rpl_fcntl:%28
</home/anonymous/eqlog-steensgaard-analysis-benchmark/benchmarks/coreutils-8.24/sha1sum.bc>:rpl_fcntl:%vaarg.addr	</home/anonymous/eqlog-steensgaard-analysis-benchmark/benchmarks/coreutils-8.24/sha1sum.bc>:rpl_fcntl:%5
</home/anonymous/eqlog-steensgaard-analysis-benchmark/benchmarks/coreutils-8.24/sha1sum.bc>:rpl_fcntl:%vaarg.addr	</home/anonymous/eqlog-steensgaard-analysis-benchmark/benchmarks/coreutils-8.24/sha1sum.bc>:rpl_fcntl:%3
</home/anonymous/eqlog-steensgaard-analysis-benchmark/benchmarks/coreutils-8.24/sha1sum.bc>:rpl_fcntl:%5	</home/anonymous/eqlog-steensgaard-analysis-benchmark/benchmarks/coreutils-8.24/sha1sum.bc>:rpl_fcntl:%overflow_arg_area
</home/anonymous/eqlog-steensgaard-analysis-benchmark/benchmarks/coreutils-8.24/sha1sum.bc>:rpl_fcntl:%3	</home/anonymous/eqlog-steensgaard-analysis-benchmark/benchmarks/coreutils-8.24/sha1sum.bc>:rpl_fcntl:%2
</home/anonymous/eqlog-steensgaard-analysis-benchmark/benchmarks/coreutils-8.24/sha1sum.bc>:rpl_fcntl:%arraydecay1	</home/anonymous/eqlog-steensgaard-analysis-benchmark/benchmarks/coreutils-8.24/sha1sum.bc>:rpl_fcntl:%arraydecay
</home/anonymous/eqlog-steensgaard-analysis-benchmark/benchmarks/coreutils-8.24/sha1sum.bc>:get_charset_aliases:%42	</home/anonymous/eqlog-steensgaard-analysis-benchmark/benchmarks/coreutils-8.24/sha1sum.bc>:get_charset_aliases:166:0:true
</home/anonymous/eqlog-steensgaard-analysis-benchmark/benchmarks/coreutils-8.24/sha1sum.bc>:get_charset_aliases:%42	</home/anonymous/eqlog-steensgaard-analysis-benchmark/benchmarks/coreutils-8.24/sha1sum.bc>:get_charset_aliases:%cmp61
</home/anonymous/eqlog-steensgaard-analysis-benchmark/benchmarks/coreutils-8.24/sha1sum.bc>:get_charset_aliases:%11	</home/anonymous/eqlog-steensgaard-analysis-benchmark/benchmarks/coreutils-8.24/sha1sum.bc>:get_charset_aliases:61:0:false
</home/anonymous/eqlog-steensgaard-analysis-benchmark/benchmarks/coreutils-8.24/sha1sum.bc>:get_charset_aliases:%11	</home/anonymous/eqlog-steensgaard-analysis-benchmark/benchmarks/coreutils-8.24/sha1sum.bc>:get_charset_aliases:%lnot
</home/anonymous/eqlog-steensgaard-analysis-benchmark/benchmarks/coreutils-8.24/sha1sum.bc>:c_tolower:%cond	</home/anonymous/eqlog-steensgaard-analysis-benchmark/benchmarks/coreutils-8.24/sha1sum.bc>:c_tolower:%3
</home/anonymous/eqlog-steensgaard-analysis-benchmark/benchmarks/coreutils-8.24/sha1sum.bc>:c_tolower:%cond	</home/anonymous/eqlog-steensgaard-analysis-benchmark/benchmarks/coreutils-8.24/sha1sum.bc>:c_tolower:%add
