</home/anonymous/eqlog-steensgaard-analysis-benchmark/benchmarks/coreutils-8.24/echo.bc>:main:%22	</home/anonymous/eqlog-steensgaard-analysis-benchmark/benchmarks/coreutils-8.24/echo.bc>:main:92:0:false
</home/anonymous/eqlog-steensgaard-analysis-benchmark/benchmarks/coreutils-8.24/echo.bc>:main:%22	</home/anonymous/eqlog-steensgaard-analysis-benchmark/benchmarks/coreutils-8.24/echo.bc>:main:%cmp25
</home/anonymous/eqlog-steensgaard-analysis-benchmark/benchmarks/coreutils-8.24/echo.bc>:main:%4	</home/anonymous/eqlog-steensgaard-analysis-benchmark/benchmarks/coreutils-8.24/echo.bc>:main:33:0:true
</home/anonymous/eqlog-steensgaard-analysis-benchmark/benchmarks/coreutils-8.24/echo.bc>:main:%4	</home/anonymous/eqlog-steensgaard-analysis-benchmark/benchmarks/coreutils-8.24/echo.bc>:main:%3
</home/anonymous/eqlog-steensgaard-analysis-benchmark/benchmarks/coreutils-8.24/echo.bc>:main:%3	</home/anonymous/eqlog-steensgaard-analysis-benchmark/benchmarks/coreutils-8.24/echo.bc>:main:31:0:false
</home/anonymous/eqlog-steensgaard-analysis-benchmark/benchmarks/coreutils-8.24/echo.bc>:main:%3	</home/anonymous/eqlog-steensgaard-analysis-benchmark/benchmarks/coreutils-8.24/echo.bc>:main:%cmp2
</home/anonymous/eqlog-steensgaard-analysis-benchmark/benchmarks/coreutils-8.24/echo.bc>:emit_ancillary_info:%cond	</home/anonymous/eqlog-steensgaard-analysis-benchmark/benchmarks/coreutils-8.24/echo.bc>:emit_ancillary_info:65:0:getelementptr inbounds ([12 x i8], [12 x i8]* @.str.35, i32 0, i32 0)
</home/anonymous/eqlog-steensgaard-analysis-benchmark/benchmarks/coreutils-8.24/echo.bc>:emit_ancillary_info:%cond	</home/anonymous/eqlog-steensgaard-analysis-benchmark/benchmarks/coreutils-8.24/echo.bc>:emit_ancillary_info:65:4:getelementptr inbounds ([1 x i8], [1 x i8]* @.str.12, i32 0, i32 0)
</home/anonymous/eqlog-steensgaard-analysis-benchmark/benchmarks/coreutils-8.24/echo.bc>:emit_ancillary_info:%6	</home/anonymous/eqlog-steensgaard-analysis-benchmark/benchmarks/coreutils-8.24/echo.bc>:emit_ancillary_info:25:0:false
</home/anonymous/eqlog-steensgaard-analysis-benchmark/benchmarks/coreutils-8.24/echo.bc>:emit_ancillary_info:%6	</home/anonymous/eqlog-steensgaard-analysis-benchmark/benchmarks/coreutils-8.24/echo.bc>:emit_ancillary_info:%lnot
</home/anonymous/eqlog-steensgaard-analysis-benchmark/benchmarks/coreutils-8.24/echo.bc>:set_program_name:%sub.ptr.rhs.cast	</home/anonymous/eqlog-steensgaard-analysis-benchmark/benchmarks/coreutils-8.24/echo.bc>:set_program_name:%7
</home/anonymous/eqlog-steensgaard-analysis-benchmark/benchmarks/coreutils-8.24/echo.bc>:set_program_name:%sub.ptr.lhs.cast	</home/anonymous/eqlog-steensgaard-analysis-benchmark/benchmarks/coreutils-8.24/echo.bc>:set_program_name:%6
</home/anonymous/eqlog-steensgaard-analysis-benchmark/benchmarks/coreutils-8.24/echo.bc>:set_program_name:%cond	</home/anonymous/eqlog-steensgaard-analysis-benchmark/benchmarks/coreutils-8.24/echo.bc>:set_program_name:%5
</home/anonymous/eqlog-steensgaard-analysis-benchmark/benchmarks/coreutils-8.24/echo.bc>:set_program_name:%cond	</home/anonymous/eqlog-steensgaard-analysis-benchmark/benchmarks/coreutils-8.24/echo.bc>:set_program_name:%add.ptr
</home/anonymous/eqlog-steensgaard-analysis-benchmark/benchmarks/coreutils-8.24/echo.bc>:version_etc_va:%9	</home/anonymous/eqlog-steensgaard-analysis-benchmark/benchmarks/coreutils-8.24/echo.bc>:version_etc_va:49:0:false
</home/anonymous/eqlog-steensgaard-analysis-benchmark/benchmarks/coreutils-8.24/echo.bc>:version_etc_va:%9	</home/anonymous/eqlog-steensgaard-analysis-benchmark/benchmarks/coreutils-8.24/echo.bc>:version_etc_va:%cmp1
</home/anonymous/eqlog-steensgaard-analysis-benchmark/benchmarks/coreutils-8.24/echo.bc>:version_etc_va:%vaarg.addr	</home/anonymous/eqlog-steensgaard-analysis-benchmark/benchmarks/coreutils-8.24/echo.bc>:version_etc_va:%6
</home/anonymous/eqlog-steensgaard-analysis-benchmark/benchmarks/coreutils-8.24/echo.bc>:version_etc_va:%vaarg.addr	</home/anonymous/eqlog-steensgaard-analysis-benchmark/benchmarks/coreutils-8.24/echo.bc>:version_etc_va:%4
</home/anonymous/eqlog-steensgaard-analysis-benchmark/benchmarks/coreutils-8.24/echo.bc>:version_etc_va:%6	</home/anonymous/eqlog-steensgaard-analysis-benchmark/benchmarks/coreutils-8.24/echo.bc>:version_etc_va:%overflow_arg_area
</home/anonymous/eqlog-steensgaard-analysis-benchmark/benchmarks/coreutils-8.24/echo.bc>:version_etc_va:%4	</home/anonymous/eqlog-steensgaard-analysis-benchmark/benchmarks/coreutils-8.24/echo.bc>:version_etc_va:%3
</home/anonymous/eqlog-steensgaard-analysis-benchmark/benchmarks/coreutils-8.24/echo.bc>:version_etc:%arraydecay34	</home/anonymous/eqlog-steensgaard-analysis-benchmark/benchmarks/coreutils-8.24/echo.bc>:version_etc:%arraydecay3
</home/anonymous/eqlog-steensgaard-analysis-benchmark/benchmarks/coreutils-8.24/echo.bc>:version_etc:%arraydecay1	</home/anonymous/eqlog-steensgaard-analysis-benchmark/benchmarks/coreutils-8.24/echo.bc>:version_etc:%arraydecay
