*argv-alloc[0]	*argv-alloc[*]
*argv-alloc[1]	*argv-alloc[*]
*argv-alloc[2]	*argv-alloc[*]
*argv-alloc[3]	*argv-alloc[*]
*argv-alloc[4]	*argv-alloc[*]
*argv-alloc[5]	*argv-alloc[*]
*argv-alloc[6]	*argv-alloc[*]
*argv-alloc[7]	*argv-alloc[*]
*argv-alloc[8]	*argv-alloc[*]
*global_alloc@stdout[0]	*global_alloc@stdout[*]
*global_alloc@stdout[1]	*global_alloc@stdout[*]
*global_alloc@stdout[2]	*global_alloc@stdout[*]
*global_alloc@stdout[3]	*global_alloc@stdout[*]
*global_alloc@stdout[4]	*global_alloc@stdout[*]
*global_alloc@stdout[5]	*global_alloc@stdout[*]
*global_alloc@stdout[6]	*global_alloc@stdout[*]
*global_alloc@stdout[7]	*global_alloc@stdout[*]
*global_alloc@stdout[8]	*global_alloc@stdout[*]
*global_alloc@optind[0]	*global_alloc@optind[*]
*global_alloc@optind[2]	*global_alloc@optind[*]
*global_alloc@environ[0]	*global_alloc@environ[*]
*global_alloc@environ[1]	*global_alloc@environ[*]
*global_alloc@environ[2]	*global_alloc@environ[*]
*global_alloc@environ[3]	*global_alloc@environ[*]
*global_alloc@environ[4]	*global_alloc@environ[*]
*global_alloc@environ[5]	*global_alloc@environ[*]
*global_alloc@environ[6]	*global_alloc@environ[*]
*global_alloc@environ[7]	*global_alloc@environ[*]
*global_alloc@environ[8]	*global_alloc@environ[*]
*global_alloc@stderr[0]	*global_alloc@stderr[*]
*global_alloc@stderr[1]	*global_alloc@stderr[*]
*global_alloc@stderr[2]	*global_alloc@stderr[*]
*global_alloc@stderr[3]	*global_alloc@stderr[*]
*global_alloc@stderr[4]	*global_alloc@stderr[*]
*global_alloc@stderr[5]	*global_alloc@stderr[*]
*global_alloc@stderr[6]	*global_alloc@stderr[*]
*global_alloc@stderr[7]	*global_alloc@stderr[*]
*global_alloc@stderr[8]	*global_alloc@stderr[*]
*global_alloc@.str[0]	*global_alloc@.str[*]
*global_alloc@.str.1[0]	*global_alloc@.str.1[*]
*global_alloc@.str.2[0]	*global_alloc@.str.2[*]
*global_alloc@.str.3[0]	*global_alloc@.str.3[*]
*global_alloc@.str.4[0]	*global_alloc@.str.4[*]
*global_alloc@.str.5[0]	*global_alloc@.str.5[*]
*global_alloc@.str.6[0]	*global_alloc@.str.6[*]
*global_alloc@.str.7[0]	*global_alloc@.str.7[*]
*global_alloc@.str.8[0]	*global_alloc@.str.8[*]
*global_alloc@.str.9[0]	*global_alloc@.str.9[*]
*global_alloc@longopts[0]	*global_alloc@longopts[*]
*global_alloc@.str.10[0]	*global_alloc@.str.10[*]
*global_alloc@.str.11[0]	*global_alloc@.str.11[*]
*global_alloc@.str.12[0]	*global_alloc@.str.12[*]
*global_alloc@.str.13[0]	*global_alloc@.str.13[*]
*global_alloc@emit_ancillary_info.infomap[0]	*global_alloc@emit_ancillary_info.infomap[*]
*global_alloc@.str.15[0]	*global_alloc@.str.15[*]
*global_alloc@.str.16[0]	*global_alloc@.str.16[*]
*global_alloc@.str.17[0]	*global_alloc@.str.17[*]
*global_alloc@.str.18[0]	*global_alloc@.str.18[*]
*global_alloc@.str.19[0]	*global_alloc@.str.19[*]
*global_alloc@.str.20[0]	*global_alloc@.str.20[*]
*global_alloc@.str.21[0]	*global_alloc@.str.21[*]
*global_alloc@.str.22[0]	*global_alloc@.str.22[*]
*global_alloc@.str.30[0]	*global_alloc@.str.30[*]
*global_alloc@.str.31[0]	*global_alloc@.str.31[*]
*global_alloc@.str.32[0]	*global_alloc@.str.32[*]
*global_alloc@.str.23[0]	*global_alloc@.str.23[*]
*global_alloc@.str.24[0]	*global_alloc@.str.24[*]
*global_alloc@.str.25[0]	*global_alloc@.str.25[*]
*global_alloc@.str.26[0]	*global_alloc@.str.26[*]
*global_alloc@.str.27[0]	*global_alloc@.str.27[*]
*global_alloc@.str.28[0]	*global_alloc@.str.28[*]
*global_alloc@.str.29[0]	*global_alloc@.str.29[*]
*global_alloc@.str.14[0]	*global_alloc@.str.14[*]
*global_alloc@Version[0]	*global_alloc@Version[*]
*global_alloc@.str.33[0]	*global_alloc@.str.33[*]
*global_alloc@file_name[0]	*global_alloc@file_name[*]
*global_alloc@ignore_EPIPE[0]	*global_alloc@ignore_EPIPE[*]
*global_alloc@.str.36[0]	*global_alloc@.str.36[*]
*global_alloc@.str.1.37[0]	*global_alloc@.str.1.37[*]
*global_alloc@.str.2.38[0]	*global_alloc@.str.2.38[*]
*global_alloc@exit_failure[0]	*global_alloc@exit_failure[*]
*global_alloc@program_name[0]	*global_alloc@program_name[*]
*global_alloc@program_invocation_short_name[0]	*global_alloc@program_invocation_short_name[*]
*global_alloc@program_invocation_short_name[1]	*global_alloc@program_invocation_short_name[*]
*global_alloc@program_invocation_short_name[2]	*global_alloc@program_invocation_short_name[*]
*global_alloc@program_invocation_short_name[3]	*global_alloc@program_invocation_short_name[*]
*global_alloc@program_invocation_short_name[4]	*global_alloc@program_invocation_short_name[*]
*global_alloc@program_invocation_short_name[5]	*global_alloc@program_invocation_short_name[*]
*global_alloc@program_invocation_short_name[6]	*global_alloc@program_invocation_short_name[*]
*global_alloc@program_invocation_short_name[7]	*global_alloc@program_invocation_short_name[*]
*global_alloc@program_invocation_short_name[8]	*global_alloc@program_invocation_short_name[*]
*global_alloc@program_invocation_name[0]	*global_alloc@program_invocation_name[*]
*global_alloc@program_invocation_name[1]	*global_alloc@program_invocation_name[*]
*global_alloc@program_invocation_name[2]	*global_alloc@program_invocation_name[*]
*global_alloc@program_invocation_name[3]	*global_alloc@program_invocation_name[*]
*global_alloc@program_invocation_name[4]	*global_alloc@program_invocation_name[*]
*global_alloc@program_invocation_name[5]	*global_alloc@program_invocation_name[*]
*global_alloc@program_invocation_name[6]	*global_alloc@program_invocation_name[*]
*global_alloc@program_invocation_name[7]	*global_alloc@program_invocation_name[*]
*global_alloc@program_invocation_name[8]	*global_alloc@program_invocation_name[*]
*global_alloc@.str.45[0]	*global_alloc@.str.45[*]
*global_alloc@.str.1.46[0]	*global_alloc@.str.1.46[*]
*global_alloc@.str.2.47[0]	*global_alloc@.str.2.47[*]
*global_alloc@quoting_style_args[0]	*global_alloc@quoting_style_args[*]
*global_alloc@quoting_style_vals[0]	*global_alloc@quoting_style_vals[*]
*global_alloc@quote_quoting_options[0]	*global_alloc@quote_quoting_options[*]
*global_alloc@default_quoting_options[0]	*global_alloc@default_quoting_options[*]
*global_alloc@slotvec[0]	*global_alloc@slotvec[*]
*global_alloc@nslots[0]	*global_alloc@nslots[*]
*global_alloc@slot0[0]	*global_alloc@slot0[*]
*global_alloc@slotvec0[0]	*global_alloc@slotvec0[*]
*global_alloc@.str.50[0]	*global_alloc@.str.50[*]
*global_alloc@.str.1.51[0]	*global_alloc@.str.1.51[*]
*global_alloc@.str.2.52[0]	*global_alloc@.str.2.52[*]
*global_alloc@.str.3.53[0]	*global_alloc@.str.3.53[*]
*global_alloc@.str.4.54[0]	*global_alloc@.str.4.54[*]
*global_alloc@.str.5.55[0]	*global_alloc@.str.5.55[*]
*global_alloc@.str.6.56[0]	*global_alloc@.str.6.56[*]
*global_alloc@.str.7.57[0]	*global_alloc@.str.7.57[*]
*global_alloc@.str.11.58[0]	*global_alloc@.str.11.58[*]
*global_alloc@.str.12.59[0]	*global_alloc@.str.12.59[*]
*global_alloc@.str.13.60[0]	*global_alloc@.str.13.60[*]
*global_alloc@.str.14.61[0]	*global_alloc@.str.14.61[*]
*global_alloc@.str.15.62[0]	*global_alloc@.str.15.62[*]
*global_alloc@.str.16.63[0]	*global_alloc@.str.16.63[*]
*global_alloc@.str.8.64[0]	*global_alloc@.str.8.64[*]
*global_alloc@.str.10.65[0]	*global_alloc@.str.10.65[*]
*global_alloc@.str.9.66[0]	*global_alloc@.str.9.66[*]
*global_alloc@.str.69[0]	*global_alloc@.str.69[*]
*global_alloc@.str.1.70[0]	*global_alloc@.str.1.70[*]
*global_alloc@.str.2.71[0]	*global_alloc@.str.2.71[*]
*global_alloc@.str.3.72[0]	*global_alloc@.str.3.72[*]
*global_alloc@.str.4.73[0]	*global_alloc@.str.4.73[*]
*global_alloc@.str.5.74[0]	*global_alloc@.str.5.74[*]
*global_alloc@.str.6.75[0]	*global_alloc@.str.6.75[*]
*global_alloc@.str.7.76[0]	*global_alloc@.str.7.76[*]
*global_alloc@.str.8.77[0]	*global_alloc@.str.8.77[*]
*global_alloc@.str.9.78[0]	*global_alloc@.str.9.78[*]
*global_alloc@.str.10.79[0]	*global_alloc@.str.10.79[*]
*global_alloc@.str.11.80[0]	*global_alloc@.str.11.80[*]
*global_alloc@.str.12.81[0]	*global_alloc@.str.12.81[*]
*global_alloc@.str.13.82[0]	*global_alloc@.str.13.82[*]
*global_alloc@.str.14.83[0]	*global_alloc@.str.14.83[*]
*global_alloc@.str.15.84[0]	*global_alloc@.str.15.84[*]
*global_alloc@.str.16.85[0]	*global_alloc@.str.16.85[*]
*global_alloc@.str.17.86[0]	*global_alloc@.str.17.86[*]
*global_alloc@.str.18.87[0]	*global_alloc@.str.18.87[*]
*global_alloc@.str.19.88[0]	*global_alloc@.str.19.88[*]
*global_alloc@version_etc_copyright[0]	*global_alloc@version_etc_copyright[*]
*global_alloc@.str.1.99[0]	*global_alloc@.str.1.99[*]
*global_alloc@.str.100[0]	*global_alloc@.str.100[*]
*global_alloc@.str.105[0]	*global_alloc@.str.105[*]
*global_alloc@.str.112[0]	*global_alloc@.str.112[*]
*global_alloc@.str.1.113[0]	*global_alloc@.str.1.113[*]
*global_alloc@charset_aliases[0]	*global_alloc@charset_aliases[*]
*global_alloc@.str.2.114[0]	*global_alloc@.str.2.114[*]
*global_alloc@.str.3.115[0]	*global_alloc@.str.3.115[*]
*global_alloc@.str.4.116[0]	*global_alloc@.str.4.116[*]
*global_alloc@.str.5.117[0]	*global_alloc@.str.5.117[*]
*global_alloc@.str.6.118[0]	*global_alloc@.str.6.118[*]
*global_alloc@.str[0][*]	*global_alloc@.str[*][*]
*global_alloc@.str.1[0][*]	*global_alloc@.str.1[*][*]
*global_alloc@.str.2[0][*]	*global_alloc@.str.2[*][*]
*global_alloc@.str.3[0][*]	*global_alloc@.str.3[*][*]
*global_alloc@.str.4[0][*]	*global_alloc@.str.4[*][*]
*global_alloc@.str.5[0][*]	*global_alloc@.str.5[*][*]
*global_alloc@.str.6[0][*]	*global_alloc@.str.6[*][*]
*global_alloc@.str.7[0][*]	*global_alloc@.str.7[*][*]
*global_alloc@.str.8[0][*]	*global_alloc@.str.8[*][*]
*global_alloc@.str.9[0][*]	*global_alloc@.str.9[*][*]
*global_alloc@longopts[0][*]	*global_alloc@longopts[*][*]
*global_alloc@longopts[*][0]	*global_alloc@longopts[*][*]
*global_alloc@longopts[*][1]	*global_alloc@longopts[*][*]
*global_alloc@longopts[*][2]	*global_alloc@longopts[*][*]
*global_alloc@longopts[*][3]	*global_alloc@longopts[*][*]
*global_alloc@longopts[0][0]	*global_alloc@longopts[*][*]
*global_alloc@longopts[0][1]	*global_alloc@longopts[*][*]
*global_alloc@longopts[0][2]	*global_alloc@longopts[*][*]
*global_alloc@longopts[0][3]	*global_alloc@longopts[*][*]
*global_alloc@.str.10[0][*]	*global_alloc@.str.10[*][*]
*global_alloc@.str.11[0][*]	*global_alloc@.str.11[*][*]
*global_alloc@.str.12[0][*]	*global_alloc@.str.12[*][*]
*global_alloc@.str.13[0][*]	*global_alloc@.str.13[*][*]
*global_alloc@emit_ancillary_info.infomap[0][*]	*global_alloc@emit_ancillary_info.infomap[*][*]
*global_alloc@emit_ancillary_info.infomap[*][0]	*global_alloc@emit_ancillary_info.infomap[*][*]
*global_alloc@emit_ancillary_info.infomap[*][1]	*global_alloc@emit_ancillary_info.infomap[*][*]
*global_alloc@emit_ancillary_info.infomap[*][2]	*global_alloc@emit_ancillary_info.infomap[*][*]
*global_alloc@emit_ancillary_info.infomap[*][3]	*global_alloc@emit_ancillary_info.infomap[*][*]
*global_alloc@emit_ancillary_info.infomap[*][4]	*global_alloc@emit_ancillary_info.infomap[*][*]
*global_alloc@emit_ancillary_info.infomap[*][5]	*global_alloc@emit_ancillary_info.infomap[*][*]
*global_alloc@emit_ancillary_info.infomap[*][6]	*global_alloc@emit_ancillary_info.infomap[*][*]
*global_alloc@emit_ancillary_info.infomap[0][0]	*global_alloc@emit_ancillary_info.infomap[*][*]
*global_alloc@emit_ancillary_info.infomap[0][1]	*global_alloc@emit_ancillary_info.infomap[*][*]
*global_alloc@emit_ancillary_info.infomap[0][2]	*global_alloc@emit_ancillary_info.infomap[*][*]
*global_alloc@emit_ancillary_info.infomap[0][3]	*global_alloc@emit_ancillary_info.infomap[*][*]
*global_alloc@emit_ancillary_info.infomap[0][4]	*global_alloc@emit_ancillary_info.infomap[*][*]
*global_alloc@emit_ancillary_info.infomap[0][5]	*global_alloc@emit_ancillary_info.infomap[*][*]
*global_alloc@emit_ancillary_info.infomap[0][6]	*global_alloc@emit_ancillary_info.infomap[*][*]
*global_alloc@.str.15[0][*]	*global_alloc@.str.15[*][*]
*global_alloc@.str.16[0][*]	*global_alloc@.str.16[*][*]
*global_alloc@.str.17[0][*]	*global_alloc@.str.17[*][*]
*global_alloc@.str.18[0][*]	*global_alloc@.str.18[*][*]
*global_alloc@.str.19[0][*]	*global_alloc@.str.19[*][*]
*global_alloc@.str.20[0][*]	*global_alloc@.str.20[*][*]
*global_alloc@.str.21[0][*]	*global_alloc@.str.21[*][*]
*global_alloc@.str.22[0][*]	*global_alloc@.str.22[*][*]
*global_alloc@.str.30[0][*]	*global_alloc@.str.30[*][*]
*global_alloc@.str.31[0][*]	*global_alloc@.str.31[*][*]
*global_alloc@.str.32[0][*]	*global_alloc@.str.32[*][*]
*global_alloc@.str.23[0][*]	*global_alloc@.str.23[*][*]
*global_alloc@.str.24[0][*]	*global_alloc@.str.24[*][*]
*global_alloc@.str.25[0][*]	*global_alloc@.str.25[*][*]
*global_alloc@.str.26[0][*]	*global_alloc@.str.26[*][*]
*global_alloc@.str.27[0][*]	*global_alloc@.str.27[*][*]
*global_alloc@.str.28[0][*]	*global_alloc@.str.28[*][*]
*global_alloc@.str.29[0][*]	*global_alloc@.str.29[*][*]
*global_alloc@.str.14[0][*]	*global_alloc@.str.14[*][*]
*global_alloc@.str.33[0][*]	*global_alloc@.str.33[*][*]
*global_alloc@.str.36[0][*]	*global_alloc@.str.36[*][*]
*global_alloc@.str.1.37[0][*]	*global_alloc@.str.1.37[*][*]
*global_alloc@.str.2.38[0][*]	*global_alloc@.str.2.38[*][*]
*global_alloc@.str.45[0][*]	*global_alloc@.str.45[*][*]
*global_alloc@.str.1.46[0][*]	*global_alloc@.str.1.46[*][*]
*global_alloc@.str.2.47[0][*]	*global_alloc@.str.2.47[*][*]
*global_alloc@quoting_style_args[0][*]	*global_alloc@quoting_style_args[*][*]
*global_alloc@quoting_style_args[*][0]	*global_alloc@quoting_style_args[*][*]
*global_alloc@quoting_style_args[*][1]	*global_alloc@quoting_style_args[*][*]
*global_alloc@quoting_style_args[*][2]	*global_alloc@quoting_style_args[*][*]
*global_alloc@quoting_style_args[*][3]	*global_alloc@quoting_style_args[*][*]
*global_alloc@quoting_style_args[*][4]	*global_alloc@quoting_style_args[*][*]
*global_alloc@quoting_style_args[*][5]	*global_alloc@quoting_style_args[*][*]
*global_alloc@quoting_style_args[*][6]	*global_alloc@quoting_style_args[*][*]
*global_alloc@quoting_style_args[*][7]	*global_alloc@quoting_style_args[*][*]
*global_alloc@quoting_style_args[*][8]	*global_alloc@quoting_style_args[*][*]
*global_alloc@quoting_style_args[0][0]	*global_alloc@quoting_style_args[*][*]
*global_alloc@quoting_style_args[0][1]	*global_alloc@quoting_style_args[*][*]
*global_alloc@quoting_style_args[0][2]	*global_alloc@quoting_style_args[*][*]
*global_alloc@quoting_style_args[0][3]	*global_alloc@quoting_style_args[*][*]
*global_alloc@quoting_style_args[0][4]	*global_alloc@quoting_style_args[*][*]
*global_alloc@quoting_style_args[0][5]	*global_alloc@quoting_style_args[*][*]
*global_alloc@quoting_style_args[0][6]	*global_alloc@quoting_style_args[*][*]
*global_alloc@quoting_style_args[0][7]	*global_alloc@quoting_style_args[*][*]
*global_alloc@quoting_style_args[0][8]	*global_alloc@quoting_style_args[*][*]
*global_alloc@quoting_style_vals[0][*]	*global_alloc@quoting_style_vals[*][*]
*global_alloc@slot0[0][*]	*global_alloc@slot0[*][*]
*global_alloc@.str.50[0][*]	*global_alloc@.str.50[*][*]
*global_alloc@.str.1.51[0][*]	*global_alloc@.str.1.51[*][*]
*global_alloc@.str.2.52[0][*]	*global_alloc@.str.2.52[*][*]
*global_alloc@.str.3.53[0][*]	*global_alloc@.str.3.53[*][*]
*global_alloc@.str.4.54[0][*]	*global_alloc@.str.4.54[*][*]
*global_alloc@.str.5.55[0][*]	*global_alloc@.str.5.55[*][*]
*global_alloc@.str.6.56[0][*]	*global_alloc@.str.6.56[*][*]
*global_alloc@.str.7.57[0][*]	*global_alloc@.str.7.57[*][*]
*global_alloc@.str.11.58[0][*]	*global_alloc@.str.11.58[*][*]
*global_alloc@.str.12.59[0][*]	*global_alloc@.str.12.59[*][*]
*global_alloc@.str.13.60[0][*]	*global_alloc@.str.13.60[*][*]
*global_alloc@.str.14.61[0][*]	*global_alloc@.str.14.61[*][*]
*global_alloc@.str.15.62[0][*]	*global_alloc@.str.15.62[*][*]
*global_alloc@.str.16.63[0][*]	*global_alloc@.str.16.63[*][*]
*global_alloc@.str.8.64[0][*]	*global_alloc@.str.8.64[*][*]
*global_alloc@.str.10.65[0][*]	*global_alloc@.str.10.65[*][*]
*global_alloc@.str.9.66[0][*]	*global_alloc@.str.9.66[*][*]
*global_alloc@.str.69[0][*]	*global_alloc@.str.69[*][*]
*global_alloc@.str.1.70[0][*]	*global_alloc@.str.1.70[*][*]
*global_alloc@.str.2.71[0][*]	*global_alloc@.str.2.71[*][*]
*global_alloc@.str.3.72[0][*]	*global_alloc@.str.3.72[*][*]
*global_alloc@.str.4.73[0][*]	*global_alloc@.str.4.73[*][*]
*global_alloc@.str.5.74[0][*]	*global_alloc@.str.5.74[*][*]
*global_alloc@.str.6.75[0][*]	*global_alloc@.str.6.75[*][*]
*global_alloc@.str.7.76[0][*]	*global_alloc@.str.7.76[*][*]
*global_alloc@.str.8.77[0][*]	*global_alloc@.str.8.77[*][*]
*global_alloc@.str.9.78[0][*]	*global_alloc@.str.9.78[*][*]
*global_alloc@.str.10.79[0][*]	*global_alloc@.str.10.79[*][*]
*global_alloc@.str.11.80[0][*]	*global_alloc@.str.11.80[*][*]
*global_alloc@.str.12.81[0][*]	*global_alloc@.str.12.81[*][*]
*global_alloc@.str.13.82[0][*]	*global_alloc@.str.13.82[*][*]
*global_alloc@.str.14.83[0][*]	*global_alloc@.str.14.83[*][*]
*global_alloc@.str.15.84[0][*]	*global_alloc@.str.15.84[*][*]
*global_alloc@.str.16.85[0][*]	*global_alloc@.str.16.85[*][*]
*global_alloc@.str.17.86[0][*]	*global_alloc@.str.17.86[*][*]
*global_alloc@.str.18.87[0][*]	*global_alloc@.str.18.87[*][*]
*global_alloc@.str.19.88[0][*]	*global_alloc@.str.19.88[*][*]
*global_alloc@version_etc_copyright[0][*]	*global_alloc@version_etc_copyright[*][*]
*global_alloc@.str.1.99[0][*]	*global_alloc@.str.1.99[*][*]
*global_alloc@.str.100[0][*]	*global_alloc@.str.100[*][*]
*global_alloc@.str.105[0][*]	*global_alloc@.str.105[*][*]
*global_alloc@.str.112[0][*]	*global_alloc@.str.112[*][*]
*global_alloc@.str.1.113[0][*]	*global_alloc@.str.1.113[*][*]
*global_alloc@.str.2.114[0][*]	*global_alloc@.str.2.114[*][*]
*global_alloc@.str.3.115[0][*]	*global_alloc@.str.3.115[*][*]
*global_alloc@.str.4.116[0][*]	*global_alloc@.str.4.116[*][*]
*global_alloc@.str.5.117[0][*]	*global_alloc@.str.5.117[*][*]
*global_alloc@.str.6.118[0][*]	*global_alloc@.str.6.118[*][*]
*global_alloc@quote_quoting_options[0].?/0	*global_alloc@quote_quoting_options[*].?/0
*global_alloc@quote_quoting_options[0].?/1	*global_alloc@quote_quoting_options[*].?/1
*global_alloc@quote_quoting_options[0].?/2	*global_alloc@quote_quoting_options[*].?/2
*global_alloc@quote_quoting_options[0].?/3	*global_alloc@quote_quoting_options[*].?/3
*global_alloc@quote_quoting_options[0].?/4	*global_alloc@quote_quoting_options[*].?/4
*global_alloc@default_quoting_options[0].?/0	*global_alloc@default_quoting_options[*].?/0
*global_alloc@default_quoting_options[0].?/1	*global_alloc@default_quoting_options[*].?/1
*global_alloc@default_quoting_options[0].?/2	*global_alloc@default_quoting_options[*].?/2
*global_alloc@default_quoting_options[0].?/3	*global_alloc@default_quoting_options[*].?/3
*global_alloc@default_quoting_options[0].?/4	*global_alloc@default_quoting_options[*].?/4
*global_alloc@slotvec0[0].?/0	*global_alloc@slotvec0[*].?/0
*global_alloc@slotvec0[0].?/1	*global_alloc@slotvec0[*].?/1
*stack_alloc@main[i32* %retval][0]	*stack_alloc@main[i32* %retval][*]
*stack_alloc@main[i32* %argc.addr][0]	*stack_alloc@main[i32* %argc.addr][*]
*stack_alloc@main[i8*** %argv.addr][0]	*stack_alloc@main[i8*** %argv.addr][*]
*stack_alloc@main[i8*** %env][0]	*stack_alloc@main[i8*** %env][*]
*stack_alloc@main[i8** %ep][0]	*stack_alloc@main[i8** %ep][*]
*stack_alloc@main[i8** %ap][0]	*stack_alloc@main[i8** %ap][*]
*stack_alloc@main[i32* %i][0]	*stack_alloc@main[i32* %i][*]
*stack_alloc@main[i8* %ok][0]	*stack_alloc@main[i8* %ok][*]
*stack_alloc@main[i32* %optc][0]	*stack_alloc@main[i32* %optc][*]
*stack_alloc@main[i8* %opt_nul_terminate_output][0]	*stack_alloc@main[i8* %opt_nul_terminate_output][*]
*stack_alloc@main[i32* %matches][0]	*stack_alloc@main[i32* %matches][*]
*stack_alloc@main[i8* %matched][0]	*stack_alloc@main[i8* %matched][*]
*argv[0]-alloc[0]	*argv[0]-alloc[*]
*argv[0]-alloc[1]	*argv[0]-alloc[*]
*argv[0]-alloc[2]	*argv[0]-alloc[*]
*argv[0]-alloc[3]	*argv[0]-alloc[*]
*argv[0]-alloc[4]	*argv[0]-alloc[*]
*argv[0]-alloc[5]	*argv[0]-alloc[*]
*argv[0]-alloc[6]	*argv[0]-alloc[*]
*argv[0]-alloc[7]	*argv[0]-alloc[*]
*argv[0]-alloc[8]	*argv[0]-alloc[*]
*argv[1]-alloc[0]	*argv[1]-alloc[*]
*argv[1]-alloc[1]	*argv[1]-alloc[*]
*argv[1]-alloc[2]	*argv[1]-alloc[*]
*argv[1]-alloc[3]	*argv[1]-alloc[*]
*argv[1]-alloc[4]	*argv[1]-alloc[*]
*argv[1]-alloc[5]	*argv[1]-alloc[*]
*argv[1]-alloc[6]	*argv[1]-alloc[*]
*argv[1]-alloc[7]	*argv[1]-alloc[*]
*argv[1]-alloc[8]	*argv[1]-alloc[*]
*argv[2]-alloc[0]	*argv[2]-alloc[*]
*argv[2]-alloc[1]	*argv[2]-alloc[*]
*argv[2]-alloc[2]	*argv[2]-alloc[*]
*argv[2]-alloc[3]	*argv[2]-alloc[*]
*argv[2]-alloc[4]	*argv[2]-alloc[*]
*argv[2]-alloc[5]	*argv[2]-alloc[*]
*argv[2]-alloc[6]	*argv[2]-alloc[*]
*argv[2]-alloc[7]	*argv[2]-alloc[*]
*argv[2]-alloc[8]	*argv[2]-alloc[*]
*argv[3]-alloc[0]	*argv[3]-alloc[*]
*argv[3]-alloc[1]	*argv[3]-alloc[*]
*argv[3]-alloc[2]	*argv[3]-alloc[*]
*argv[3]-alloc[3]	*argv[3]-alloc[*]
*argv[3]-alloc[4]	*argv[3]-alloc[*]
*argv[3]-alloc[5]	*argv[3]-alloc[*]
*argv[3]-alloc[6]	*argv[3]-alloc[*]
*argv[3]-alloc[7]	*argv[3]-alloc[*]
*argv[3]-alloc[8]	*argv[3]-alloc[*]
*argv[4]-alloc[0]	*argv[4]-alloc[*]
*argv[4]-alloc[1]	*argv[4]-alloc[*]
*argv[4]-alloc[2]	*argv[4]-alloc[*]
*argv[4]-alloc[3]	*argv[4]-alloc[*]
*argv[4]-alloc[4]	*argv[4]-alloc[*]
*argv[4]-alloc[5]	*argv[4]-alloc[*]
*argv[4]-alloc[6]	*argv[4]-alloc[*]
*argv[4]-alloc[7]	*argv[4]-alloc[*]
*argv[4]-alloc[8]	*argv[4]-alloc[*]
*argv[5]-alloc[0]	*argv[5]-alloc[*]
*argv[5]-alloc[1]	*argv[5]-alloc[*]
*argv[5]-alloc[2]	*argv[5]-alloc[*]
*argv[5]-alloc[3]	*argv[5]-alloc[*]
*argv[5]-alloc[4]	*argv[5]-alloc[*]
*argv[5]-alloc[5]	*argv[5]-alloc[*]
*argv[5]-alloc[6]	*argv[5]-alloc[*]
*argv[5]-alloc[7]	*argv[5]-alloc[*]
*argv[5]-alloc[8]	*argv[5]-alloc[*]
*argv[6]-alloc[0]	*argv[6]-alloc[*]
*argv[6]-alloc[1]	*argv[6]-alloc[*]
*argv[6]-alloc[2]	*argv[6]-alloc[*]
*argv[6]-alloc[3]	*argv[6]-alloc[*]
*argv[6]-alloc[4]	*argv[6]-alloc[*]
*argv[6]-alloc[5]	*argv[6]-alloc[*]
*argv[6]-alloc[6]	*argv[6]-alloc[*]
*argv[6]-alloc[7]	*argv[6]-alloc[*]
*argv[6]-alloc[8]	*argv[6]-alloc[*]
*argv[7]-alloc[0]	*argv[7]-alloc[*]
*argv[7]-alloc[1]	*argv[7]-alloc[*]
*argv[7]-alloc[2]	*argv[7]-alloc[*]
*argv[7]-alloc[3]	*argv[7]-alloc[*]
*argv[7]-alloc[4]	*argv[7]-alloc[*]
*argv[7]-alloc[5]	*argv[7]-alloc[*]
*argv[7]-alloc[6]	*argv[7]-alloc[*]
*argv[7]-alloc[7]	*argv[7]-alloc[*]
*argv[7]-alloc[8]	*argv[7]-alloc[*]
*argv[8]-alloc[0]	*argv[8]-alloc[*]
*argv[8]-alloc[1]	*argv[8]-alloc[*]
*argv[8]-alloc[2]	*argv[8]-alloc[*]
*argv[8]-alloc[3]	*argv[8]-alloc[*]
*argv[8]-alloc[4]	*argv[8]-alloc[*]
*argv[8]-alloc[5]	*argv[8]-alloc[*]
*argv[8]-alloc[6]	*argv[8]-alloc[*]
*argv[8]-alloc[7]	*argv[8]-alloc[*]
*argv[8]-alloc[8]	*argv[8]-alloc[*]
*global_alloc@longopts[0][0]	*global_alloc@longopts[0][*]
*global_alloc@longopts[0][1]	*global_alloc@longopts[0][*]
*global_alloc@longopts[0][2]	*global_alloc@longopts[0][*]
*global_alloc@longopts[0][3]	*global_alloc@longopts[0][*]
*global_alloc@emit_ancillary_info.infomap[0][0]	*global_alloc@emit_ancillary_info.infomap[0][*]
*global_alloc@emit_ancillary_info.infomap[0][1]	*global_alloc@emit_ancillary_info.infomap[0][*]
*global_alloc@emit_ancillary_info.infomap[0][2]	*global_alloc@emit_ancillary_info.infomap[0][*]
*global_alloc@emit_ancillary_info.infomap[0][3]	*global_alloc@emit_ancillary_info.infomap[0][*]
*global_alloc@emit_ancillary_info.infomap[0][4]	*global_alloc@emit_ancillary_info.infomap[0][*]
*global_alloc@emit_ancillary_info.infomap[0][5]	*global_alloc@emit_ancillary_info.infomap[0][*]
*global_alloc@emit_ancillary_info.infomap[0][6]	*global_alloc@emit_ancillary_info.infomap[0][*]
*global_alloc@quoting_style_args[0][0]	*global_alloc@quoting_style_args[0][*]
*global_alloc@quoting_style_args[0][1]	*global_alloc@quoting_style_args[0][*]
*global_alloc@quoting_style_args[0][2]	*global_alloc@quoting_style_args[0][*]
*global_alloc@quoting_style_args[0][3]	*global_alloc@quoting_style_args[0][*]
*global_alloc@quoting_style_args[0][4]	*global_alloc@quoting_style_args[0][*]
*global_alloc@quoting_style_args[0][5]	*global_alloc@quoting_style_args[0][*]
*global_alloc@quoting_style_args[0][6]	*global_alloc@quoting_style_args[0][*]
*global_alloc@quoting_style_args[0][7]	*global_alloc@quoting_style_args[0][*]
*global_alloc@quoting_style_args[0][8]	*global_alloc@quoting_style_args[0][*]
*global_alloc@quote_quoting_options[0].?/2[*]	*global_alloc@quote_quoting_options[*].?/2[*]
*global_alloc@default_quoting_options[0].?/2[*]	*global_alloc@default_quoting_options[*].?/2[*]
*global_alloc@longopts[0][*].?/0	*global_alloc@longopts[*][*].?/0
*global_alloc@longopts[*][0].?/0	*global_alloc@longopts[*][*].?/0
*global_alloc@longopts[*][1].?/0	*global_alloc@longopts[*][*].?/0
*global_alloc@longopts[*][2].?/0	*global_alloc@longopts[*][*].?/0
*global_alloc@longopts[*][3].?/0	*global_alloc@longopts[*][*].?/0
*global_alloc@longopts[0][0].?/0	*global_alloc@longopts[*][*].?/0
*global_alloc@longopts[0][1].?/0	*global_alloc@longopts[*][*].?/0
*global_alloc@longopts[0][2].?/0	*global_alloc@longopts[*][*].?/0
*global_alloc@longopts[0][3].?/0	*global_alloc@longopts[*][*].?/0
*global_alloc@longopts[0][*].?/1	*global_alloc@longopts[*][*].?/1
*global_alloc@longopts[*][0].?/1	*global_alloc@longopts[*][*].?/1
*global_alloc@longopts[*][1].?/1	*global_alloc@longopts[*][*].?/1
*global_alloc@longopts[*][2].?/1	*global_alloc@longopts[*][*].?/1
*global_alloc@longopts[*][3].?/1	*global_alloc@longopts[*][*].?/1
*global_alloc@longopts[0][0].?/1	*global_alloc@longopts[*][*].?/1
*global_alloc@longopts[0][1].?/1	*global_alloc@longopts[*][*].?/1
*global_alloc@longopts[0][2].?/1	*global_alloc@longopts[*][*].?/1
*global_alloc@longopts[0][3].?/1	*global_alloc@longopts[*][*].?/1
*global_alloc@longopts[0][*].?/2	*global_alloc@longopts[*][*].?/2
*global_alloc@longopts[*][0].?/2	*global_alloc@longopts[*][*].?/2
*global_alloc@longopts[*][1].?/2	*global_alloc@longopts[*][*].?/2
*global_alloc@longopts[*][2].?/2	*global_alloc@longopts[*][*].?/2
*global_alloc@longopts[*][3].?/2	*global_alloc@longopts[*][*].?/2
*global_alloc@longopts[0][0].?/2	*global_alloc@longopts[*][*].?/2
*global_alloc@longopts[0][1].?/2	*global_alloc@longopts[*][*].?/2
*global_alloc@longopts[0][2].?/2	*global_alloc@longopts[*][*].?/2
*global_alloc@longopts[0][3].?/2	*global_alloc@longopts[*][*].?/2
*global_alloc@longopts[0][*].?/3	*global_alloc@longopts[*][*].?/3
*global_alloc@longopts[*][0].?/3	*global_alloc@longopts[*][*].?/3
*global_alloc@longopts[*][1].?/3	*global_alloc@longopts[*][*].?/3
*global_alloc@longopts[*][2].?/3	*global_alloc@longopts[*][*].?/3
*global_alloc@longopts[*][3].?/3	*global_alloc@longopts[*][*].?/3
*global_alloc@longopts[0][0].?/3	*global_alloc@longopts[*][*].?/3
*global_alloc@longopts[0][1].?/3	*global_alloc@longopts[*][*].?/3
*global_alloc@longopts[0][2].?/3	*global_alloc@longopts[*][*].?/3
*global_alloc@longopts[0][3].?/3	*global_alloc@longopts[*][*].?/3
*global_alloc@emit_ancillary_info.infomap[0][*].?/0	*global_alloc@emit_ancillary_info.infomap[*][*].?/0
*global_alloc@emit_ancillary_info.infomap[*][0].?/0	*global_alloc@emit_ancillary_info.infomap[*][*].?/0
*global_alloc@emit_ancillary_info.infomap[*][1].?/0	*global_alloc@emit_ancillary_info.infomap[*][*].?/0
*global_alloc@emit_ancillary_info.infomap[*][2].?/0	*global_alloc@emit_ancillary_info.infomap[*][*].?/0
*global_alloc@emit_ancillary_info.infomap[*][3].?/0	*global_alloc@emit_ancillary_info.infomap[*][*].?/0
*global_alloc@emit_ancillary_info.infomap[*][4].?/0	*global_alloc@emit_ancillary_info.infomap[*][*].?/0
*global_alloc@emit_ancillary_info.infomap[*][5].?/0	*global_alloc@emit_ancillary_info.infomap[*][*].?/0
*global_alloc@emit_ancillary_info.infomap[*][6].?/0	*global_alloc@emit_ancillary_info.infomap[*][*].?/0
*global_alloc@emit_ancillary_info.infomap[0][0].?/0	*global_alloc@emit_ancillary_info.infomap[*][*].?/0
*global_alloc@emit_ancillary_info.infomap[0][1].?/0	*global_alloc@emit_ancillary_info.infomap[*][*].?/0
*global_alloc@emit_ancillary_info.infomap[0][2].?/0	*global_alloc@emit_ancillary_info.infomap[*][*].?/0
*global_alloc@emit_ancillary_info.infomap[0][3].?/0	*global_alloc@emit_ancillary_info.infomap[*][*].?/0
*global_alloc@emit_ancillary_info.infomap[0][4].?/0	*global_alloc@emit_ancillary_info.infomap[*][*].?/0
*global_alloc@emit_ancillary_info.infomap[0][5].?/0	*global_alloc@emit_ancillary_info.infomap[*][*].?/0
*global_alloc@emit_ancillary_info.infomap[0][6].?/0	*global_alloc@emit_ancillary_info.infomap[*][*].?/0
*global_alloc@emit_ancillary_info.infomap[0][*].?/1	*global_alloc@emit_ancillary_info.infomap[*][*].?/1
*global_alloc@emit_ancillary_info.infomap[*][0].?/1	*global_alloc@emit_ancillary_info.infomap[*][*].?/1
*global_alloc@emit_ancillary_info.infomap[*][1].?/1	*global_alloc@emit_ancillary_info.infomap[*][*].?/1
*global_alloc@emit_ancillary_info.infomap[*][2].?/1	*global_alloc@emit_ancillary_info.infomap[*][*].?/1
*global_alloc@emit_ancillary_info.infomap[*][3].?/1	*global_alloc@emit_ancillary_info.infomap[*][*].?/1
*global_alloc@emit_ancillary_info.infomap[*][4].?/1	*global_alloc@emit_ancillary_info.infomap[*][*].?/1
*global_alloc@emit_ancillary_info.infomap[*][5].?/1	*global_alloc@emit_ancillary_info.infomap[*][*].?/1
*global_alloc@emit_ancillary_info.infomap[*][6].?/1	*global_alloc@emit_ancillary_info.infomap[*][*].?/1
*global_alloc@emit_ancillary_info.infomap[0][0].?/1	*global_alloc@emit_ancillary_info.infomap[*][*].?/1
*global_alloc@emit_ancillary_info.infomap[0][1].?/1	*global_alloc@emit_ancillary_info.infomap[*][*].?/1
*global_alloc@emit_ancillary_info.infomap[0][2].?/1	*global_alloc@emit_ancillary_info.infomap[*][*].?/1
*global_alloc@emit_ancillary_info.infomap[0][3].?/1	*global_alloc@emit_ancillary_info.infomap[*][*].?/1
*global_alloc@emit_ancillary_info.infomap[0][4].?/1	*global_alloc@emit_ancillary_info.infomap[*][*].?/1
*global_alloc@emit_ancillary_info.infomap[0][5].?/1	*global_alloc@emit_ancillary_info.infomap[*][*].?/1
*global_alloc@emit_ancillary_info.infomap[0][6].?/1	*global_alloc@emit_ancillary_info.infomap[*][*].?/1
*global_alloc@longopts[0][0]	*global_alloc@longopts[*][0]
*global_alloc@longopts[0][1]	*global_alloc@longopts[*][1]
*global_alloc@longopts[0][2]	*global_alloc@longopts[*][2]
*global_alloc@longopts[0][3]	*global_alloc@longopts[*][3]
*global_alloc@emit_ancillary_info.infomap[0][0]	*global_alloc@emit_ancillary_info.infomap[*][0]
*global_alloc@emit_ancillary_info.infomap[0][1]	*global_alloc@emit_ancillary_info.infomap[*][1]
*global_alloc@emit_ancillary_info.infomap[0][2]	*global_alloc@emit_ancillary_info.infomap[*][2]
*global_alloc@emit_ancillary_info.infomap[0][3]	*global_alloc@emit_ancillary_info.infomap[*][3]
*global_alloc@emit_ancillary_info.infomap[0][4]	*global_alloc@emit_ancillary_info.infomap[*][4]
*global_alloc@emit_ancillary_info.infomap[0][5]	*global_alloc@emit_ancillary_info.infomap[*][5]
*global_alloc@emit_ancillary_info.infomap[0][6]	*global_alloc@emit_ancillary_info.infomap[*][6]
*global_alloc@quoting_style_args[0][0]	*global_alloc@quoting_style_args[*][0]
*global_alloc@quoting_style_args[0][1]	*global_alloc@quoting_style_args[*][1]
*global_alloc@quoting_style_args[0][2]	*global_alloc@quoting_style_args[*][2]
*global_alloc@quoting_style_args[0][3]	*global_alloc@quoting_style_args[*][3]
*global_alloc@quoting_style_args[0][4]	*global_alloc@quoting_style_args[*][4]
*global_alloc@quoting_style_args[0][5]	*global_alloc@quoting_style_args[*][5]
*global_alloc@quoting_style_args[0][6]	*global_alloc@quoting_style_args[*][6]
*global_alloc@quoting_style_args[0][7]	*global_alloc@quoting_style_args[*][7]
*global_alloc@quoting_style_args[0][8]	*global_alloc@quoting_style_args[*][8]
*global_alloc@longopts[0][0].?/0	*global_alloc@longopts[0][*].?/0
*global_alloc@longopts[0][1].?/0	*global_alloc@longopts[0][*].?/0
*global_alloc@longopts[0][2].?/0	*global_alloc@longopts[0][*].?/0
*global_alloc@longopts[0][3].?/0	*global_alloc@longopts[0][*].?/0
*global_alloc@longopts[0][0].?/1	*global_alloc@longopts[0][*].?/1
*global_alloc@longopts[0][1].?/1	*global_alloc@longopts[0][*].?/1
*global_alloc@longopts[0][2].?/1	*global_alloc@longopts[0][*].?/1
*global_alloc@longopts[0][3].?/1	*global_alloc@longopts[0][*].?/1
*global_alloc@longopts[0][0].?/2	*global_alloc@longopts[0][*].?/2
*global_alloc@longopts[0][1].?/2	*global_alloc@longopts[0][*].?/2
*global_alloc@longopts[0][2].?/2	*global_alloc@longopts[0][*].?/2
*global_alloc@longopts[0][3].?/2	*global_alloc@longopts[0][*].?/2
*global_alloc@longopts[0][0].?/3	*global_alloc@longopts[0][*].?/3
*global_alloc@longopts[0][1].?/3	*global_alloc@longopts[0][*].?/3
*global_alloc@longopts[0][2].?/3	*global_alloc@longopts[0][*].?/3
*global_alloc@longopts[0][3].?/3	*global_alloc@longopts[0][*].?/3
*global_alloc@emit_ancillary_info.infomap[0][0].?/0	*global_alloc@emit_ancillary_info.infomap[0][*].?/0
*global_alloc@emit_ancillary_info.infomap[0][1].?/0	*global_alloc@emit_ancillary_info.infomap[0][*].?/0
*global_alloc@emit_ancillary_info.infomap[0][2].?/0	*global_alloc@emit_ancillary_info.infomap[0][*].?/0
*global_alloc@emit_ancillary_info.infomap[0][3].?/0	*global_alloc@emit_ancillary_info.infomap[0][*].?/0
*global_alloc@emit_ancillary_info.infomap[0][4].?/0	*global_alloc@emit_ancillary_info.infomap[0][*].?/0
*global_alloc@emit_ancillary_info.infomap[0][5].?/0	*global_alloc@emit_ancillary_info.infomap[0][*].?/0
*global_alloc@emit_ancillary_info.infomap[0][6].?/0	*global_alloc@emit_ancillary_info.infomap[0][*].?/0
*global_alloc@emit_ancillary_info.infomap[0][0].?/1	*global_alloc@emit_ancillary_info.infomap[0][*].?/1
*global_alloc@emit_ancillary_info.infomap[0][1].?/1	*global_alloc@emit_ancillary_info.infomap[0][*].?/1
*global_alloc@emit_ancillary_info.infomap[0][2].?/1	*global_alloc@emit_ancillary_info.infomap[0][*].?/1
*global_alloc@emit_ancillary_info.infomap[0][3].?/1	*global_alloc@emit_ancillary_info.infomap[0][*].?/1
*global_alloc@emit_ancillary_info.infomap[0][4].?/1	*global_alloc@emit_ancillary_info.infomap[0][*].?/1
*global_alloc@emit_ancillary_info.infomap[0][5].?/1	*global_alloc@emit_ancillary_info.infomap[0][*].?/1
*global_alloc@emit_ancillary_info.infomap[0][6].?/1	*global_alloc@emit_ancillary_info.infomap[0][*].?/1
*stack_alloc@usage[i32* %status.addr][0]	*stack_alloc@usage[i32* %status.addr][*]
*stack_alloc@initialize_exit_failure[i32* %status.addr][0]	*stack_alloc@initialize_exit_failure[i32* %status.addr][*]
*stack_alloc@set_program_name[i8** %argv0.addr][0]	*stack_alloc@set_program_name[i8** %argv0.addr][*]
*stack_alloc@set_program_name[i8** %slash][0]	*stack_alloc@set_program_name[i8** %slash][*]
*stack_alloc@set_program_name[i8** %base][0]	*stack_alloc@set_program_name[i8** %base][*]
*stack_alloc@version_etc[%struct._IO_FILE** %stream.addr][0]	*stack_alloc@version_etc[%struct._IO_FILE** %stream.addr][*]
*stack_alloc@version_etc[i8** %command_name.addr][0]	*stack_alloc@version_etc[i8** %command_name.addr][*]
*stack_alloc@version_etc[i8** %package.addr][0]	*stack_alloc@version_etc[i8** %package.addr][*]
*stack_alloc@version_etc[i8** %version.addr][0]	*stack_alloc@version_etc[i8** %version.addr][*]
*stack_alloc@version_etc[[1 x %struct.__va_list_tag]* %authors][0]	*stack_alloc@version_etc[[1 x %struct.__va_list_tag]* %authors][*]
*global_alloc@longopts[0][0].?/0	*global_alloc@longopts[*][0].?/0
*global_alloc@longopts[0][0].?/1	*global_alloc@longopts[*][0].?/1
*global_alloc@longopts[0][0].?/2	*global_alloc@longopts[*][0].?/2
*global_alloc@longopts[0][0].?/3	*global_alloc@longopts[*][0].?/3
*global_alloc@longopts[0][1].?/0	*global_alloc@longopts[*][1].?/0
*global_alloc@longopts[0][1].?/1	*global_alloc@longopts[*][1].?/1
*global_alloc@longopts[0][1].?/2	*global_alloc@longopts[*][1].?/2
*global_alloc@longopts[0][1].?/3	*global_alloc@longopts[*][1].?/3
*global_alloc@longopts[0][2].?/0	*global_alloc@longopts[*][2].?/0
*global_alloc@longopts[0][2].?/1	*global_alloc@longopts[*][2].?/1
*global_alloc@longopts[0][2].?/2	*global_alloc@longopts[*][2].?/2
*global_alloc@longopts[0][2].?/3	*global_alloc@longopts[*][2].?/3
*global_alloc@longopts[0][3].?/0	*global_alloc@longopts[*][3].?/0
*global_alloc@longopts[0][3].?/1	*global_alloc@longopts[*][3].?/1
*global_alloc@longopts[0][3].?/2	*global_alloc@longopts[*][3].?/2
*global_alloc@longopts[0][3].?/3	*global_alloc@longopts[*][3].?/3
*global_alloc@emit_ancillary_info.infomap[0][0].?/0	*global_alloc@emit_ancillary_info.infomap[*][0].?/0
*global_alloc@emit_ancillary_info.infomap[0][0].?/1	*global_alloc@emit_ancillary_info.infomap[*][0].?/1
*global_alloc@emit_ancillary_info.infomap[0][1].?/0	*global_alloc@emit_ancillary_info.infomap[*][1].?/0
*global_alloc@emit_ancillary_info.infomap[0][1].?/1	*global_alloc@emit_ancillary_info.infomap[*][1].?/1
*global_alloc@emit_ancillary_info.infomap[0][2].?/0	*global_alloc@emit_ancillary_info.infomap[*][2].?/0
*global_alloc@emit_ancillary_info.infomap[0][2].?/1	*global_alloc@emit_ancillary_info.infomap[*][2].?/1
*global_alloc@emit_ancillary_info.infomap[0][3].?/0	*global_alloc@emit_ancillary_info.infomap[*][3].?/0
*global_alloc@emit_ancillary_info.infomap[0][3].?/1	*global_alloc@emit_ancillary_info.infomap[*][3].?/1
*global_alloc@emit_ancillary_info.infomap[0][4].?/0	*global_alloc@emit_ancillary_info.infomap[*][4].?/0
*global_alloc@emit_ancillary_info.infomap[0][4].?/1	*global_alloc@emit_ancillary_info.infomap[*][4].?/1
*global_alloc@emit_ancillary_info.infomap[0][5].?/0	*global_alloc@emit_ancillary_info.infomap[*][5].?/0
*global_alloc@emit_ancillary_info.infomap[0][5].?/1	*global_alloc@emit_ancillary_info.infomap[*][5].?/1
*global_alloc@emit_ancillary_info.infomap[0][6].?/0	*global_alloc@emit_ancillary_info.infomap[*][6].?/0
*global_alloc@emit_ancillary_info.infomap[0][6].?/1	*global_alloc@emit_ancillary_info.infomap[*][6].?/1
*stack_alloc@close_stdout[i8** %write_error][0]	*stack_alloc@close_stdout[i8** %write_error][*]
*stack_alloc@version_etc[[1 x %struct.__va_list_tag]* %authors][0][*]	*stack_alloc@version_etc[[1 x %struct.__va_list_tag]* %authors][*][*]
*stack_alloc@version_etc[[1 x %struct.__va_list_tag]* %authors][*][0]	*stack_alloc@version_etc[[1 x %struct.__va_list_tag]* %authors][*][*]
*stack_alloc@version_etc[[1 x %struct.__va_list_tag]* %authors][0][0]	*stack_alloc@version_etc[[1 x %struct.__va_list_tag]* %authors][*][*]
*stack_alloc@emit_ancillary_info[i8** %program.addr][0]	*stack_alloc@emit_ancillary_info[i8** %program.addr][*]
*stack_alloc@emit_ancillary_info[i8** %node][0]	*stack_alloc@emit_ancillary_info[i8** %node][*]
*stack_alloc@emit_ancillary_info[%struct.infomap** %map_prog][0]	*stack_alloc@emit_ancillary_info[%struct.infomap** %map_prog][*]
*stack_alloc@emit_ancillary_info[i8** %lc_messages][0]	*stack_alloc@emit_ancillary_info[i8** %lc_messages][*]
*stack_alloc@version_etc_va[%struct._IO_FILE** %stream.addr][0]	*stack_alloc@version_etc_va[%struct._IO_FILE** %stream.addr][*]
*stack_alloc@version_etc_va[i8** %command_name.addr][0]	*stack_alloc@version_etc_va[i8** %command_name.addr][*]
*stack_alloc@version_etc_va[i8** %package.addr][0]	*stack_alloc@version_etc_va[i8** %package.addr][*]
*stack_alloc@version_etc_va[i8** %version.addr][0]	*stack_alloc@version_etc_va[i8** %version.addr][*]
*stack_alloc@version_etc_va[%struct.__va_list_tag** %authors.addr][0]	*stack_alloc@version_etc_va[%struct.__va_list_tag** %authors.addr][*]
*stack_alloc@version_etc_va[i64* %n_authors][0]	*stack_alloc@version_etc_va[i64* %n_authors][*]
*stack_alloc@version_etc_va[[10 x i8*]* %authtab][0]	*stack_alloc@version_etc_va[[10 x i8*]* %authtab][*]
*stack_alloc@version_etc[[1 x %struct.__va_list_tag]* %authors][0][0]	*stack_alloc@version_etc[[1 x %struct.__va_list_tag]* %authors][0][*]
*stack_alloc@version_etc[[1 x %struct.__va_list_tag]* %authors][0][*].?/0	*stack_alloc@version_etc[[1 x %struct.__va_list_tag]* %authors][*][*].?/0
*stack_alloc@version_etc[[1 x %struct.__va_list_tag]* %authors][*][0].?/0	*stack_alloc@version_etc[[1 x %struct.__va_list_tag]* %authors][*][*].?/0
*stack_alloc@version_etc[[1 x %struct.__va_list_tag]* %authors][0][0].?/0	*stack_alloc@version_etc[[1 x %struct.__va_list_tag]* %authors][*][*].?/0
*stack_alloc@version_etc[[1 x %struct.__va_list_tag]* %authors][0][*].?/1	*stack_alloc@version_etc[[1 x %struct.__va_list_tag]* %authors][*][*].?/1
*stack_alloc@version_etc[[1 x %struct.__va_list_tag]* %authors][*][0].?/1	*stack_alloc@version_etc[[1 x %struct.__va_list_tag]* %authors][*][*].?/1
*stack_alloc@version_etc[[1 x %struct.__va_list_tag]* %authors][0][0].?/1	*stack_alloc@version_etc[[1 x %struct.__va_list_tag]* %authors][*][*].?/1
*stack_alloc@version_etc[[1 x %struct.__va_list_tag]* %authors][0][*].?/2	*stack_alloc@version_etc[[1 x %struct.__va_list_tag]* %authors][*][*].?/2
*stack_alloc@version_etc[[1 x %struct.__va_list_tag]* %authors][*][0].?/2	*stack_alloc@version_etc[[1 x %struct.__va_list_tag]* %authors][*][*].?/2
*stack_alloc@version_etc[[1 x %struct.__va_list_tag]* %authors][0][0].?/2	*stack_alloc@version_etc[[1 x %struct.__va_list_tag]* %authors][*][*].?/2
*stack_alloc@version_etc[[1 x %struct.__va_list_tag]* %authors][0][*].?/3	*stack_alloc@version_etc[[1 x %struct.__va_list_tag]* %authors][*][*].?/3
*stack_alloc@version_etc[[1 x %struct.__va_list_tag]* %authors][*][0].?/3	*stack_alloc@version_etc[[1 x %struct.__va_list_tag]* %authors][*][*].?/3
*stack_alloc@version_etc[[1 x %struct.__va_list_tag]* %authors][0][0].?/3	*stack_alloc@version_etc[[1 x %struct.__va_list_tag]* %authors][*][*].?/3
*stack_alloc@quotearg_colon[i8** %arg.addr][0]	*stack_alloc@quotearg_colon[i8** %arg.addr][*]
*stack_alloc@close_stream[i32* %retval][0]	*stack_alloc@close_stream[i32* %retval][*]
*stack_alloc@close_stream[%struct._IO_FILE** %stream.addr][0]	*stack_alloc@close_stream[%struct._IO_FILE** %stream.addr][*]
*stack_alloc@close_stream[i8* %some_pending][0]	*stack_alloc@close_stream[i8* %some_pending][*]
*stack_alloc@close_stream[i8* %prev_fail][0]	*stack_alloc@close_stream[i8* %prev_fail][*]
*stack_alloc@close_stream[i8* %fclose_fail][0]	*stack_alloc@close_stream[i8* %fclose_fail][*]
*stack_alloc@version_etc[[1 x %struct.__va_list_tag]* %authors][0][0]	*stack_alloc@version_etc[[1 x %struct.__va_list_tag]* %authors][*][0]
*stack_alloc@version_etc_va[[10 x i8*]* %authtab][0][*]	*stack_alloc@version_etc_va[[10 x i8*]* %authtab][*][*]
*stack_alloc@version_etc_va[[10 x i8*]* %authtab][*][0]	*stack_alloc@version_etc_va[[10 x i8*]* %authtab][*][*]
*stack_alloc@version_etc_va[[10 x i8*]* %authtab][0][0]	*stack_alloc@version_etc_va[[10 x i8*]* %authtab][*][*]
*stack_alloc@version_etc[[1 x %struct.__va_list_tag]* %authors][0][0].?/0	*stack_alloc@version_etc[[1 x %struct.__va_list_tag]* %authors][0][*].?/0
*stack_alloc@version_etc[[1 x %struct.__va_list_tag]* %authors][0][0].?/1	*stack_alloc@version_etc[[1 x %struct.__va_list_tag]* %authors][0][*].?/1
*stack_alloc@version_etc[[1 x %struct.__va_list_tag]* %authors][0][0].?/2	*stack_alloc@version_etc[[1 x %struct.__va_list_tag]* %authors][0][*].?/2
*stack_alloc@version_etc[[1 x %struct.__va_list_tag]* %authors][0][0].?/3	*stack_alloc@version_etc[[1 x %struct.__va_list_tag]* %authors][0][*].?/3
*stack_alloc@version_etc[[1 x %struct.__va_list_tag]* %authors][0][0].?/0	*stack_alloc@version_etc[[1 x %struct.__va_list_tag]* %authors][*][0].?/0
*stack_alloc@version_etc[[1 x %struct.__va_list_tag]* %authors][0][0].?/1	*stack_alloc@version_etc[[1 x %struct.__va_list_tag]* %authors][*][0].?/1
*stack_alloc@version_etc[[1 x %struct.__va_list_tag]* %authors][0][0].?/2	*stack_alloc@version_etc[[1 x %struct.__va_list_tag]* %authors][*][0].?/2
*stack_alloc@version_etc[[1 x %struct.__va_list_tag]* %authors][0][0].?/3	*stack_alloc@version_etc[[1 x %struct.__va_list_tag]* %authors][*][0].?/3
*stack_alloc@version_etc_arn[%struct._IO_FILE** %stream.addr][0]	*stack_alloc@version_etc_arn[%struct._IO_FILE** %stream.addr][*]
*stack_alloc@version_etc_arn[i8** %command_name.addr][0]	*stack_alloc@version_etc_arn[i8** %command_name.addr][*]
*stack_alloc@version_etc_arn[i8** %package.addr][0]	*stack_alloc@version_etc_arn[i8** %package.addr][*]
*stack_alloc@version_etc_arn[i8** %version.addr][0]	*stack_alloc@version_etc_arn[i8** %version.addr][*]
*stack_alloc@version_etc_arn[i8*** %authors.addr][0]	*stack_alloc@version_etc_arn[i8*** %authors.addr][*]
*stack_alloc@version_etc_arn[i64* %n_authors.addr][0]	*stack_alloc@version_etc_arn[i64* %n_authors.addr][*]
*stack_alloc@version_etc_va[[10 x i8*]* %authtab][0][0]	*stack_alloc@version_etc_va[[10 x i8*]* %authtab][0][*]
*stack_alloc@quotearg_char[i8** %arg.addr][0]	*stack_alloc@quotearg_char[i8** %arg.addr][*]
*stack_alloc@quotearg_char[i8* %ch.addr][0]	*stack_alloc@quotearg_char[i8* %ch.addr][*]
*stack_alloc@rpl_fclose[i32* %retval][0]	*stack_alloc@rpl_fclose[i32* %retval][*]
*stack_alloc@rpl_fclose[%struct._IO_FILE** %fp.addr][0]	*stack_alloc@rpl_fclose[%struct._IO_FILE** %fp.addr][*]
*stack_alloc@rpl_fclose[i32* %saved_errno][0]	*stack_alloc@rpl_fclose[i32* %saved_errno][*]
*stack_alloc@rpl_fclose[i32* %fd][0]	*stack_alloc@rpl_fclose[i32* %fd][*]
*stack_alloc@rpl_fclose[i32* %result][0]	*stack_alloc@rpl_fclose[i32* %result][*]
*stack_alloc@version_etc_va[[10 x i8*]* %authtab][0][0]	*stack_alloc@version_etc_va[[10 x i8*]* %authtab][*][0]
*stack_alloc@quotearg_char_mem[i8** %arg.addr][0]	*stack_alloc@quotearg_char_mem[i8** %arg.addr][*]
*stack_alloc@quotearg_char_mem[i64* %argsize.addr][0]	*stack_alloc@quotearg_char_mem[i64* %argsize.addr][*]
*stack_alloc@quotearg_char_mem[i8* %ch.addr][0]	*stack_alloc@quotearg_char_mem[i8* %ch.addr][*]
*stack_alloc@quotearg_char_mem[%struct.quoting_options* %options][0]	*stack_alloc@quotearg_char_mem[%struct.quoting_options* %options][*]
*stack_alloc@rpl_fflush[i32* %retval][0]	*stack_alloc@rpl_fflush[i32* %retval][*]
*stack_alloc@rpl_fflush[%struct._IO_FILE** %stream.addr][0]	*stack_alloc@rpl_fflush[%struct._IO_FILE** %stream.addr][*]
*stack_alloc@quotearg_char_mem[%struct.quoting_options* %options][0].?/0	*stack_alloc@quotearg_char_mem[%struct.quoting_options* %options][*].?/0
*stack_alloc@quotearg_char_mem[%struct.quoting_options* %options][0].?/1	*stack_alloc@quotearg_char_mem[%struct.quoting_options* %options][*].?/1
*stack_alloc@quotearg_char_mem[%struct.quoting_options* %options][0].?/2	*stack_alloc@quotearg_char_mem[%struct.quoting_options* %options][*].?/2
*stack_alloc@quotearg_char_mem[%struct.quoting_options* %options][0].?/3	*stack_alloc@quotearg_char_mem[%struct.quoting_options* %options][*].?/3
*stack_alloc@quotearg_char_mem[%struct.quoting_options* %options][0].?/4	*stack_alloc@quotearg_char_mem[%struct.quoting_options* %options][*].?/4
*stack_alloc@set_char_quoting[%struct.quoting_options** %o.addr][0]	*stack_alloc@set_char_quoting[%struct.quoting_options** %o.addr][*]
*stack_alloc@set_char_quoting[i8* %c.addr][0]	*stack_alloc@set_char_quoting[i8* %c.addr][*]
*stack_alloc@set_char_quoting[i32* %i.addr][0]	*stack_alloc@set_char_quoting[i32* %i.addr][*]
*stack_alloc@set_char_quoting[i8* %uc][0]	*stack_alloc@set_char_quoting[i8* %uc][*]
*stack_alloc@set_char_quoting[i32** %p][0]	*stack_alloc@set_char_quoting[i32** %p][*]
*stack_alloc@set_char_quoting[i32* %shift][0]	*stack_alloc@set_char_quoting[i32* %shift][*]
*stack_alloc@set_char_quoting[i32* %r][0]	*stack_alloc@set_char_quoting[i32* %r][*]
*stack_alloc@quotearg_n_options[i32* %n.addr][0]	*stack_alloc@quotearg_n_options[i32* %n.addr][*]
*stack_alloc@quotearg_n_options[i8** %arg.addr][0]	*stack_alloc@quotearg_n_options[i8** %arg.addr][*]
*stack_alloc@quotearg_n_options[i64* %argsize.addr][0]	*stack_alloc@quotearg_n_options[i64* %argsize.addr][*]
*stack_alloc@quotearg_n_options[%struct.quoting_options** %options.addr][0]	*stack_alloc@quotearg_n_options[%struct.quoting_options** %options.addr][*]
*stack_alloc@quotearg_n_options[i32* %e][0]	*stack_alloc@quotearg_n_options[i32* %e][*]
*stack_alloc@quotearg_n_options[i32* %n0][0]	*stack_alloc@quotearg_n_options[i32* %n0][*]
*stack_alloc@quotearg_n_options[%struct.slotvec** %sv][0]	*stack_alloc@quotearg_n_options[%struct.slotvec** %sv][*]
*stack_alloc@quotearg_n_options[i64* %n1][0]	*stack_alloc@quotearg_n_options[i64* %n1][*]
*stack_alloc@quotearg_n_options[i8* %preallocated][0]	*stack_alloc@quotearg_n_options[i8* %preallocated][*]
*stack_alloc@quotearg_n_options[i64* %size][0]	*stack_alloc@quotearg_n_options[i64* %size][*]
*stack_alloc@quotearg_n_options[i8** %val][0]	*stack_alloc@quotearg_n_options[i8** %val][*]
*stack_alloc@quotearg_n_options[i32* %flags][0]	*stack_alloc@quotearg_n_options[i32* %flags][*]
*stack_alloc@quotearg_n_options[i64* %qsize][0]	*stack_alloc@quotearg_n_options[i64* %qsize][*]
*stack_alloc@clear_ungetc_buffer_preserving_position[%struct._IO_FILE** %fp.addr][0]	*stack_alloc@clear_ungetc_buffer_preserving_position[%struct._IO_FILE** %fp.addr][*]
*stack_alloc@quotearg_char_mem[%struct.quoting_options* %options][0].?/2[*]	*stack_alloc@quotearg_char_mem[%struct.quoting_options* %options][*].?/2[*]
*stack_alloc@quotearg_buffer_restyled[i64* %retval][0]	*stack_alloc@quotearg_buffer_restyled[i64* %retval][*]
*stack_alloc@quotearg_buffer_restyled[i8** %buffer.addr][0]	*stack_alloc@quotearg_buffer_restyled[i8** %buffer.addr][*]
*stack_alloc@quotearg_buffer_restyled[i64* %buffersize.addr][0]	*stack_alloc@quotearg_buffer_restyled[i64* %buffersize.addr][*]
*stack_alloc@quotearg_buffer_restyled[i8** %arg.addr][0]	*stack_alloc@quotearg_buffer_restyled[i8** %arg.addr][*]
*stack_alloc@quotearg_buffer_restyled[i64* %argsize.addr][0]	*stack_alloc@quotearg_buffer_restyled[i64* %argsize.addr][*]
*stack_alloc@quotearg_buffer_restyled[i32* %quoting_style.addr][0]	*stack_alloc@quotearg_buffer_restyled[i32* %quoting_style.addr][*]
*stack_alloc@quotearg_buffer_restyled[i32* %flags.addr][0]	*stack_alloc@quotearg_buffer_restyled[i32* %flags.addr][*]
*stack_alloc@quotearg_buffer_restyled[i32** %quote_these_too.addr][0]	*stack_alloc@quotearg_buffer_restyled[i32** %quote_these_too.addr][*]
*stack_alloc@quotearg_buffer_restyled[i8** %left_quote.addr][0]	*stack_alloc@quotearg_buffer_restyled[i8** %left_quote.addr][*]
*stack_alloc@quotearg_buffer_restyled[i8** %right_quote.addr][0]	*stack_alloc@quotearg_buffer_restyled[i8** %right_quote.addr][*]
*stack_alloc@quotearg_buffer_restyled[i64* %i][0]	*stack_alloc@quotearg_buffer_restyled[i64* %i][*]
*stack_alloc@quotearg_buffer_restyled[i64* %len][0]	*stack_alloc@quotearg_buffer_restyled[i64* %len][*]
*stack_alloc@quotearg_buffer_restyled[i8** %quote_string][0]	*stack_alloc@quotearg_buffer_restyled[i8** %quote_string][*]
*stack_alloc@quotearg_buffer_restyled[i64* %quote_string_len][0]	*stack_alloc@quotearg_buffer_restyled[i64* %quote_string_len][*]
*stack_alloc@quotearg_buffer_restyled[i8* %backslash_escapes][0]	*stack_alloc@quotearg_buffer_restyled[i8* %backslash_escapes][*]
*stack_alloc@quotearg_buffer_restyled[i8* %unibyte_locale][0]	*stack_alloc@quotearg_buffer_restyled[i8* %unibyte_locale][*]
*stack_alloc@quotearg_buffer_restyled[i8* %elide_outer_quotes][0]	*stack_alloc@quotearg_buffer_restyled[i8* %elide_outer_quotes][*]
*stack_alloc@quotearg_buffer_restyled[i8* %c][0]	*stack_alloc@quotearg_buffer_restyled[i8* %c][*]
*stack_alloc@quotearg_buffer_restyled[i8* %esc][0]	*stack_alloc@quotearg_buffer_restyled[i8* %esc][*]
*stack_alloc@quotearg_buffer_restyled[i8* %is_right_quote][0]	*stack_alloc@quotearg_buffer_restyled[i8* %is_right_quote][*]
*stack_alloc@quotearg_buffer_restyled[i64* %m][0]	*stack_alloc@quotearg_buffer_restyled[i64* %m][*]
*stack_alloc@quotearg_buffer_restyled[i8* %printable][0]	*stack_alloc@quotearg_buffer_restyled[i8* %printable][*]
*stack_alloc@quotearg_buffer_restyled[%struct.__mbstate_t* %mbstate][0]	*stack_alloc@quotearg_buffer_restyled[%struct.__mbstate_t* %mbstate][*]
*stack_alloc@quotearg_buffer_restyled[i32* %w][0]	*stack_alloc@quotearg_buffer_restyled[i32* %w][*]
*stack_alloc@quotearg_buffer_restyled[i64* %bytes][0]	*stack_alloc@quotearg_buffer_restyled[i64* %bytes][*]
*stack_alloc@quotearg_buffer_restyled[i64* %j][0]	*stack_alloc@quotearg_buffer_restyled[i64* %j][*]
*stack_alloc@quotearg_buffer_restyled[i64* %ilim][0]	*stack_alloc@quotearg_buffer_restyled[i64* %ilim][*]
*stack_alloc@xrealloc[i8** %retval][0]	*stack_alloc@xrealloc[i8** %retval][*]
*stack_alloc@xrealloc[i8** %p.addr][0]	*stack_alloc@xrealloc[i8** %p.addr][*]
*stack_alloc@xrealloc[i64* %n.addr][0]	*stack_alloc@xrealloc[i64* %n.addr][*]
*stack_alloc@xcharalloc[i64* %n.addr][0]	*stack_alloc@xcharalloc[i64* %n.addr][*]
*stack_alloc@rpl_fseeko[i32* %retval][0]	*stack_alloc@rpl_fseeko[i32* %retval][*]
*stack_alloc@rpl_fseeko[%struct._IO_FILE** %fp.addr][0]	*stack_alloc@rpl_fseeko[%struct._IO_FILE** %fp.addr][*]
*stack_alloc@rpl_fseeko[i64* %offset.addr][0]	*stack_alloc@rpl_fseeko[i64* %offset.addr][*]
*stack_alloc@rpl_fseeko[i32* %whence.addr][0]	*stack_alloc@rpl_fseeko[i32* %whence.addr][*]
*stack_alloc@rpl_fseeko[i64* %pos][0]	*stack_alloc@rpl_fseeko[i64* %pos][*]
*heap_alloc@xrealloc[i8* %call][0]	*heap_alloc@xrealloc[i8* %call][*]
*heap_alloc@xrealloc[i8* %call][1]	*heap_alloc@xrealloc[i8* %call][*]
*heap_alloc@xrealloc[i8* %call][3]	*heap_alloc@xrealloc[i8* %call][*]
*heap_alloc@xrealloc[i8* %call][8]	*heap_alloc@xrealloc[i8* %call][*]
*heap_alloc@xrealloc[i8* %call][16]	*heap_alloc@xrealloc[i8* %call][*]
*heap_alloc@xrealloc[i8* %call][24]	*heap_alloc@xrealloc[i8* %call][*]
*heap_alloc@xrealloc[i8* %call][32]	*heap_alloc@xrealloc[i8* %call][*]
*heap_alloc@xrealloc[i8* %call][40]	*heap_alloc@xrealloc[i8* %call][*]
*heap_alloc@xrealloc[i8* %call][48]	*heap_alloc@xrealloc[i8* %call][*]
*heap_alloc@xrealloc[i8* %call][56]	*heap_alloc@xrealloc[i8* %call][*]
*heap_alloc@xrealloc[i8* %call][64]	*heap_alloc@xrealloc[i8* %call][*]
*stack_alloc@quotearg_buffer_restyled[%struct.__mbstate_t* %mbstate][0].?/0	*stack_alloc@quotearg_buffer_restyled[%struct.__mbstate_t* %mbstate][*].?/0
*stack_alloc@quotearg_buffer_restyled[%struct.__mbstate_t* %mbstate][0].?/1	*stack_alloc@quotearg_buffer_restyled[%struct.__mbstate_t* %mbstate][*].?/1
*stack_alloc@gettext_quote[i8** %retval][0]	*stack_alloc@gettext_quote[i8** %retval][*]
*stack_alloc@gettext_quote[i8** %msgid.addr][0]	*stack_alloc@gettext_quote[i8** %msgid.addr][*]
*stack_alloc@gettext_quote[i32* %s.addr][0]	*stack_alloc@gettext_quote[i32* %s.addr][*]
*stack_alloc@gettext_quote[i8** %translation][0]	*stack_alloc@gettext_quote[i8** %translation][*]
*stack_alloc@gettext_quote[i8** %locale_code][0]	*stack_alloc@gettext_quote[i8** %locale_code][*]
*stack_alloc@xmalloc[i64* %n.addr][0]	*stack_alloc@xmalloc[i64* %n.addr][*]
*stack_alloc@xmalloc[i8** %p][0]	*stack_alloc@xmalloc[i8** %p][*]
*stack_alloc@rpl_mbrtowc[i64* %retval][0]	*stack_alloc@rpl_mbrtowc[i64* %retval][*]
*stack_alloc@rpl_mbrtowc[i32** %pwc.addr][0]	*stack_alloc@rpl_mbrtowc[i32** %pwc.addr][*]
*stack_alloc@rpl_mbrtowc[i8** %s.addr][0]	*stack_alloc@rpl_mbrtowc[i8** %s.addr][*]
*stack_alloc@rpl_mbrtowc[i64* %n.addr][0]	*stack_alloc@rpl_mbrtowc[i64* %n.addr][*]
*stack_alloc@rpl_mbrtowc[%struct.__mbstate_t** %ps.addr][0]	*stack_alloc@rpl_mbrtowc[%struct.__mbstate_t** %ps.addr][*]
*heap_alloc@xmalloc[i8* %call][0]	*heap_alloc@xmalloc[i8* %call][*]
*heap_alloc@xmalloc[i8* %call][1]	*heap_alloc@xmalloc[i8* %call][*]
*heap_alloc@xmalloc[i8* %call][3]	*heap_alloc@xmalloc[i8* %call][*]
*heap_alloc@xmalloc[i8* %call][8]	*heap_alloc@xmalloc[i8* %call][*]
*heap_alloc@xmalloc[i8* %call][16]	*heap_alloc@xmalloc[i8* %call][*]
*heap_alloc@xmalloc[i8* %call][24]	*heap_alloc@xmalloc[i8* %call][*]
*heap_alloc@xmalloc[i8* %call][32]	*heap_alloc@xmalloc[i8* %call][*]
*heap_alloc@xmalloc[i8* %call][40]	*heap_alloc@xmalloc[i8* %call][*]
*heap_alloc@xmalloc[i8* %call][48]	*heap_alloc@xmalloc[i8* %call][*]
*heap_alloc@xmalloc[i8* %call][56]	*heap_alloc@xmalloc[i8* %call][*]
*heap_alloc@xmalloc[i8* %call][64]	*heap_alloc@xmalloc[i8* %call][*]
*stack_alloc@quotearg_buffer_restyled[%struct.__mbstate_t* %mbstate][0].?/1.?/0	*stack_alloc@quotearg_buffer_restyled[%struct.__mbstate_t* %mbstate][*].?/1.?/0
*stack_alloc@c_strcasecmp[i32* %retval][0]	*stack_alloc@c_strcasecmp[i32* %retval][*]
*stack_alloc@c_strcasecmp[i8** %s1.addr][0]	*stack_alloc@c_strcasecmp[i8** %s1.addr][*]
*stack_alloc@c_strcasecmp[i8** %s2.addr][0]	*stack_alloc@c_strcasecmp[i8** %s2.addr][*]
*stack_alloc@c_strcasecmp[i8** %p1][0]	*stack_alloc@c_strcasecmp[i8** %p1][*]
*stack_alloc@c_strcasecmp[i8** %p2][0]	*stack_alloc@c_strcasecmp[i8** %p2][*]
*stack_alloc@c_strcasecmp[i8* %c1][0]	*stack_alloc@c_strcasecmp[i8* %c1][*]
*stack_alloc@c_strcasecmp[i8* %c2][0]	*stack_alloc@c_strcasecmp[i8* %c2][*]
*stack_alloc@locale_charset[i8** %codeset][0]	*stack_alloc@locale_charset[i8** %codeset][*]
*stack_alloc@locale_charset[i8** %aliases][0]	*stack_alloc@locale_charset[i8** %aliases][*]
*stack_alloc@get_charset_aliases[i8** %cp][0]	*stack_alloc@get_charset_aliases[i8** %cp][*]
*stack_alloc@get_charset_aliases[i8** %dir][0]	*stack_alloc@get_charset_aliases[i8** %dir][*]
*stack_alloc@get_charset_aliases[i8** %base][0]	*stack_alloc@get_charset_aliases[i8** %base][*]
*stack_alloc@get_charset_aliases[i8** %file_name][0]	*stack_alloc@get_charset_aliases[i8** %file_name][*]
*stack_alloc@get_charset_aliases[i64* %dir_len][0]	*stack_alloc@get_charset_aliases[i64* %dir_len][*]
*stack_alloc@get_charset_aliases[i64* %base_len][0]	*stack_alloc@get_charset_aliases[i64* %base_len][*]
*stack_alloc@get_charset_aliases[i32* %add_slash][0]	*stack_alloc@get_charset_aliases[i32* %add_slash][*]
*stack_alloc@get_charset_aliases[i32* %fd][0]	*stack_alloc@get_charset_aliases[i32* %fd][*]
*stack_alloc@get_charset_aliases[%struct._IO_FILE** %fp][0]	*stack_alloc@get_charset_aliases[%struct._IO_FILE** %fp][*]
*stack_alloc@get_charset_aliases[i8** %res_ptr][0]	*stack_alloc@get_charset_aliases[i8** %res_ptr][*]
*stack_alloc@get_charset_aliases[i64* %res_size][0]	*stack_alloc@get_charset_aliases[i64* %res_size][*]
*stack_alloc@get_charset_aliases[i32* %c][0]	*stack_alloc@get_charset_aliases[i32* %c][*]
*stack_alloc@get_charset_aliases[[51 x i8]* %buf1][0]	*stack_alloc@get_charset_aliases[[51 x i8]* %buf1][*]
*stack_alloc@get_charset_aliases[[51 x i8]* %buf2][0]	*stack_alloc@get_charset_aliases[[51 x i8]* %buf2][*]
*stack_alloc@get_charset_aliases[i64* %l1][0]	*stack_alloc@get_charset_aliases[i64* %l1][*]
*stack_alloc@get_charset_aliases[i64* %l2][0]	*stack_alloc@get_charset_aliases[i64* %l2][*]
*stack_alloc@get_charset_aliases[i8** %old_res_ptr][0]	*stack_alloc@get_charset_aliases[i8** %old_res_ptr][*]
*stack_alloc@c_tolower[i32* %c.addr][0]	*stack_alloc@c_tolower[i32* %c.addr][*]
*heap_alloc@get_charset_aliases[i8* %call16][0]	*heap_alloc@get_charset_aliases[i8* %call16][*]
*heap_alloc@get_charset_aliases[i8* %call16][1]	*heap_alloc@get_charset_aliases[i8* %call16][*]
*heap_alloc@get_charset_aliases[i8* %call16][3]	*heap_alloc@get_charset_aliases[i8* %call16][*]
*heap_alloc@get_charset_aliases[i8* %call16][8]	*heap_alloc@get_charset_aliases[i8* %call16][*]
*heap_alloc@get_charset_aliases[i8* %call16][16]	*heap_alloc@get_charset_aliases[i8* %call16][*]
*heap_alloc@get_charset_aliases[i8* %call16][24]	*heap_alloc@get_charset_aliases[i8* %call16][*]
*heap_alloc@get_charset_aliases[i8* %call16][32]	*heap_alloc@get_charset_aliases[i8* %call16][*]
*heap_alloc@get_charset_aliases[i8* %call16][40]	*heap_alloc@get_charset_aliases[i8* %call16][*]
*heap_alloc@get_charset_aliases[i8* %call16][48]	*heap_alloc@get_charset_aliases[i8* %call16][*]
*heap_alloc@get_charset_aliases[i8* %call16][56]	*heap_alloc@get_charset_aliases[i8* %call16][*]
*heap_alloc@get_charset_aliases[i8* %call16][64]	*heap_alloc@get_charset_aliases[i8* %call16][*]
*heap_alloc@get_charset_aliases[i8* %call87][0]	*heap_alloc@get_charset_aliases[i8* %call87][*]
*heap_alloc@get_charset_aliases[i8* %call87][1]	*heap_alloc@get_charset_aliases[i8* %call87][*]
*heap_alloc@get_charset_aliases[i8* %call87][3]	*heap_alloc@get_charset_aliases[i8* %call87][*]
*heap_alloc@get_charset_aliases[i8* %call87][8]	*heap_alloc@get_charset_aliases[i8* %call87][*]
*heap_alloc@get_charset_aliases[i8* %call87][16]	*heap_alloc@get_charset_aliases[i8* %call87][*]
*heap_alloc@get_charset_aliases[i8* %call87][24]	*heap_alloc@get_charset_aliases[i8* %call87][*]
*heap_alloc@get_charset_aliases[i8* %call87][32]	*heap_alloc@get_charset_aliases[i8* %call87][*]
*heap_alloc@get_charset_aliases[i8* %call87][40]	*heap_alloc@get_charset_aliases[i8* %call87][*]
*heap_alloc@get_charset_aliases[i8* %call87][48]	*heap_alloc@get_charset_aliases[i8* %call87][*]
*heap_alloc@get_charset_aliases[i8* %call87][56]	*heap_alloc@get_charset_aliases[i8* %call87][*]
*heap_alloc@get_charset_aliases[i8* %call87][64]	*heap_alloc@get_charset_aliases[i8* %call87][*]
*heap_alloc@get_charset_aliases[i8* %call94][0]	*heap_alloc@get_charset_aliases[i8* %call94][*]
*heap_alloc@get_charset_aliases[i8* %call94][1]	*heap_alloc@get_charset_aliases[i8* %call94][*]
*heap_alloc@get_charset_aliases[i8* %call94][3]	*heap_alloc@get_charset_aliases[i8* %call94][*]
*heap_alloc@get_charset_aliases[i8* %call94][8]	*heap_alloc@get_charset_aliases[i8* %call94][*]
*heap_alloc@get_charset_aliases[i8* %call94][16]	*heap_alloc@get_charset_aliases[i8* %call94][*]
*heap_alloc@get_charset_aliases[i8* %call94][24]	*heap_alloc@get_charset_aliases[i8* %call94][*]
*heap_alloc@get_charset_aliases[i8* %call94][32]	*heap_alloc@get_charset_aliases[i8* %call94][*]
*heap_alloc@get_charset_aliases[i8* %call94][40]	*heap_alloc@get_charset_aliases[i8* %call94][*]
*heap_alloc@get_charset_aliases[i8* %call94][48]	*heap_alloc@get_charset_aliases[i8* %call94][*]
*heap_alloc@get_charset_aliases[i8* %call94][56]	*heap_alloc@get_charset_aliases[i8* %call94][*]
*heap_alloc@get_charset_aliases[i8* %call94][64]	*heap_alloc@get_charset_aliases[i8* %call94][*]
*stack_alloc@get_charset_aliases[[51 x i8]* %buf1][0][*]	*stack_alloc@get_charset_aliases[[51 x i8]* %buf1][*][*]
*stack_alloc@get_charset_aliases[[51 x i8]* %buf2][0][*]	*stack_alloc@get_charset_aliases[[51 x i8]* %buf2][*][*]
*typed_heap_alloc@xrealloc[%struct.slotvec* %call][0]	*typed_heap_alloc@xrealloc[%struct.slotvec* %call][*]
*typed_heap_alloc@xrealloc[%struct.slotvec* %call][0].?/0	*typed_heap_alloc@xrealloc[%struct.slotvec* %call][*].?/0
*typed_heap_alloc@xrealloc[%struct.slotvec* %call][0].?/1	*typed_heap_alloc@xrealloc[%struct.slotvec* %call][*].?/1
*typed_heap_alloc@xrealloc[i8* %call][0]	*typed_heap_alloc@xrealloc[i8* %call][*]
*typed_heap_alloc@xrealloc[i8* %call][1]	*typed_heap_alloc@xrealloc[i8* %call][*]
*typed_heap_alloc@xrealloc[i8* %call][3]	*typed_heap_alloc@xrealloc[i8* %call][*]
*typed_heap_alloc@xrealloc[i8* %call][8]	*typed_heap_alloc@xrealloc[i8* %call][*]
*typed_heap_alloc@xrealloc[i8* %call][16]	*typed_heap_alloc@xrealloc[i8* %call][*]
*typed_heap_alloc@xrealloc[i8* %call][24]	*typed_heap_alloc@xrealloc[i8* %call][*]
*typed_heap_alloc@xrealloc[i8* %call][32]	*typed_heap_alloc@xrealloc[i8* %call][*]
*typed_heap_alloc@xrealloc[i8* %call][40]	*typed_heap_alloc@xrealloc[i8* %call][*]
*typed_heap_alloc@xrealloc[i8* %call][48]	*typed_heap_alloc@xrealloc[i8* %call][*]
*typed_heap_alloc@xrealloc[i8* %call][56]	*typed_heap_alloc@xrealloc[i8* %call][*]
*typed_heap_alloc@xrealloc[i8* %call][64]	*typed_heap_alloc@xrealloc[i8* %call][*]
