</home/anonymous/eqlog-steensgaard-analysis-benchmark/benchmarks/coreutils-8.24/printenv.bc>:main:%cond61	</home/anonymous/eqlog-steensgaard-analysis-benchmark/benchmarks/coreutils-8.24/printenv.bc>:main:185:0:0
</home/anonymous/eqlog-steensgaard-analysis-benchmark/benchmarks/coreutils-8.24/printenv.bc>:main:%cond61	</home/anonymous/eqlog-steensgaard-analysis-benchmark/benchmarks/coreutils-8.24/printenv.bc>:main:185:1:1
</home/anonymous/eqlog-steensgaard-analysis-benchmark/benchmarks/coreutils-8.24/printenv.bc>:main:%cond45	</home/anonymous/eqlog-steensgaard-analysis-benchmark/benchmarks/coreutils-8.24/printenv.bc>:main:154:0:0
</home/anonymous/eqlog-steensgaard-analysis-benchmark/benchmarks/coreutils-8.24/printenv.bc>:main:%cond45	</home/anonymous/eqlog-steensgaard-analysis-benchmark/benchmarks/coreutils-8.24/printenv.bc>:main:154:1:10
</home/anonymous/eqlog-steensgaard-analysis-benchmark/benchmarks/coreutils-8.24/printenv.bc>:main:%38	</home/anonymous/eqlog-steensgaard-analysis-benchmark/benchmarks/coreutils-8.24/printenv.bc>:main:138:0:false
</home/anonymous/eqlog-steensgaard-analysis-benchmark/benchmarks/coreutils-8.24/printenv.bc>:main:%38	</home/anonymous/eqlog-steensgaard-analysis-benchmark/benchmarks/coreutils-8.24/printenv.bc>:main:138:1:false
</home/anonymous/eqlog-steensgaard-analysis-benchmark/benchmarks/coreutils-8.24/printenv.bc>:main:%38	</home/anonymous/eqlog-steensgaard-analysis-benchmark/benchmarks/coreutils-8.24/printenv.bc>:main:%cmp32
</home/anonymous/eqlog-steensgaard-analysis-benchmark/benchmarks/coreutils-8.24/printenv.bc>:main:%cond	</home/anonymous/eqlog-steensgaard-analysis-benchmark/benchmarks/coreutils-8.24/printenv.bc>:main:70:0:0
</home/anonymous/eqlog-steensgaard-analysis-benchmark/benchmarks/coreutils-8.24/printenv.bc>:main:%cond	</home/anonymous/eqlog-steensgaard-analysis-benchmark/benchmarks/coreutils-8.24/printenv.bc>:main:70:1:10
</home/anonymous/eqlog-steensgaard-analysis-benchmark/benchmarks/coreutils-8.24/printenv.bc>:emit_ancillary_info:%cond	</home/anonymous/eqlog-steensgaard-analysis-benchmark/benchmarks/coreutils-8.24/printenv.bc>:emit_ancillary_info:65:0:getelementptr inbounds ([12 x i8], [12 x i8]* @.str.29, i32 0, i32 0)
</home/anonymous/eqlog-steensgaard-analysis-benchmark/benchmarks/coreutils-8.24/printenv.bc>:emit_ancillary_info:%cond	</home/anonymous/eqlog-steensgaard-analysis-benchmark/benchmarks/coreutils-8.24/printenv.bc>:emit_ancillary_info:65:4:getelementptr inbounds ([1 x i8], [1 x i8]* @.str.6, i32 0, i32 0)
</home/anonymous/eqlog-steensgaard-analysis-benchmark/benchmarks/coreutils-8.24/printenv.bc>:emit_ancillary_info:%6	</home/anonymous/eqlog-steensgaard-analysis-benchmark/benchmarks/coreutils-8.24/printenv.bc>:emit_ancillary_info:25:0:false
</home/anonymous/eqlog-steensgaard-analysis-benchmark/benchmarks/coreutils-8.24/printenv.bc>:emit_ancillary_info:%6	</home/anonymous/eqlog-steensgaard-analysis-benchmark/benchmarks/coreutils-8.24/printenv.bc>:emit_ancillary_info:%lnot
</home/anonymous/eqlog-steensgaard-analysis-benchmark/benchmarks/coreutils-8.24/printenv.bc>:set_program_name:%sub.ptr.rhs.cast	</home/anonymous/eqlog-steensgaard-analysis-benchmark/benchmarks/coreutils-8.24/printenv.bc>:set_program_name:%7
</home/anonymous/eqlog-steensgaard-analysis-benchmark/benchmarks/coreutils-8.24/printenv.bc>:set_program_name:%cond	</home/anonymous/eqlog-steensgaard-analysis-benchmark/benchmarks/coreutils-8.24/printenv.bc>:set_program_name:%5
</home/anonymous/eqlog-steensgaard-analysis-benchmark/benchmarks/coreutils-8.24/printenv.bc>:set_program_name:%cond	</home/anonymous/eqlog-steensgaard-analysis-benchmark/benchmarks/coreutils-8.24/printenv.bc>:set_program_name:%add.ptr
</home/anonymous/eqlog-steensgaard-analysis-benchmark/benchmarks/coreutils-8.24/printenv.bc>:set_program_name:%sub.ptr.lhs.cast	</home/anonymous/eqlog-steensgaard-analysis-benchmark/benchmarks/coreutils-8.24/printenv.bc>:set_program_name:%6
</home/anonymous/eqlog-steensgaard-analysis-benchmark/benchmarks/coreutils-8.24/printenv.bc>:version_etc_va:%9	</home/anonymous/eqlog-steensgaard-analysis-benchmark/benchmarks/coreutils-8.24/printenv.bc>:version_etc_va:49:0:false
</home/anonymous/eqlog-steensgaard-analysis-benchmark/benchmarks/coreutils-8.24/printenv.bc>:version_etc_va:%9	</home/anonymous/eqlog-steensgaard-analysis-benchmark/benchmarks/coreutils-8.24/printenv.bc>:version_etc_va:%cmp1
</home/anonymous/eqlog-steensgaard-analysis-benchmark/benchmarks/coreutils-8.24/printenv.bc>:version_etc_va:%vaarg.addr	</home/anonymous/eqlog-steensgaard-analysis-benchmark/benchmarks/coreutils-8.24/printenv.bc>:version_etc_va:%6
</home/anonymous/eqlog-steensgaard-analysis-benchmark/benchmarks/coreutils-8.24/printenv.bc>:version_etc_va:%vaarg.addr	</home/anonymous/eqlog-steensgaard-analysis-benchmark/benchmarks/coreutils-8.24/printenv.bc>:version_etc_va:%4
</home/anonymous/eqlog-steensgaard-analysis-benchmark/benchmarks/coreutils-8.24/printenv.bc>:version_etc_va:%6	</home/anonymous/eqlog-steensgaard-analysis-benchmark/benchmarks/coreutils-8.24/printenv.bc>:version_etc_va:%overflow_arg_area
</home/anonymous/eqlog-steensgaard-analysis-benchmark/benchmarks/coreutils-8.24/printenv.bc>:version_etc_va:%4	</home/anonymous/eqlog-steensgaard-analysis-benchmark/benchmarks/coreutils-8.24/printenv.bc>:version_etc_va:%3
</home/anonymous/eqlog-steensgaard-analysis-benchmark/benchmarks/coreutils-8.24/printenv.bc>:version_etc:%arraydecay34	</home/anonymous/eqlog-steensgaard-analysis-benchmark/benchmarks/coreutils-8.24/printenv.bc>:version_etc:%arraydecay3
</home/anonymous/eqlog-steensgaard-analysis-benchmark/benchmarks/coreutils-8.24/printenv.bc>:version_etc:%arraydecay1	</home/anonymous/eqlog-steensgaard-analysis-benchmark/benchmarks/coreutils-8.24/printenv.bc>:version_etc:%arraydecay
