</home/anonymous/eqlog-steensgaard-analysis-benchmark/benchmarks/coreutils-8.24/chown.bc>:xmalloc:6	*heap_alloc@xmalloc[i8* %call]
</home/anonymous/eqlog-steensgaard-analysis-benchmark/benchmarks/coreutils-8.24/chown.bc>:xrealloc:19	*heap_alloc@xrealloc[i8* %call]
</home/anonymous/eqlog-steensgaard-analysis-benchmark/benchmarks/coreutils-8.24/chown.bc>:rpl_calloc:37	*heap_alloc@rpl_calloc[i8* %call5]
</home/anonymous/eqlog-steensgaard-analysis-benchmark/benchmarks/coreutils-8.24/chown.bc>:fts_open:58	*heap_alloc@fts_open[i8* %call14]
</home/anonymous/eqlog-steensgaard-analysis-benchmark/benchmarks/coreutils-8.24/chown.bc>:fts_palloc:45	*heap_alloc@fts_palloc[i8* %call7]
</home/anonymous/eqlog-steensgaard-analysis-benchmark/benchmarks/coreutils-8.24/chown.bc>:fts_alloc:24	*heap_alloc@fts_alloc[i8* %call]
</home/anonymous/eqlog-steensgaard-analysis-benchmark/benchmarks/coreutils-8.24/chown.bc>:fts_sort:57	*heap_alloc@fts_sort[i8* %call]
</home/anonymous/eqlog-steensgaard-analysis-benchmark/benchmarks/coreutils-8.24/chown.bc>:setup_dir:24	*heap_alloc@setup_dir[i8* %call5]
</home/anonymous/eqlog-steensgaard-analysis-benchmark/benchmarks/coreutils-8.24/chown.bc>:link_count_optimize_ok:67	*heap_alloc@link_count_optimize_ok[i8* %call17]
</home/anonymous/eqlog-steensgaard-analysis-benchmark/benchmarks/coreutils-8.24/chown.bc>:enter_dir:22	*heap_alloc@enter_dir[i8* %call]
</home/anonymous/eqlog-steensgaard-analysis-benchmark/benchmarks/coreutils-8.24/chown.bc>:hash_initialize:28	*heap_alloc@hash_initialize[i8* %call]
</home/anonymous/eqlog-steensgaard-analysis-benchmark/benchmarks/coreutils-8.24/chown.bc>:allocate_entry:21	*heap_alloc@allocate_entry[i8* %call]
</home/anonymous/eqlog-steensgaard-analysis-benchmark/benchmarks/coreutils-8.24/chown.bc>:get_charset_aliases:71	*heap_alloc@get_charset_aliases[i8* %call16]
</home/anonymous/eqlog-steensgaard-analysis-benchmark/benchmarks/coreutils-8.24/chown.bc>:get_charset_aliases:203	*heap_alloc@get_charset_aliases[i8* %call87]
</home/anonymous/eqlog-steensgaard-analysis-benchmark/benchmarks/coreutils-8.24/chown.bc>:get_charset_aliases:217	*heap_alloc@get_charset_aliases[i8* %call94]
</home/anonymous/eqlog-steensgaard-analysis-benchmark/benchmarks/coreutils-8.24/chown.bc>:usage:0	*stack_alloc@usage[i32* %status.addr]
</home/anonymous/eqlog-steensgaard-analysis-benchmark/benchmarks/coreutils-8.24/chown.bc>:main:0	*stack_alloc@main[i32* %retval]
</home/anonymous/eqlog-steensgaard-analysis-benchmark/benchmarks/coreutils-8.24/chown.bc>:main:1	*stack_alloc@main[i32* %argc.addr]
</home/anonymous/eqlog-steensgaard-analysis-benchmark/benchmarks/coreutils-8.24/chown.bc>:main:2	*stack_alloc@main[i8*** %argv.addr]
</home/anonymous/eqlog-steensgaard-analysis-benchmark/benchmarks/coreutils-8.24/chown.bc>:main:3	*stack_alloc@main[i8* %preserve_root]
</home/anonymous/eqlog-steensgaard-analysis-benchmark/benchmarks/coreutils-8.24/chown.bc>:main:4	*stack_alloc@main[i32* %uid]
</home/anonymous/eqlog-steensgaard-analysis-benchmark/benchmarks/coreutils-8.24/chown.bc>:main:5	*stack_alloc@main[i32* %gid]
</home/anonymous/eqlog-steensgaard-analysis-benchmark/benchmarks/coreutils-8.24/chown.bc>:main:6	*stack_alloc@main[i32* %required_uid]
</home/anonymous/eqlog-steensgaard-analysis-benchmark/benchmarks/coreutils-8.24/chown.bc>:main:7	*stack_alloc@main[i32* %required_gid]
</home/anonymous/eqlog-steensgaard-analysis-benchmark/benchmarks/coreutils-8.24/chown.bc>:main:8	*stack_alloc@main[i32* %bit_flags]
</home/anonymous/eqlog-steensgaard-analysis-benchmark/benchmarks/coreutils-8.24/chown.bc>:main:9	*stack_alloc@main[i32* %dereference]
</home/anonymous/eqlog-steensgaard-analysis-benchmark/benchmarks/coreutils-8.24/chown.bc>:main:10	*stack_alloc@main[%struct.Chown_option* %chopt]
</home/anonymous/eqlog-steensgaard-analysis-benchmark/benchmarks/coreutils-8.24/chown.bc>:main:11	*stack_alloc@main[i8* %ok]
</home/anonymous/eqlog-steensgaard-analysis-benchmark/benchmarks/coreutils-8.24/chown.bc>:main:12	*stack_alloc@main[i32* %optc]
</home/anonymous/eqlog-steensgaard-analysis-benchmark/benchmarks/coreutils-8.24/chown.bc>:main:13	*stack_alloc@main[i8** %e]
</home/anonymous/eqlog-steensgaard-analysis-benchmark/benchmarks/coreutils-8.24/chown.bc>:main:14	*stack_alloc@main[%struct.stat* %ref_stats]
</home/anonymous/eqlog-steensgaard-analysis-benchmark/benchmarks/coreutils-8.24/chown.bc>:main:15	*stack_alloc@main[i8** %e61]
</home/anonymous/eqlog-steensgaard-analysis-benchmark/benchmarks/coreutils-8.24/chown.bc>:emit_ancillary_info:0	*stack_alloc@emit_ancillary_info[i8** %program.addr]
</home/anonymous/eqlog-steensgaard-analysis-benchmark/benchmarks/coreutils-8.24/chown.bc>:emit_ancillary_info:1	*stack_alloc@emit_ancillary_info[i8** %node]
</home/anonymous/eqlog-steensgaard-analysis-benchmark/benchmarks/coreutils-8.24/chown.bc>:emit_ancillary_info:2	*stack_alloc@emit_ancillary_info[%struct.infomap** %map_prog]
</home/anonymous/eqlog-steensgaard-analysis-benchmark/benchmarks/coreutils-8.24/chown.bc>:emit_ancillary_info:3	*stack_alloc@emit_ancillary_info[i8** %lc_messages]
</home/anonymous/eqlog-steensgaard-analysis-benchmark/benchmarks/coreutils-8.24/chown.bc>:bad_cast:0	*stack_alloc@bad_cast[i8** %s.addr]
</home/anonymous/eqlog-steensgaard-analysis-benchmark/benchmarks/coreutils-8.24/chown.bc>:chopt_init:0	*stack_alloc@chopt_init[%struct.Chown_option** %chopt.addr]
</home/anonymous/eqlog-steensgaard-analysis-benchmark/benchmarks/coreutils-8.24/chown.bc>:chopt_free:0	*stack_alloc@chopt_free[%struct.Chown_option** %chopt.addr]
</home/anonymous/eqlog-steensgaard-analysis-benchmark/benchmarks/coreutils-8.24/chown.bc>:gid_to_name:0	*stack_alloc@gid_to_name[i32* %gid.addr]
</home/anonymous/eqlog-steensgaard-analysis-benchmark/benchmarks/coreutils-8.24/chown.bc>:gid_to_name:1	*stack_alloc@gid_to_name[[21 x i8]* %buf]
</home/anonymous/eqlog-steensgaard-analysis-benchmark/benchmarks/coreutils-8.24/chown.bc>:gid_to_name:2	*stack_alloc@gid_to_name[%struct.group** %grp]
</home/anonymous/eqlog-steensgaard-analysis-benchmark/benchmarks/coreutils-8.24/chown.bc>:uid_to_name:0	*stack_alloc@uid_to_name[i32* %uid.addr]
</home/anonymous/eqlog-steensgaard-analysis-benchmark/benchmarks/coreutils-8.24/chown.bc>:uid_to_name:1	*stack_alloc@uid_to_name[[21 x i8]* %buf]
</home/anonymous/eqlog-steensgaard-analysis-benchmark/benchmarks/coreutils-8.24/chown.bc>:uid_to_name:2	*stack_alloc@uid_to_name[%struct.passwd** %pwd]
</home/anonymous/eqlog-steensgaard-analysis-benchmark/benchmarks/coreutils-8.24/chown.bc>:chown_files:0	*stack_alloc@chown_files[i8*** %files.addr]
</home/anonymous/eqlog-steensgaard-analysis-benchmark/benchmarks/coreutils-8.24/chown.bc>:chown_files:1	*stack_alloc@chown_files[i32* %bit_flags.addr]
</home/anonymous/eqlog-steensgaard-analysis-benchmark/benchmarks/coreutils-8.24/chown.bc>:chown_files:2	*stack_alloc@chown_files[i32* %uid.addr]
</home/anonymous/eqlog-steensgaard-analysis-benchmark/benchmarks/coreutils-8.24/chown.bc>:chown_files:3	*stack_alloc@chown_files[i32* %gid.addr]
</home/anonymous/eqlog-steensgaard-analysis-benchmark/benchmarks/coreutils-8.24/chown.bc>:chown_files:4	*stack_alloc@chown_files[i32* %required_uid.addr]
</home/anonymous/eqlog-steensgaard-analysis-benchmark/benchmarks/coreutils-8.24/chown.bc>:chown_files:5	*stack_alloc@chown_files[i32* %required_gid.addr]
</home/anonymous/eqlog-steensgaard-analysis-benchmark/benchmarks/coreutils-8.24/chown.bc>:chown_files:6	*stack_alloc@chown_files[%struct.Chown_option** %chopt.addr]
</home/anonymous/eqlog-steensgaard-analysis-benchmark/benchmarks/coreutils-8.24/chown.bc>:chown_files:7	*stack_alloc@chown_files[i8* %ok]
</home/anonymous/eqlog-steensgaard-analysis-benchmark/benchmarks/coreutils-8.24/chown.bc>:chown_files:8	*stack_alloc@chown_files[i32* %stat_flags]
</home/anonymous/eqlog-steensgaard-analysis-benchmark/benchmarks/coreutils-8.24/chown.bc>:chown_files:9	*stack_alloc@chown_files[%struct.FTS** %fts]
</home/anonymous/eqlog-steensgaard-analysis-benchmark/benchmarks/coreutils-8.24/chown.bc>:chown_files:10	*stack_alloc@chown_files[%struct._ftsent** %ent]
</home/anonymous/eqlog-steensgaard-analysis-benchmark/benchmarks/coreutils-8.24/chown.bc>:change_file_owner:0	*stack_alloc@change_file_owner[i1* %retval]
</home/anonymous/eqlog-steensgaard-analysis-benchmark/benchmarks/coreutils-8.24/chown.bc>:change_file_owner:1	*stack_alloc@change_file_owner[%struct.FTS** %fts.addr]
</home/anonymous/eqlog-steensgaard-analysis-benchmark/benchmarks/coreutils-8.24/chown.bc>:change_file_owner:2	*stack_alloc@change_file_owner[%struct._ftsent** %ent.addr]
</home/anonymous/eqlog-steensgaard-analysis-benchmark/benchmarks/coreutils-8.24/chown.bc>:change_file_owner:3	*stack_alloc@change_file_owner[i32* %uid.addr]
</home/anonymous/eqlog-steensgaard-analysis-benchmark/benchmarks/coreutils-8.24/chown.bc>:change_file_owner:4	*stack_alloc@change_file_owner[i32* %gid.addr]
</home/anonymous/eqlog-steensgaard-analysis-benchmark/benchmarks/coreutils-8.24/chown.bc>:change_file_owner:5	*stack_alloc@change_file_owner[i32* %required_uid.addr]
</home/anonymous/eqlog-steensgaard-analysis-benchmark/benchmarks/coreutils-8.24/chown.bc>:change_file_owner:6	*stack_alloc@change_file_owner[i32* %required_gid.addr]
</home/anonymous/eqlog-steensgaard-analysis-benchmark/benchmarks/coreutils-8.24/chown.bc>:change_file_owner:7	*stack_alloc@change_file_owner[%struct.Chown_option** %chopt.addr]
</home/anonymous/eqlog-steensgaard-analysis-benchmark/benchmarks/coreutils-8.24/chown.bc>:change_file_owner:8	*stack_alloc@change_file_owner[i8** %file_full_name]
</home/anonymous/eqlog-steensgaard-analysis-benchmark/benchmarks/coreutils-8.24/chown.bc>:change_file_owner:9	*stack_alloc@change_file_owner[i8** %file]
</home/anonymous/eqlog-steensgaard-analysis-benchmark/benchmarks/coreutils-8.24/chown.bc>:change_file_owner:10	*stack_alloc@change_file_owner[%struct.stat** %file_stats]
</home/anonymous/eqlog-steensgaard-analysis-benchmark/benchmarks/coreutils-8.24/chown.bc>:change_file_owner:11	*stack_alloc@change_file_owner[%struct.stat* %stat_buf]
</home/anonymous/eqlog-steensgaard-analysis-benchmark/benchmarks/coreutils-8.24/chown.bc>:change_file_owner:12	*stack_alloc@change_file_owner[i8* %ok]
</home/anonymous/eqlog-steensgaard-analysis-benchmark/benchmarks/coreutils-8.24/chown.bc>:change_file_owner:13	*stack_alloc@change_file_owner[i8* %do_chown]
</home/anonymous/eqlog-steensgaard-analysis-benchmark/benchmarks/coreutils-8.24/chown.bc>:change_file_owner:14	*stack_alloc@change_file_owner[i8* %symlink_changed]
</home/anonymous/eqlog-steensgaard-analysis-benchmark/benchmarks/coreutils-8.24/chown.bc>:change_file_owner:15	*stack_alloc@change_file_owner[%struct._ftsent** %__x]
</home/anonymous/eqlog-steensgaard-analysis-benchmark/benchmarks/coreutils-8.24/chown.bc>:change_file_owner:16	*stack_alloc@change_file_owner[i32* %err]
</home/anonymous/eqlog-steensgaard-analysis-benchmark/benchmarks/coreutils-8.24/chown.bc>:change_file_owner:17	*stack_alloc@change_file_owner[i8* %changed]
</home/anonymous/eqlog-steensgaard-analysis-benchmark/benchmarks/coreutils-8.24/chown.bc>:change_file_owner:18	*stack_alloc@change_file_owner[i32* %ch_status]
</home/anonymous/eqlog-steensgaard-analysis-benchmark/benchmarks/coreutils-8.24/chown.bc>:change_file_owner:19	*stack_alloc@change_file_owner[i8** %old_usr]
</home/anonymous/eqlog-steensgaard-analysis-benchmark/benchmarks/coreutils-8.24/chown.bc>:change_file_owner:20	*stack_alloc@change_file_owner[i8** %old_grp]
</home/anonymous/eqlog-steensgaard-analysis-benchmark/benchmarks/coreutils-8.24/chown.bc>:restricted_chown:0	*stack_alloc@restricted_chown[i32* %retval]
</home/anonymous/eqlog-steensgaard-analysis-benchmark/benchmarks/coreutils-8.24/chown.bc>:restricted_chown:1	*stack_alloc@restricted_chown[i32* %cwd_fd.addr]
</home/anonymous/eqlog-steensgaard-analysis-benchmark/benchmarks/coreutils-8.24/chown.bc>:restricted_chown:2	*stack_alloc@restricted_chown[i8** %file.addr]
</home/anonymous/eqlog-steensgaard-analysis-benchmark/benchmarks/coreutils-8.24/chown.bc>:restricted_chown:3	*stack_alloc@restricted_chown[%struct.stat** %orig_st.addr]
</home/anonymous/eqlog-steensgaard-analysis-benchmark/benchmarks/coreutils-8.24/chown.bc>:restricted_chown:4	*stack_alloc@restricted_chown[i32* %uid.addr]
</home/anonymous/eqlog-steensgaard-analysis-benchmark/benchmarks/coreutils-8.24/chown.bc>:restricted_chown:5	*stack_alloc@restricted_chown[i32* %gid.addr]
</home/anonymous/eqlog-steensgaard-analysis-benchmark/benchmarks/coreutils-8.24/chown.bc>:restricted_chown:6	*stack_alloc@restricted_chown[i32* %required_uid.addr]
</home/anonymous/eqlog-steensgaard-analysis-benchmark/benchmarks/coreutils-8.24/chown.bc>:restricted_chown:7	*stack_alloc@restricted_chown[i32* %required_gid.addr]
</home/anonymous/eqlog-steensgaard-analysis-benchmark/benchmarks/coreutils-8.24/chown.bc>:restricted_chown:8	*stack_alloc@restricted_chown[i32* %status]
</home/anonymous/eqlog-steensgaard-analysis-benchmark/benchmarks/coreutils-8.24/chown.bc>:restricted_chown:9	*stack_alloc@restricted_chown[%struct.stat* %st]
</home/anonymous/eqlog-steensgaard-analysis-benchmark/benchmarks/coreutils-8.24/chown.bc>:restricted_chown:10	*stack_alloc@restricted_chown[i32* %open_flags]
</home/anonymous/eqlog-steensgaard-analysis-benchmark/benchmarks/coreutils-8.24/chown.bc>:restricted_chown:11	*stack_alloc@restricted_chown[i32* %fd]
</home/anonymous/eqlog-steensgaard-analysis-benchmark/benchmarks/coreutils-8.24/chown.bc>:restricted_chown:12	*stack_alloc@restricted_chown[i32* %saved_errno]
</home/anonymous/eqlog-steensgaard-analysis-benchmark/benchmarks/coreutils-8.24/chown.bc>:describe_change:0	*stack_alloc@describe_change[i8** %file.addr]
</home/anonymous/eqlog-steensgaard-analysis-benchmark/benchmarks/coreutils-8.24/chown.bc>:describe_change:1	*stack_alloc@describe_change[i32* %changed.addr]
</home/anonymous/eqlog-steensgaard-analysis-benchmark/benchmarks/coreutils-8.24/chown.bc>:describe_change:2	*stack_alloc@describe_change[i8** %old_user.addr]
</home/anonymous/eqlog-steensgaard-analysis-benchmark/benchmarks/coreutils-8.24/chown.bc>:describe_change:3	*stack_alloc@describe_change[i8** %old_group.addr]
</home/anonymous/eqlog-steensgaard-analysis-benchmark/benchmarks/coreutils-8.24/chown.bc>:describe_change:4	*stack_alloc@describe_change[i8** %user.addr]
</home/anonymous/eqlog-steensgaard-analysis-benchmark/benchmarks/coreutils-8.24/chown.bc>:describe_change:5	*stack_alloc@describe_change[i8** %group.addr]
</home/anonymous/eqlog-steensgaard-analysis-benchmark/benchmarks/coreutils-8.24/chown.bc>:describe_change:6	*stack_alloc@describe_change[i8** %fmt]
</home/anonymous/eqlog-steensgaard-analysis-benchmark/benchmarks/coreutils-8.24/chown.bc>:describe_change:7	*stack_alloc@describe_change[i8** %old_spec]
</home/anonymous/eqlog-steensgaard-analysis-benchmark/benchmarks/coreutils-8.24/chown.bc>:describe_change:8	*stack_alloc@describe_change[i8** %spec]
</home/anonymous/eqlog-steensgaard-analysis-benchmark/benchmarks/coreutils-8.24/chown.bc>:user_group_str:0	*stack_alloc@user_group_str[i8** %user.addr]
</home/anonymous/eqlog-steensgaard-analysis-benchmark/benchmarks/coreutils-8.24/chown.bc>:user_group_str:1	*stack_alloc@user_group_str[i8** %group.addr]
</home/anonymous/eqlog-steensgaard-analysis-benchmark/benchmarks/coreutils-8.24/chown.bc>:user_group_str:2	*stack_alloc@user_group_str[i8** %spec]
</home/anonymous/eqlog-steensgaard-analysis-benchmark/benchmarks/coreutils-8.24/chown.bc>:close_stdout:0	*stack_alloc@close_stdout[i8** %write_error]
</home/anonymous/eqlog-steensgaard-analysis-benchmark/benchmarks/coreutils-8.24/chown.bc>:chownat:0	*stack_alloc@chownat[i32* %fd.addr]
</home/anonymous/eqlog-steensgaard-analysis-benchmark/benchmarks/coreutils-8.24/chown.bc>:chownat:1	*stack_alloc@chownat[i8** %file.addr]
</home/anonymous/eqlog-steensgaard-analysis-benchmark/benchmarks/coreutils-8.24/chown.bc>:chownat:2	*stack_alloc@chownat[i32* %owner.addr]
</home/anonymous/eqlog-steensgaard-analysis-benchmark/benchmarks/coreutils-8.24/chown.bc>:chownat:3	*stack_alloc@chownat[i32* %group.addr]
</home/anonymous/eqlog-steensgaard-analysis-benchmark/benchmarks/coreutils-8.24/chown.bc>:lchownat:0	*stack_alloc@lchownat[i32* %fd.addr]
</home/anonymous/eqlog-steensgaard-analysis-benchmark/benchmarks/coreutils-8.24/chown.bc>:lchownat:1	*stack_alloc@lchownat[i8** %file.addr]
</home/anonymous/eqlog-steensgaard-analysis-benchmark/benchmarks/coreutils-8.24/chown.bc>:lchownat:2	*stack_alloc@lchownat[i32* %owner.addr]
</home/anonymous/eqlog-steensgaard-analysis-benchmark/benchmarks/coreutils-8.24/chown.bc>:lchownat:3	*stack_alloc@lchownat[i32* %group.addr]
</home/anonymous/eqlog-steensgaard-analysis-benchmark/benchmarks/coreutils-8.24/chown.bc>:umaxtostr:0	*stack_alloc@umaxtostr[i64* %i.addr]
</home/anonymous/eqlog-steensgaard-analysis-benchmark/benchmarks/coreutils-8.24/chown.bc>:umaxtostr:1	*stack_alloc@umaxtostr[i8** %buf.addr]
</home/anonymous/eqlog-steensgaard-analysis-benchmark/benchmarks/coreutils-8.24/chown.bc>:umaxtostr:2	*stack_alloc@umaxtostr[i8** %p]
</home/anonymous/eqlog-steensgaard-analysis-benchmark/benchmarks/coreutils-8.24/chown.bc>:set_program_name:0	*stack_alloc@set_program_name[i8** %argv0.addr]
</home/anonymous/eqlog-steensgaard-analysis-benchmark/benchmarks/coreutils-8.24/chown.bc>:set_program_name:1	*stack_alloc@set_program_name[i8** %slash]
</home/anonymous/eqlog-steensgaard-analysis-benchmark/benchmarks/coreutils-8.24/chown.bc>:set_program_name:2	*stack_alloc@set_program_name[i8** %base]
</home/anonymous/eqlog-steensgaard-analysis-benchmark/benchmarks/coreutils-8.24/chown.bc>:set_char_quoting:0	*stack_alloc@set_char_quoting[%struct.quoting_options** %o.addr]
</home/anonymous/eqlog-steensgaard-analysis-benchmark/benchmarks/coreutils-8.24/chown.bc>:set_char_quoting:1	*stack_alloc@set_char_quoting[i8* %c.addr]
</home/anonymous/eqlog-steensgaard-analysis-benchmark/benchmarks/coreutils-8.24/chown.bc>:set_char_quoting:2	*stack_alloc@set_char_quoting[i32* %i.addr]
</home/anonymous/eqlog-steensgaard-analysis-benchmark/benchmarks/coreutils-8.24/chown.bc>:set_char_quoting:3	*stack_alloc@set_char_quoting[i8* %uc]
</home/anonymous/eqlog-steensgaard-analysis-benchmark/benchmarks/coreutils-8.24/chown.bc>:set_char_quoting:4	*stack_alloc@set_char_quoting[i32** %p]
</home/anonymous/eqlog-steensgaard-analysis-benchmark/benchmarks/coreutils-8.24/chown.bc>:set_char_quoting:5	*stack_alloc@set_char_quoting[i32* %shift]
</home/anonymous/eqlog-steensgaard-analysis-benchmark/benchmarks/coreutils-8.24/chown.bc>:set_char_quoting:6	*stack_alloc@set_char_quoting[i32* %r]
</home/anonymous/eqlog-steensgaard-analysis-benchmark/benchmarks/coreutils-8.24/chown.bc>:quotearg_char_mem:0	*stack_alloc@quotearg_char_mem[i8** %arg.addr]
</home/anonymous/eqlog-steensgaard-analysis-benchmark/benchmarks/coreutils-8.24/chown.bc>:quotearg_char_mem:1	*stack_alloc@quotearg_char_mem[i64* %argsize.addr]
</home/anonymous/eqlog-steensgaard-analysis-benchmark/benchmarks/coreutils-8.24/chown.bc>:quotearg_char_mem:2	*stack_alloc@quotearg_char_mem[i8* %ch.addr]
</home/anonymous/eqlog-steensgaard-analysis-benchmark/benchmarks/coreutils-8.24/chown.bc>:quotearg_char_mem:3	*stack_alloc@quotearg_char_mem[%struct.quoting_options* %options]
</home/anonymous/eqlog-steensgaard-analysis-benchmark/benchmarks/coreutils-8.24/chown.bc>:quotearg_char:0	*stack_alloc@quotearg_char[i8** %arg.addr]
</home/anonymous/eqlog-steensgaard-analysis-benchmark/benchmarks/coreutils-8.24/chown.bc>:quotearg_char:1	*stack_alloc@quotearg_char[i8* %ch.addr]
</home/anonymous/eqlog-steensgaard-analysis-benchmark/benchmarks/coreutils-8.24/chown.bc>:quotearg_colon:0	*stack_alloc@quotearg_colon[i8** %arg.addr]
</home/anonymous/eqlog-steensgaard-analysis-benchmark/benchmarks/coreutils-8.24/chown.bc>:quote_n_mem:0	*stack_alloc@quote_n_mem[i32* %n.addr]
</home/anonymous/eqlog-steensgaard-analysis-benchmark/benchmarks/coreutils-8.24/chown.bc>:quote_n_mem:1	*stack_alloc@quote_n_mem[i8** %arg.addr]
</home/anonymous/eqlog-steensgaard-analysis-benchmark/benchmarks/coreutils-8.24/chown.bc>:quote_n_mem:2	*stack_alloc@quote_n_mem[i64* %argsize.addr]
</home/anonymous/eqlog-steensgaard-analysis-benchmark/benchmarks/coreutils-8.24/chown.bc>:quote_n:0	*stack_alloc@quote_n[i32* %n.addr]
</home/anonymous/eqlog-steensgaard-analysis-benchmark/benchmarks/coreutils-8.24/chown.bc>:quote_n:1	*stack_alloc@quote_n[i8** %arg.addr]
</home/anonymous/eqlog-steensgaard-analysis-benchmark/benchmarks/coreutils-8.24/chown.bc>:quote:0	*stack_alloc@quote[i8** %arg.addr]
</home/anonymous/eqlog-steensgaard-analysis-benchmark/benchmarks/coreutils-8.24/chown.bc>:quotearg_buffer_restyled:0	*stack_alloc@quotearg_buffer_restyled[i64* %retval]
</home/anonymous/eqlog-steensgaard-analysis-benchmark/benchmarks/coreutils-8.24/chown.bc>:quotearg_buffer_restyled:1	*stack_alloc@quotearg_buffer_restyled[i8** %buffer.addr]
</home/anonymous/eqlog-steensgaard-analysis-benchmark/benchmarks/coreutils-8.24/chown.bc>:quotearg_buffer_restyled:2	*stack_alloc@quotearg_buffer_restyled[i64* %buffersize.addr]
</home/anonymous/eqlog-steensgaard-analysis-benchmark/benchmarks/coreutils-8.24/chown.bc>:quotearg_buffer_restyled:3	*stack_alloc@quotearg_buffer_restyled[i8** %arg.addr]
</home/anonymous/eqlog-steensgaard-analysis-benchmark/benchmarks/coreutils-8.24/chown.bc>:quotearg_buffer_restyled:4	*stack_alloc@quotearg_buffer_restyled[i64* %argsize.addr]
</home/anonymous/eqlog-steensgaard-analysis-benchmark/benchmarks/coreutils-8.24/chown.bc>:quotearg_buffer_restyled:5	*stack_alloc@quotearg_buffer_restyled[i32* %quoting_style.addr]
</home/anonymous/eqlog-steensgaard-analysis-benchmark/benchmarks/coreutils-8.24/chown.bc>:quotearg_buffer_restyled:6	*stack_alloc@quotearg_buffer_restyled[i32* %flags.addr]
</home/anonymous/eqlog-steensgaard-analysis-benchmark/benchmarks/coreutils-8.24/chown.bc>:quotearg_buffer_restyled:7	*stack_alloc@quotearg_buffer_restyled[i32** %quote_these_too.addr]
</home/anonymous/eqlog-steensgaard-analysis-benchmark/benchmarks/coreutils-8.24/chown.bc>:quotearg_buffer_restyled:8	*stack_alloc@quotearg_buffer_restyled[i8** %left_quote.addr]
</home/anonymous/eqlog-steensgaard-analysis-benchmark/benchmarks/coreutils-8.24/chown.bc>:quotearg_buffer_restyled:9	*stack_alloc@quotearg_buffer_restyled[i8** %right_quote.addr]
</home/anonymous/eqlog-steensgaard-analysis-benchmark/benchmarks/coreutils-8.24/chown.bc>:quotearg_buffer_restyled:10	*stack_alloc@quotearg_buffer_restyled[i64* %i]
</home/anonymous/eqlog-steensgaard-analysis-benchmark/benchmarks/coreutils-8.24/chown.bc>:quotearg_buffer_restyled:11	*stack_alloc@quotearg_buffer_restyled[i64* %len]
</home/anonymous/eqlog-steensgaard-analysis-benchmark/benchmarks/coreutils-8.24/chown.bc>:quotearg_buffer_restyled:12	*stack_alloc@quotearg_buffer_restyled[i8** %quote_string]
</home/anonymous/eqlog-steensgaard-analysis-benchmark/benchmarks/coreutils-8.24/chown.bc>:quotearg_buffer_restyled:13	*stack_alloc@quotearg_buffer_restyled[i64* %quote_string_len]
</home/anonymous/eqlog-steensgaard-analysis-benchmark/benchmarks/coreutils-8.24/chown.bc>:quotearg_buffer_restyled:14	*stack_alloc@quotearg_buffer_restyled[i8* %backslash_escapes]
</home/anonymous/eqlog-steensgaard-analysis-benchmark/benchmarks/coreutils-8.24/chown.bc>:quotearg_buffer_restyled:15	*stack_alloc@quotearg_buffer_restyled[i8* %unibyte_locale]
</home/anonymous/eqlog-steensgaard-analysis-benchmark/benchmarks/coreutils-8.24/chown.bc>:quotearg_buffer_restyled:16	*stack_alloc@quotearg_buffer_restyled[i8* %elide_outer_quotes]
</home/anonymous/eqlog-steensgaard-analysis-benchmark/benchmarks/coreutils-8.24/chown.bc>:quotearg_buffer_restyled:17	*stack_alloc@quotearg_buffer_restyled[i8* %c]
</home/anonymous/eqlog-steensgaard-analysis-benchmark/benchmarks/coreutils-8.24/chown.bc>:quotearg_buffer_restyled:18	*stack_alloc@quotearg_buffer_restyled[i8* %esc]
</home/anonymous/eqlog-steensgaard-analysis-benchmark/benchmarks/coreutils-8.24/chown.bc>:quotearg_buffer_restyled:19	*stack_alloc@quotearg_buffer_restyled[i8* %is_right_quote]
</home/anonymous/eqlog-steensgaard-analysis-benchmark/benchmarks/coreutils-8.24/chown.bc>:quotearg_buffer_restyled:20	*stack_alloc@quotearg_buffer_restyled[i64* %m]
</home/anonymous/eqlog-steensgaard-analysis-benchmark/benchmarks/coreutils-8.24/chown.bc>:quotearg_buffer_restyled:21	*stack_alloc@quotearg_buffer_restyled[i8* %printable]
</home/anonymous/eqlog-steensgaard-analysis-benchmark/benchmarks/coreutils-8.24/chown.bc>:quotearg_buffer_restyled:22	*stack_alloc@quotearg_buffer_restyled[%struct.__mbstate_t* %mbstate]
</home/anonymous/eqlog-steensgaard-analysis-benchmark/benchmarks/coreutils-8.24/chown.bc>:quotearg_buffer_restyled:23	*stack_alloc@quotearg_buffer_restyled[i32* %w]
</home/anonymous/eqlog-steensgaard-analysis-benchmark/benchmarks/coreutils-8.24/chown.bc>:quotearg_buffer_restyled:24	*stack_alloc@quotearg_buffer_restyled[i64* %bytes]
</home/anonymous/eqlog-steensgaard-analysis-benchmark/benchmarks/coreutils-8.24/chown.bc>:quotearg_buffer_restyled:25	*stack_alloc@quotearg_buffer_restyled[i64* %j]
</home/anonymous/eqlog-steensgaard-analysis-benchmark/benchmarks/coreutils-8.24/chown.bc>:quotearg_buffer_restyled:26	*stack_alloc@quotearg_buffer_restyled[i64* %ilim]
</home/anonymous/eqlog-steensgaard-analysis-benchmark/benchmarks/coreutils-8.24/chown.bc>:quotearg_n_options:0	*stack_alloc@quotearg_n_options[i32* %n.addr]
</home/anonymous/eqlog-steensgaard-analysis-benchmark/benchmarks/coreutils-8.24/chown.bc>:quotearg_n_options:1	*stack_alloc@quotearg_n_options[i8** %arg.addr]
</home/anonymous/eqlog-steensgaard-analysis-benchmark/benchmarks/coreutils-8.24/chown.bc>:quotearg_n_options:2	*stack_alloc@quotearg_n_options[i64* %argsize.addr]
</home/anonymous/eqlog-steensgaard-analysis-benchmark/benchmarks/coreutils-8.24/chown.bc>:quotearg_n_options:3	*stack_alloc@quotearg_n_options[%struct.quoting_options** %options.addr]
</home/anonymous/eqlog-steensgaard-analysis-benchmark/benchmarks/coreutils-8.24/chown.bc>:quotearg_n_options:4	*stack_alloc@quotearg_n_options[i32* %e]
</home/anonymous/eqlog-steensgaard-analysis-benchmark/benchmarks/coreutils-8.24/chown.bc>:quotearg_n_options:5	*stack_alloc@quotearg_n_options[i32* %n0]
</home/anonymous/eqlog-steensgaard-analysis-benchmark/benchmarks/coreutils-8.24/chown.bc>:quotearg_n_options:6	*stack_alloc@quotearg_n_options[%struct.slotvec** %sv]
</home/anonymous/eqlog-steensgaard-analysis-benchmark/benchmarks/coreutils-8.24/chown.bc>:quotearg_n_options:7	*stack_alloc@quotearg_n_options[i64* %n1]
</home/anonymous/eqlog-steensgaard-analysis-benchmark/benchmarks/coreutils-8.24/chown.bc>:quotearg_n_options:8	*stack_alloc@quotearg_n_options[i8* %preallocated]
</home/anonymous/eqlog-steensgaard-analysis-benchmark/benchmarks/coreutils-8.24/chown.bc>:quotearg_n_options:9	*stack_alloc@quotearg_n_options[i64* %size]
</home/anonymous/eqlog-steensgaard-analysis-benchmark/benchmarks/coreutils-8.24/chown.bc>:quotearg_n_options:10	*stack_alloc@quotearg_n_options[i8** %val]
</home/anonymous/eqlog-steensgaard-analysis-benchmark/benchmarks/coreutils-8.24/chown.bc>:quotearg_n_options:11	*stack_alloc@quotearg_n_options[i32* %flags]
</home/anonymous/eqlog-steensgaard-analysis-benchmark/benchmarks/coreutils-8.24/chown.bc>:quotearg_n_options:12	*stack_alloc@quotearg_n_options[i64* %qsize]
</home/anonymous/eqlog-steensgaard-analysis-benchmark/benchmarks/coreutils-8.24/chown.bc>:gettext_quote:0	*stack_alloc@gettext_quote[i8** %retval]
</home/anonymous/eqlog-steensgaard-analysis-benchmark/benchmarks/coreutils-8.24/chown.bc>:gettext_quote:1	*stack_alloc@gettext_quote[i8** %msgid.addr]
</home/anonymous/eqlog-steensgaard-analysis-benchmark/benchmarks/coreutils-8.24/chown.bc>:gettext_quote:2	*stack_alloc@gettext_quote[i32* %s.addr]
</home/anonymous/eqlog-steensgaard-analysis-benchmark/benchmarks/coreutils-8.24/chown.bc>:gettext_quote:3	*stack_alloc@gettext_quote[i8** %translation]
</home/anonymous/eqlog-steensgaard-analysis-benchmark/benchmarks/coreutils-8.24/chown.bc>:gettext_quote:4	*stack_alloc@gettext_quote[i8** %locale_code]
</home/anonymous/eqlog-steensgaard-analysis-benchmark/benchmarks/coreutils-8.24/chown.bc>:get_root_dev_ino:0	*stack_alloc@get_root_dev_ino[%struct.dev_ino** %retval]
</home/anonymous/eqlog-steensgaard-analysis-benchmark/benchmarks/coreutils-8.24/chown.bc>:get_root_dev_ino:1	*stack_alloc@get_root_dev_ino[%struct.dev_ino** %root_d_i.addr]
</home/anonymous/eqlog-steensgaard-analysis-benchmark/benchmarks/coreutils-8.24/chown.bc>:get_root_dev_ino:2	*stack_alloc@get_root_dev_ino[%struct.stat* %statbuf]
</home/anonymous/eqlog-steensgaard-analysis-benchmark/benchmarks/coreutils-8.24/chown.bc>:parse_user_spec:0	*stack_alloc@parse_user_spec[i8** %spec.addr]
</home/anonymous/eqlog-steensgaard-analysis-benchmark/benchmarks/coreutils-8.24/chown.bc>:parse_user_spec:1	*stack_alloc@parse_user_spec[i32** %uid.addr]
</home/anonymous/eqlog-steensgaard-analysis-benchmark/benchmarks/coreutils-8.24/chown.bc>:parse_user_spec:2	*stack_alloc@parse_user_spec[i32** %gid.addr]
</home/anonymous/eqlog-steensgaard-analysis-benchmark/benchmarks/coreutils-8.24/chown.bc>:parse_user_spec:3	*stack_alloc@parse_user_spec[i8*** %username.addr]
</home/anonymous/eqlog-steensgaard-analysis-benchmark/benchmarks/coreutils-8.24/chown.bc>:parse_user_spec:4	*stack_alloc@parse_user_spec[i8*** %groupname.addr]
</home/anonymous/eqlog-steensgaard-analysis-benchmark/benchmarks/coreutils-8.24/chown.bc>:parse_user_spec:5	*stack_alloc@parse_user_spec[i8** %colon]
</home/anonymous/eqlog-steensgaard-analysis-benchmark/benchmarks/coreutils-8.24/chown.bc>:parse_user_spec:6	*stack_alloc@parse_user_spec[i8** %error_msg]
</home/anonymous/eqlog-steensgaard-analysis-benchmark/benchmarks/coreutils-8.24/chown.bc>:parse_user_spec:7	*stack_alloc@parse_user_spec[i8** %dot]
</home/anonymous/eqlog-steensgaard-analysis-benchmark/benchmarks/coreutils-8.24/chown.bc>:parse_with_separator:0	*stack_alloc@parse_with_separator[i8** %spec.addr]
</home/anonymous/eqlog-steensgaard-analysis-benchmark/benchmarks/coreutils-8.24/chown.bc>:parse_with_separator:1	*stack_alloc@parse_with_separator[i8** %separator.addr]
</home/anonymous/eqlog-steensgaard-analysis-benchmark/benchmarks/coreutils-8.24/chown.bc>:parse_with_separator:2	*stack_alloc@parse_with_separator[i32** %uid.addr]
</home/anonymous/eqlog-steensgaard-analysis-benchmark/benchmarks/coreutils-8.24/chown.bc>:parse_with_separator:3	*stack_alloc@parse_with_separator[i32** %gid.addr]
</home/anonymous/eqlog-steensgaard-analysis-benchmark/benchmarks/coreutils-8.24/chown.bc>:parse_with_separator:4	*stack_alloc@parse_with_separator[i8*** %username.addr]
</home/anonymous/eqlog-steensgaard-analysis-benchmark/benchmarks/coreutils-8.24/chown.bc>:parse_with_separator:5	*stack_alloc@parse_with_separator[i8*** %groupname.addr]
</home/anonymous/eqlog-steensgaard-analysis-benchmark/benchmarks/coreutils-8.24/chown.bc>:parse_with_separator:6	*stack_alloc@parse_with_separator[i8** %error_msg]
</home/anonymous/eqlog-steensgaard-analysis-benchmark/benchmarks/coreutils-8.24/chown.bc>:parse_with_separator:7	*stack_alloc@parse_with_separator[%struct.passwd** %pwd]
</home/anonymous/eqlog-steensgaard-analysis-benchmark/benchmarks/coreutils-8.24/chown.bc>:parse_with_separator:8	*stack_alloc@parse_with_separator[%struct.group** %grp]
</home/anonymous/eqlog-steensgaard-analysis-benchmark/benchmarks/coreutils-8.24/chown.bc>:parse_with_separator:9	*stack_alloc@parse_with_separator[i8** %u]
</home/anonymous/eqlog-steensgaard-analysis-benchmark/benchmarks/coreutils-8.24/chown.bc>:parse_with_separator:10	*stack_alloc@parse_with_separator[i8** %g]
</home/anonymous/eqlog-steensgaard-analysis-benchmark/benchmarks/coreutils-8.24/chown.bc>:parse_with_separator:11	*stack_alloc@parse_with_separator[i8** %gname]
</home/anonymous/eqlog-steensgaard-analysis-benchmark/benchmarks/coreutils-8.24/chown.bc>:parse_with_separator:12	*stack_alloc@parse_with_separator[i32* %unum]
</home/anonymous/eqlog-steensgaard-analysis-benchmark/benchmarks/coreutils-8.24/chown.bc>:parse_with_separator:13	*stack_alloc@parse_with_separator[i32* %gnum]
</home/anonymous/eqlog-steensgaard-analysis-benchmark/benchmarks/coreutils-8.24/chown.bc>:parse_with_separator:14	*stack_alloc@parse_with_separator[i64* %ulen]
</home/anonymous/eqlog-steensgaard-analysis-benchmark/benchmarks/coreutils-8.24/chown.bc>:parse_with_separator:15	*stack_alloc@parse_with_separator[i8* %use_login_group]
</home/anonymous/eqlog-steensgaard-analysis-benchmark/benchmarks/coreutils-8.24/chown.bc>:parse_with_separator:16	*stack_alloc@parse_with_separator[i64* %tmp]
</home/anonymous/eqlog-steensgaard-analysis-benchmark/benchmarks/coreutils-8.24/chown.bc>:parse_with_separator:17	*stack_alloc@parse_with_separator[[21 x i8]* %buf]
</home/anonymous/eqlog-steensgaard-analysis-benchmark/benchmarks/coreutils-8.24/chown.bc>:parse_with_separator:18	*stack_alloc@parse_with_separator[i64* %tmp95]
</home/anonymous/eqlog-steensgaard-analysis-benchmark/benchmarks/coreutils-8.24/chown.bc>:version_etc_arn:0	*stack_alloc@version_etc_arn[%struct._IO_FILE** %stream.addr]
</home/anonymous/eqlog-steensgaard-analysis-benchmark/benchmarks/coreutils-8.24/chown.bc>:version_etc_arn:1	*stack_alloc@version_etc_arn[i8** %command_name.addr]
</home/anonymous/eqlog-steensgaard-analysis-benchmark/benchmarks/coreutils-8.24/chown.bc>:version_etc_arn:2	*stack_alloc@version_etc_arn[i8** %package.addr]
</home/anonymous/eqlog-steensgaard-analysis-benchmark/benchmarks/coreutils-8.24/chown.bc>:version_etc_arn:3	*stack_alloc@version_etc_arn[i8** %version.addr]
</home/anonymous/eqlog-steensgaard-analysis-benchmark/benchmarks/coreutils-8.24/chown.bc>:version_etc_arn:4	*stack_alloc@version_etc_arn[i8*** %authors.addr]
</home/anonymous/eqlog-steensgaard-analysis-benchmark/benchmarks/coreutils-8.24/chown.bc>:version_etc_arn:5	*stack_alloc@version_etc_arn[i64* %n_authors.addr]
</home/anonymous/eqlog-steensgaard-analysis-benchmark/benchmarks/coreutils-8.24/chown.bc>:version_etc_va:0	*stack_alloc@version_etc_va[%struct._IO_FILE** %stream.addr]
</home/anonymous/eqlog-steensgaard-analysis-benchmark/benchmarks/coreutils-8.24/chown.bc>:version_etc_va:1	*stack_alloc@version_etc_va[i8** %command_name.addr]
</home/anonymous/eqlog-steensgaard-analysis-benchmark/benchmarks/coreutils-8.24/chown.bc>:version_etc_va:2	*stack_alloc@version_etc_va[i8** %package.addr]
</home/anonymous/eqlog-steensgaard-analysis-benchmark/benchmarks/coreutils-8.24/chown.bc>:version_etc_va:3	*stack_alloc@version_etc_va[i8** %version.addr]
</home/anonymous/eqlog-steensgaard-analysis-benchmark/benchmarks/coreutils-8.24/chown.bc>:version_etc_va:4	*stack_alloc@version_etc_va[%struct.__va_list_tag** %authors.addr]
</home/anonymous/eqlog-steensgaard-analysis-benchmark/benchmarks/coreutils-8.24/chown.bc>:version_etc_va:5	*stack_alloc@version_etc_va[i64* %n_authors]
</home/anonymous/eqlog-steensgaard-analysis-benchmark/benchmarks/coreutils-8.24/chown.bc>:version_etc_va:6	*stack_alloc@version_etc_va[[10 x i8*]* %authtab]
</home/anonymous/eqlog-steensgaard-analysis-benchmark/benchmarks/coreutils-8.24/chown.bc>:version_etc:0	*stack_alloc@version_etc[%struct._IO_FILE** %stream.addr]
</home/anonymous/eqlog-steensgaard-analysis-benchmark/benchmarks/coreutils-8.24/chown.bc>:version_etc:1	*stack_alloc@version_etc[i8** %command_name.addr]
</home/anonymous/eqlog-steensgaard-analysis-benchmark/benchmarks/coreutils-8.24/chown.bc>:version_etc:2	*stack_alloc@version_etc[i8** %package.addr]
</home/anonymous/eqlog-steensgaard-analysis-benchmark/benchmarks/coreutils-8.24/chown.bc>:version_etc:3	*stack_alloc@version_etc[i8** %version.addr]
</home/anonymous/eqlog-steensgaard-analysis-benchmark/benchmarks/coreutils-8.24/chown.bc>:version_etc:4	*stack_alloc@version_etc[[1 x %struct.__va_list_tag]* %authors]
</home/anonymous/eqlog-steensgaard-analysis-benchmark/benchmarks/coreutils-8.24/chown.bc>:xmalloc:0	*stack_alloc@xmalloc[i64* %n.addr]
</home/anonymous/eqlog-steensgaard-analysis-benchmark/benchmarks/coreutils-8.24/chown.bc>:xmalloc:1	*stack_alloc@xmalloc[i8** %p]
</home/anonymous/eqlog-steensgaard-analysis-benchmark/benchmarks/coreutils-8.24/chown.bc>:xrealloc:0	*stack_alloc@xrealloc[i8** %retval]
</home/anonymous/eqlog-steensgaard-analysis-benchmark/benchmarks/coreutils-8.24/chown.bc>:xrealloc:1	*stack_alloc@xrealloc[i8** %p.addr]
</home/anonymous/eqlog-steensgaard-analysis-benchmark/benchmarks/coreutils-8.24/chown.bc>:xrealloc:2	*stack_alloc@xrealloc[i64* %n.addr]
</home/anonymous/eqlog-steensgaard-analysis-benchmark/benchmarks/coreutils-8.24/chown.bc>:xcharalloc:0	*stack_alloc@xcharalloc[i64* %n.addr]
</home/anonymous/eqlog-steensgaard-analysis-benchmark/benchmarks/coreutils-8.24/chown.bc>:xmemdup:0	*stack_alloc@xmemdup[i8** %p.addr]
</home/anonymous/eqlog-steensgaard-analysis-benchmark/benchmarks/coreutils-8.24/chown.bc>:xmemdup:1	*stack_alloc@xmemdup[i64* %s.addr]
</home/anonymous/eqlog-steensgaard-analysis-benchmark/benchmarks/coreutils-8.24/chown.bc>:xstrdup:0	*stack_alloc@xstrdup[i8** %string.addr]
</home/anonymous/eqlog-steensgaard-analysis-benchmark/benchmarks/coreutils-8.24/chown.bc>:xfts_open:0	*stack_alloc@xfts_open[i8*** %argv.addr]
</home/anonymous/eqlog-steensgaard-analysis-benchmark/benchmarks/coreutils-8.24/chown.bc>:xfts_open:1	*stack_alloc@xfts_open[i32* %options.addr]
</home/anonymous/eqlog-steensgaard-analysis-benchmark/benchmarks/coreutils-8.24/chown.bc>:xfts_open:2	*stack_alloc@xfts_open[i32 (%struct._ftsent**, %struct._ftsent**)** %compar.addr]
</home/anonymous/eqlog-steensgaard-analysis-benchmark/benchmarks/coreutils-8.24/chown.bc>:xfts_open:3	*stack_alloc@xfts_open[%struct.FTS** %fts]
</home/anonymous/eqlog-steensgaard-analysis-benchmark/benchmarks/coreutils-8.24/chown.bc>:cycle_warning_required:0	*stack_alloc@cycle_warning_required[%struct.FTS** %fts.addr]
</home/anonymous/eqlog-steensgaard-analysis-benchmark/benchmarks/coreutils-8.24/chown.bc>:cycle_warning_required:1	*stack_alloc@cycle_warning_required[%struct._ftsent** %ent.addr]
</home/anonymous/eqlog-steensgaard-analysis-benchmark/benchmarks/coreutils-8.24/chown.bc>:xstrtoul:0	*stack_alloc@xstrtoul[i32* %retval]
</home/anonymous/eqlog-steensgaard-analysis-benchmark/benchmarks/coreutils-8.24/chown.bc>:xstrtoul:1	*stack_alloc@xstrtoul[i8** %s.addr]
</home/anonymous/eqlog-steensgaard-analysis-benchmark/benchmarks/coreutils-8.24/chown.bc>:xstrtoul:2	*stack_alloc@xstrtoul[i8*** %ptr.addr]
</home/anonymous/eqlog-steensgaard-analysis-benchmark/benchmarks/coreutils-8.24/chown.bc>:xstrtoul:3	*stack_alloc@xstrtoul[i32* %strtol_base.addr]
</home/anonymous/eqlog-steensgaard-analysis-benchmark/benchmarks/coreutils-8.24/chown.bc>:xstrtoul:4	*stack_alloc@xstrtoul[i64** %val.addr]
</home/anonymous/eqlog-steensgaard-analysis-benchmark/benchmarks/coreutils-8.24/chown.bc>:xstrtoul:5	*stack_alloc@xstrtoul[i8** %valid_suffixes.addr]
</home/anonymous/eqlog-steensgaard-analysis-benchmark/benchmarks/coreutils-8.24/chown.bc>:xstrtoul:6	*stack_alloc@xstrtoul[i8** %t_ptr]
</home/anonymous/eqlog-steensgaard-analysis-benchmark/benchmarks/coreutils-8.24/chown.bc>:xstrtoul:7	*stack_alloc@xstrtoul[i8*** %p]
</home/anonymous/eqlog-steensgaard-analysis-benchmark/benchmarks/coreutils-8.24/chown.bc>:xstrtoul:8	*stack_alloc@xstrtoul[i64* %tmp]
</home/anonymous/eqlog-steensgaard-analysis-benchmark/benchmarks/coreutils-8.24/chown.bc>:xstrtoul:9	*stack_alloc@xstrtoul[i32* %err]
</home/anonymous/eqlog-steensgaard-analysis-benchmark/benchmarks/coreutils-8.24/chown.bc>:xstrtoul:10	*stack_alloc@xstrtoul[i8** %q]
</home/anonymous/eqlog-steensgaard-analysis-benchmark/benchmarks/coreutils-8.24/chown.bc>:xstrtoul:11	*stack_alloc@xstrtoul[i8* %ch]
</home/anonymous/eqlog-steensgaard-analysis-benchmark/benchmarks/coreutils-8.24/chown.bc>:xstrtoul:12	*stack_alloc@xstrtoul[i32* %base]
</home/anonymous/eqlog-steensgaard-analysis-benchmark/benchmarks/coreutils-8.24/chown.bc>:xstrtoul:13	*stack_alloc@xstrtoul[i32* %suffixes]
</home/anonymous/eqlog-steensgaard-analysis-benchmark/benchmarks/coreutils-8.24/chown.bc>:xstrtoul:14	*stack_alloc@xstrtoul[i32* %overflow]
</home/anonymous/eqlog-steensgaard-analysis-benchmark/benchmarks/coreutils-8.24/chown.bc>:bkm_scale:0	*stack_alloc@bkm_scale[i32* %retval]
</home/anonymous/eqlog-steensgaard-analysis-benchmark/benchmarks/coreutils-8.24/chown.bc>:bkm_scale:1	*stack_alloc@bkm_scale[i64** %x.addr]
</home/anonymous/eqlog-steensgaard-analysis-benchmark/benchmarks/coreutils-8.24/chown.bc>:bkm_scale:2	*stack_alloc@bkm_scale[i32* %scale_factor.addr]
</home/anonymous/eqlog-steensgaard-analysis-benchmark/benchmarks/coreutils-8.24/chown.bc>:bkm_scale_by_power:0	*stack_alloc@bkm_scale_by_power[i64** %x.addr]
</home/anonymous/eqlog-steensgaard-analysis-benchmark/benchmarks/coreutils-8.24/chown.bc>:bkm_scale_by_power:1	*stack_alloc@bkm_scale_by_power[i32* %base.addr]
</home/anonymous/eqlog-steensgaard-analysis-benchmark/benchmarks/coreutils-8.24/chown.bc>:bkm_scale_by_power:2	*stack_alloc@bkm_scale_by_power[i32* %power.addr]
</home/anonymous/eqlog-steensgaard-analysis-benchmark/benchmarks/coreutils-8.24/chown.bc>:bkm_scale_by_power:3	*stack_alloc@bkm_scale_by_power[i32* %err]
</home/anonymous/eqlog-steensgaard-analysis-benchmark/benchmarks/coreutils-8.24/chown.bc>:rpl_calloc:0	*stack_alloc@rpl_calloc[i8** %retval]
</home/anonymous/eqlog-steensgaard-analysis-benchmark/benchmarks/coreutils-8.24/chown.bc>:rpl_calloc:1	*stack_alloc@rpl_calloc[i64* %n.addr]
</home/anonymous/eqlog-steensgaard-analysis-benchmark/benchmarks/coreutils-8.24/chown.bc>:rpl_calloc:2	*stack_alloc@rpl_calloc[i64* %s.addr]
</home/anonymous/eqlog-steensgaard-analysis-benchmark/benchmarks/coreutils-8.24/chown.bc>:rpl_calloc:3	*stack_alloc@rpl_calloc[i8** %result]
</home/anonymous/eqlog-steensgaard-analysis-benchmark/benchmarks/coreutils-8.24/chown.bc>:rpl_calloc:4	*stack_alloc@rpl_calloc[i64* %bytes]
</home/anonymous/eqlog-steensgaard-analysis-benchmark/benchmarks/coreutils-8.24/chown.bc>:fts_open:0	*stack_alloc@fts_open[%struct.FTS** %retval]
</home/anonymous/eqlog-steensgaard-analysis-benchmark/benchmarks/coreutils-8.24/chown.bc>:fts_open:1	*stack_alloc@fts_open[i8*** %argv.addr]
</home/anonymous/eqlog-steensgaard-analysis-benchmark/benchmarks/coreutils-8.24/chown.bc>:fts_open:2	*stack_alloc@fts_open[i32* %options.addr]
</home/anonymous/eqlog-steensgaard-analysis-benchmark/benchmarks/coreutils-8.24/chown.bc>:fts_open:3	*stack_alloc@fts_open[i32 (%struct._ftsent**, %struct._ftsent**)** %compar.addr]
</home/anonymous/eqlog-steensgaard-analysis-benchmark/benchmarks/coreutils-8.24/chown.bc>:fts_open:4	*stack_alloc@fts_open[%struct.FTS** %sp]
</home/anonymous/eqlog-steensgaard-analysis-benchmark/benchmarks/coreutils-8.24/chown.bc>:fts_open:5	*stack_alloc@fts_open[%struct._ftsent** %p]
</home/anonymous/eqlog-steensgaard-analysis-benchmark/benchmarks/coreutils-8.24/chown.bc>:fts_open:6	*stack_alloc@fts_open[%struct._ftsent** %root]
</home/anonymous/eqlog-steensgaard-analysis-benchmark/benchmarks/coreutils-8.24/chown.bc>:fts_open:7	*stack_alloc@fts_open[i64* %nitems]
</home/anonymous/eqlog-steensgaard-analysis-benchmark/benchmarks/coreutils-8.24/chown.bc>:fts_open:8	*stack_alloc@fts_open[%struct._ftsent** %parent]
</home/anonymous/eqlog-steensgaard-analysis-benchmark/benchmarks/coreutils-8.24/chown.bc>:fts_open:9	*stack_alloc@fts_open[%struct._ftsent** %tmp]
</home/anonymous/eqlog-steensgaard-analysis-benchmark/benchmarks/coreutils-8.24/chown.bc>:fts_open:10	*stack_alloc@fts_open[i8* %defer_stat]
</home/anonymous/eqlog-steensgaard-analysis-benchmark/benchmarks/coreutils-8.24/chown.bc>:fts_open:11	*stack_alloc@fts_open[i32* %fd]
</home/anonymous/eqlog-steensgaard-analysis-benchmark/benchmarks/coreutils-8.24/chown.bc>:fts_open:12	*stack_alloc@fts_open[i64* %maxarglen]
</home/anonymous/eqlog-steensgaard-analysis-benchmark/benchmarks/coreutils-8.24/chown.bc>:fts_open:13	*stack_alloc@fts_open[i64* %len]
</home/anonymous/eqlog-steensgaard-analysis-benchmark/benchmarks/coreutils-8.24/chown.bc>:fts_open:14	*stack_alloc@fts_open[i8** %v]
</home/anonymous/eqlog-steensgaard-analysis-benchmark/benchmarks/coreutils-8.24/chown.bc>:fts_close:0	*stack_alloc@fts_close[i32* %retval]
</home/anonymous/eqlog-steensgaard-analysis-benchmark/benchmarks/coreutils-8.24/chown.bc>:fts_close:1	*stack_alloc@fts_close[%struct.FTS** %sp.addr]
</home/anonymous/eqlog-steensgaard-analysis-benchmark/benchmarks/coreutils-8.24/chown.bc>:fts_close:2	*stack_alloc@fts_close[%struct._ftsent** %freep]
</home/anonymous/eqlog-steensgaard-analysis-benchmark/benchmarks/coreutils-8.24/chown.bc>:fts_close:3	*stack_alloc@fts_close[%struct._ftsent** %p]
</home/anonymous/eqlog-steensgaard-analysis-benchmark/benchmarks/coreutils-8.24/chown.bc>:fts_close:4	*stack_alloc@fts_close[i32* %saved_errno]
</home/anonymous/eqlog-steensgaard-analysis-benchmark/benchmarks/coreutils-8.24/chown.bc>:fts_read:0	*stack_alloc@fts_read[%struct._ftsent** %retval]
</home/anonymous/eqlog-steensgaard-analysis-benchmark/benchmarks/coreutils-8.24/chown.bc>:fts_read:1	*stack_alloc@fts_read[%struct.FTS** %sp.addr]
</home/anonymous/eqlog-steensgaard-analysis-benchmark/benchmarks/coreutils-8.24/chown.bc>:fts_read:2	*stack_alloc@fts_read[%struct._ftsent** %p]
</home/anonymous/eqlog-steensgaard-analysis-benchmark/benchmarks/coreutils-8.24/chown.bc>:fts_read:3	*stack_alloc@fts_read[%struct._ftsent** %tmp]
</home/anonymous/eqlog-steensgaard-analysis-benchmark/benchmarks/coreutils-8.24/chown.bc>:fts_read:4	*stack_alloc@fts_read[i16* %instr]
</home/anonymous/eqlog-steensgaard-analysis-benchmark/benchmarks/coreutils-8.24/chown.bc>:fts_read:5	*stack_alloc@fts_read[i8** %t]
</home/anonymous/eqlog-steensgaard-analysis-benchmark/benchmarks/coreutils-8.24/chown.bc>:fts_read:6	*stack_alloc@fts_read[%struct._ftsent** %parent]
</home/anonymous/eqlog-steensgaard-analysis-benchmark/benchmarks/coreutils-8.24/chown.bc>:fts_set:0	*stack_alloc@fts_set[i32* %retval]
</home/anonymous/eqlog-steensgaard-analysis-benchmark/benchmarks/coreutils-8.24/chown.bc>:fts_set:1	*stack_alloc@fts_set[%struct.FTS** %sp.addr]
</home/anonymous/eqlog-steensgaard-analysis-benchmark/benchmarks/coreutils-8.24/chown.bc>:fts_set:2	*stack_alloc@fts_set[%struct._ftsent** %p.addr]
</home/anonymous/eqlog-steensgaard-analysis-benchmark/benchmarks/coreutils-8.24/chown.bc>:fts_set:3	*stack_alloc@fts_set[i32* %instr.addr]
</home/anonymous/eqlog-steensgaard-analysis-benchmark/benchmarks/coreutils-8.24/chown.bc>:fts_maxarglen:0	*stack_alloc@fts_maxarglen[i8*** %argv.addr]
</home/anonymous/eqlog-steensgaard-analysis-benchmark/benchmarks/coreutils-8.24/chown.bc>:fts_maxarglen:1	*stack_alloc@fts_maxarglen[i64* %len]
</home/anonymous/eqlog-steensgaard-analysis-benchmark/benchmarks/coreutils-8.24/chown.bc>:fts_maxarglen:2	*stack_alloc@fts_maxarglen[i64* %max]
</home/anonymous/eqlog-steensgaard-analysis-benchmark/benchmarks/coreutils-8.24/chown.bc>:fts_palloc:0	*stack_alloc@fts_palloc[i1* %retval]
</home/anonymous/eqlog-steensgaard-analysis-benchmark/benchmarks/coreutils-8.24/chown.bc>:fts_palloc:1	*stack_alloc@fts_palloc[%struct.FTS** %sp.addr]
</home/anonymous/eqlog-steensgaard-analysis-benchmark/benchmarks/coreutils-8.24/chown.bc>:fts_palloc:2	*stack_alloc@fts_palloc[i64* %more.addr]
</home/anonymous/eqlog-steensgaard-analysis-benchmark/benchmarks/coreutils-8.24/chown.bc>:fts_palloc:3	*stack_alloc@fts_palloc[i8** %p]
</home/anonymous/eqlog-steensgaard-analysis-benchmark/benchmarks/coreutils-8.24/chown.bc>:fts_palloc:4	*stack_alloc@fts_palloc[i64* %new_len]
</home/anonymous/eqlog-steensgaard-analysis-benchmark/benchmarks/coreutils-8.24/chown.bc>:fts_alloc:0	*stack_alloc@fts_alloc[%struct._ftsent** %retval]
</home/anonymous/eqlog-steensgaard-analysis-benchmark/benchmarks/coreutils-8.24/chown.bc>:fts_alloc:1	*stack_alloc@fts_alloc[%struct.FTS** %sp.addr]
</home/anonymous/eqlog-steensgaard-analysis-benchmark/benchmarks/coreutils-8.24/chown.bc>:fts_alloc:2	*stack_alloc@fts_alloc[i8** %name.addr]
</home/anonymous/eqlog-steensgaard-analysis-benchmark/benchmarks/coreutils-8.24/chown.bc>:fts_alloc:3	*stack_alloc@fts_alloc[i64* %namelen.addr]
</home/anonymous/eqlog-steensgaard-analysis-benchmark/benchmarks/coreutils-8.24/chown.bc>:fts_alloc:4	*stack_alloc@fts_alloc[%struct._ftsent** %p]
</home/anonymous/eqlog-steensgaard-analysis-benchmark/benchmarks/coreutils-8.24/chown.bc>:fts_alloc:5	*stack_alloc@fts_alloc[i64* %len]
</home/anonymous/eqlog-steensgaard-analysis-benchmark/benchmarks/coreutils-8.24/chown.bc>:fts_set_stat_required:0	*stack_alloc@fts_set_stat_required[%struct._ftsent** %p.addr]
</home/anonymous/eqlog-steensgaard-analysis-benchmark/benchmarks/coreutils-8.24/chown.bc>:fts_set_stat_required:1	*stack_alloc@fts_set_stat_required[i8* %required.addr]
</home/anonymous/eqlog-steensgaard-analysis-benchmark/benchmarks/coreutils-8.24/chown.bc>:fts_stat:0	*stack_alloc@fts_stat[i16* %retval]
</home/anonymous/eqlog-steensgaard-analysis-benchmark/benchmarks/coreutils-8.24/chown.bc>:fts_stat:1	*stack_alloc@fts_stat[%struct.FTS** %sp.addr]
</home/anonymous/eqlog-steensgaard-analysis-benchmark/benchmarks/coreutils-8.24/chown.bc>:fts_stat:2	*stack_alloc@fts_stat[%struct._ftsent** %p.addr]
</home/anonymous/eqlog-steensgaard-analysis-benchmark/benchmarks/coreutils-8.24/chown.bc>:fts_stat:3	*stack_alloc@fts_stat[i8* %follow.addr]
</home/anonymous/eqlog-steensgaard-analysis-benchmark/benchmarks/coreutils-8.24/chown.bc>:fts_stat:4	*stack_alloc@fts_stat[%struct.stat** %sbp]
</home/anonymous/eqlog-steensgaard-analysis-benchmark/benchmarks/coreutils-8.24/chown.bc>:fts_stat:5	*stack_alloc@fts_stat[i32* %saved_errno]
</home/anonymous/eqlog-steensgaard-analysis-benchmark/benchmarks/coreutils-8.24/chown.bc>:fts_sort:0	*stack_alloc@fts_sort[%struct._ftsent** %retval]
</home/anonymous/eqlog-steensgaard-analysis-benchmark/benchmarks/coreutils-8.24/chown.bc>:fts_sort:1	*stack_alloc@fts_sort[%struct.FTS** %sp.addr]
</home/anonymous/eqlog-steensgaard-analysis-benchmark/benchmarks/coreutils-8.24/chown.bc>:fts_sort:2	*stack_alloc@fts_sort[%struct._ftsent** %head.addr]
</home/anonymous/eqlog-steensgaard-analysis-benchmark/benchmarks/coreutils-8.24/chown.bc>:fts_sort:3	*stack_alloc@fts_sort[i64* %nitems.addr]
</home/anonymous/eqlog-steensgaard-analysis-benchmark/benchmarks/coreutils-8.24/chown.bc>:fts_sort:4	*stack_alloc@fts_sort[%struct._ftsent*** %ap]
</home/anonymous/eqlog-steensgaard-analysis-benchmark/benchmarks/coreutils-8.24/chown.bc>:fts_sort:5	*stack_alloc@fts_sort[%struct._ftsent** %p]
</home/anonymous/eqlog-steensgaard-analysis-benchmark/benchmarks/coreutils-8.24/chown.bc>:fts_sort:6	*stack_alloc@fts_sort[%struct._ftsent** %dummy]
</home/anonymous/eqlog-steensgaard-analysis-benchmark/benchmarks/coreutils-8.24/chown.bc>:fts_sort:7	*stack_alloc@fts_sort[i32 (i8*, i8*)** %compare]
</home/anonymous/eqlog-steensgaard-analysis-benchmark/benchmarks/coreutils-8.24/chown.bc>:fts_sort:8	*stack_alloc@fts_sort[%struct._ftsent*** %a]
</home/anonymous/eqlog-steensgaard-analysis-benchmark/benchmarks/coreutils-8.24/chown.bc>:setup_dir:0	*stack_alloc@setup_dir[i1* %retval]
</home/anonymous/eqlog-steensgaard-analysis-benchmark/benchmarks/coreutils-8.24/chown.bc>:setup_dir:1	*stack_alloc@setup_dir[%struct.FTS** %fts.addr]
</home/anonymous/eqlog-steensgaard-analysis-benchmark/benchmarks/coreutils-8.24/chown.bc>:diropen:0	*stack_alloc@diropen[%struct.FTS** %sp.addr]
</home/anonymous/eqlog-steensgaard-analysis-benchmark/benchmarks/coreutils-8.24/chown.bc>:diropen:1	*stack_alloc@diropen[i8** %dir.addr]
</home/anonymous/eqlog-steensgaard-analysis-benchmark/benchmarks/coreutils-8.24/chown.bc>:diropen:2	*stack_alloc@diropen[i32* %open_flags]
</home/anonymous/eqlog-steensgaard-analysis-benchmark/benchmarks/coreutils-8.24/chown.bc>:diropen:3	*stack_alloc@diropen[i32* %fd]
</home/anonymous/eqlog-steensgaard-analysis-benchmark/benchmarks/coreutils-8.24/chown.bc>:fts_lfree:0	*stack_alloc@fts_lfree[%struct._ftsent** %head.addr]
</home/anonymous/eqlog-steensgaard-analysis-benchmark/benchmarks/coreutils-8.24/chown.bc>:fts_lfree:1	*stack_alloc@fts_lfree[%struct._ftsent** %p]
</home/anonymous/eqlog-steensgaard-analysis-benchmark/benchmarks/coreutils-8.24/chown.bc>:fd_ring_clear:0	*stack_alloc@fd_ring_clear[%struct.I_ring** %fd_ring.addr]
</home/anonymous/eqlog-steensgaard-analysis-benchmark/benchmarks/coreutils-8.24/chown.bc>:fd_ring_clear:1	*stack_alloc@fd_ring_clear[i32* %fd]
</home/anonymous/eqlog-steensgaard-analysis-benchmark/benchmarks/coreutils-8.24/chown.bc>:free_dir:0	*stack_alloc@free_dir[%struct.FTS** %sp.addr]
</home/anonymous/eqlog-steensgaard-analysis-benchmark/benchmarks/coreutils-8.24/chown.bc>:leave_dir:0	*stack_alloc@leave_dir[%struct.FTS** %fts.addr]
</home/anonymous/eqlog-steensgaard-analysis-benchmark/benchmarks/coreutils-8.24/chown.bc>:leave_dir:1	*stack_alloc@leave_dir[%struct._ftsent** %ent.addr]
</home/anonymous/eqlog-steensgaard-analysis-benchmark/benchmarks/coreutils-8.24/chown.bc>:leave_dir:2	*stack_alloc@leave_dir[%struct.stat** %st]
</home/anonymous/eqlog-steensgaard-analysis-benchmark/benchmarks/coreutils-8.24/chown.bc>:leave_dir:3	*stack_alloc@leave_dir[%struct.Active_dir* %obj]
</home/anonymous/eqlog-steensgaard-analysis-benchmark/benchmarks/coreutils-8.24/chown.bc>:leave_dir:4	*stack_alloc@leave_dir[i8** %found]
</home/anonymous/eqlog-steensgaard-analysis-benchmark/benchmarks/coreutils-8.24/chown.bc>:leave_dir:5	*stack_alloc@leave_dir[%struct._ftsent** %parent]
</home/anonymous/eqlog-steensgaard-analysis-benchmark/benchmarks/coreutils-8.24/chown.bc>:fts_safe_changedir:0	*stack_alloc@fts_safe_changedir[i32* %retval]
</home/anonymous/eqlog-steensgaard-analysis-benchmark/benchmarks/coreutils-8.24/chown.bc>:fts_safe_changedir:1	*stack_alloc@fts_safe_changedir[%struct.FTS** %sp.addr]
</home/anonymous/eqlog-steensgaard-analysis-benchmark/benchmarks/coreutils-8.24/chown.bc>:fts_safe_changedir:2	*stack_alloc@fts_safe_changedir[%struct._ftsent** %p.addr]
</home/anonymous/eqlog-steensgaard-analysis-benchmark/benchmarks/coreutils-8.24/chown.bc>:fts_safe_changedir:3	*stack_alloc@fts_safe_changedir[i32* %fd.addr]
</home/anonymous/eqlog-steensgaard-analysis-benchmark/benchmarks/coreutils-8.24/chown.bc>:fts_safe_changedir:4	*stack_alloc@fts_safe_changedir[i8** %dir.addr]
</home/anonymous/eqlog-steensgaard-analysis-benchmark/benchmarks/coreutils-8.24/chown.bc>:fts_safe_changedir:5	*stack_alloc@fts_safe_changedir[i32* %ret]
</home/anonymous/eqlog-steensgaard-analysis-benchmark/benchmarks/coreutils-8.24/chown.bc>:fts_safe_changedir:6	*stack_alloc@fts_safe_changedir[i8* %is_dotdot]
</home/anonymous/eqlog-steensgaard-analysis-benchmark/benchmarks/coreutils-8.24/chown.bc>:fts_safe_changedir:7	*stack_alloc@fts_safe_changedir[i32* %newfd]
</home/anonymous/eqlog-steensgaard-analysis-benchmark/benchmarks/coreutils-8.24/chown.bc>:fts_safe_changedir:8	*stack_alloc@fts_safe_changedir[i32* %parent_fd]
</home/anonymous/eqlog-steensgaard-analysis-benchmark/benchmarks/coreutils-8.24/chown.bc>:fts_safe_changedir:9	*stack_alloc@fts_safe_changedir[%struct.stat* %sb]
</home/anonymous/eqlog-steensgaard-analysis-benchmark/benchmarks/coreutils-8.24/chown.bc>:fts_safe_changedir:10	*stack_alloc@fts_safe_changedir[i32* %oerrno]
</home/anonymous/eqlog-steensgaard-analysis-benchmark/benchmarks/coreutils-8.24/chown.bc>:fts_build:0	*stack_alloc@fts_build[%struct._ftsent** %retval]
</home/anonymous/eqlog-steensgaard-analysis-benchmark/benchmarks/coreutils-8.24/chown.bc>:fts_build:1	*stack_alloc@fts_build[%struct.FTS** %sp.addr]
</home/anonymous/eqlog-steensgaard-analysis-benchmark/benchmarks/coreutils-8.24/chown.bc>:fts_build:2	*stack_alloc@fts_build[i32* %type.addr]
</home/anonymous/eqlog-steensgaard-analysis-benchmark/benchmarks/coreutils-8.24/chown.bc>:fts_build:3	*stack_alloc@fts_build[%struct._ftsent** %p]
</home/anonymous/eqlog-steensgaard-analysis-benchmark/benchmarks/coreutils-8.24/chown.bc>:fts_build:4	*stack_alloc@fts_build[%struct._ftsent** %head]
</home/anonymous/eqlog-steensgaard-analysis-benchmark/benchmarks/coreutils-8.24/chown.bc>:fts_build:5	*stack_alloc@fts_build[i64* %nitems]
</home/anonymous/eqlog-steensgaard-analysis-benchmark/benchmarks/coreutils-8.24/chown.bc>:fts_build:6	*stack_alloc@fts_build[%struct._ftsent** %tail]
</home/anonymous/eqlog-steensgaard-analysis-benchmark/benchmarks/coreutils-8.24/chown.bc>:fts_build:7	*stack_alloc@fts_build[i8** %oldaddr]
</home/anonymous/eqlog-steensgaard-analysis-benchmark/benchmarks/coreutils-8.24/chown.bc>:fts_build:8	*stack_alloc@fts_build[i32* %saved_errno]
</home/anonymous/eqlog-steensgaard-analysis-benchmark/benchmarks/coreutils-8.24/chown.bc>:fts_build:9	*stack_alloc@fts_build[i8* %descend]
</home/anonymous/eqlog-steensgaard-analysis-benchmark/benchmarks/coreutils-8.24/chown.bc>:fts_build:10	*stack_alloc@fts_build[i8* %doadjust]
</home/anonymous/eqlog-steensgaard-analysis-benchmark/benchmarks/coreutils-8.24/chown.bc>:fts_build:11	*stack_alloc@fts_build[i64* %level]
</home/anonymous/eqlog-steensgaard-analysis-benchmark/benchmarks/coreutils-8.24/chown.bc>:fts_build:12	*stack_alloc@fts_build[i64* %nlinks]
</home/anonymous/eqlog-steensgaard-analysis-benchmark/benchmarks/coreutils-8.24/chown.bc>:fts_build:13	*stack_alloc@fts_build[i8* %nostat]
</home/anonymous/eqlog-steensgaard-analysis-benchmark/benchmarks/coreutils-8.24/chown.bc>:fts_build:14	*stack_alloc@fts_build[i64* %len]
</home/anonymous/eqlog-steensgaard-analysis-benchmark/benchmarks/coreutils-8.24/chown.bc>:fts_build:15	*stack_alloc@fts_build[i64* %maxlen]
</home/anonymous/eqlog-steensgaard-analysis-benchmark/benchmarks/coreutils-8.24/chown.bc>:fts_build:16	*stack_alloc@fts_build[i64* %new_len]
</home/anonymous/eqlog-steensgaard-analysis-benchmark/benchmarks/coreutils-8.24/chown.bc>:fts_build:17	*stack_alloc@fts_build[i8** %cp]
</home/anonymous/eqlog-steensgaard-analysis-benchmark/benchmarks/coreutils-8.24/chown.bc>:fts_build:18	*stack_alloc@fts_build[i32* %dir_fd]
</home/anonymous/eqlog-steensgaard-analysis-benchmark/benchmarks/coreutils-8.24/chown.bc>:fts_build:19	*stack_alloc@fts_build[%struct._ftsent** %cur]
</home/anonymous/eqlog-steensgaard-analysis-benchmark/benchmarks/coreutils-8.24/chown.bc>:fts_build:20	*stack_alloc@fts_build[i8* %continue_readdir]
</home/anonymous/eqlog-steensgaard-analysis-benchmark/benchmarks/coreutils-8.24/chown.bc>:fts_build:21	*stack_alloc@fts_build[i64* %max_entries]
</home/anonymous/eqlog-steensgaard-analysis-benchmark/benchmarks/coreutils-8.24/chown.bc>:fts_build:22	*stack_alloc@fts_build[%struct.__dirstream** %dp]
</home/anonymous/eqlog-steensgaard-analysis-benchmark/benchmarks/coreutils-8.24/chown.bc>:fts_build:23	*stack_alloc@fts_build[i8* %is_dir]
</home/anonymous/eqlog-steensgaard-analysis-benchmark/benchmarks/coreutils-8.24/chown.bc>:fts_build:24	*stack_alloc@fts_build[i64* %d_namelen]
</home/anonymous/eqlog-steensgaard-analysis-benchmark/benchmarks/coreutils-8.24/chown.bc>:fts_build:25	*stack_alloc@fts_build[%struct.dirent** %dp163]
</home/anonymous/eqlog-steensgaard-analysis-benchmark/benchmarks/coreutils-8.24/chown.bc>:fts_build:26	*stack_alloc@fts_build[i8* %skip_stat]
</home/anonymous/eqlog-steensgaard-analysis-benchmark/benchmarks/coreutils-8.24/chown.bc>:restore_initial_cwd:0	*stack_alloc@restore_initial_cwd[%struct.FTS** %sp.addr]
</home/anonymous/eqlog-steensgaard-analysis-benchmark/benchmarks/coreutils-8.24/chown.bc>:restore_initial_cwd:1	*stack_alloc@restore_initial_cwd[i32* %fail]
</home/anonymous/eqlog-steensgaard-analysis-benchmark/benchmarks/coreutils-8.24/chown.bc>:fts_load:0	*stack_alloc@fts_load[%struct.FTS** %sp.addr]
</home/anonymous/eqlog-steensgaard-analysis-benchmark/benchmarks/coreutils-8.24/chown.bc>:fts_load:1	*stack_alloc@fts_load[%struct._ftsent** %p.addr]
</home/anonymous/eqlog-steensgaard-analysis-benchmark/benchmarks/coreutils-8.24/chown.bc>:fts_load:2	*stack_alloc@fts_load[i64* %len]
</home/anonymous/eqlog-steensgaard-analysis-benchmark/benchmarks/coreutils-8.24/chown.bc>:fts_load:3	*stack_alloc@fts_load[i8** %cp]
</home/anonymous/eqlog-steensgaard-analysis-benchmark/benchmarks/coreutils-8.24/chown.bc>:link_count_optimize_ok:0	*stack_alloc@link_count_optimize_ok[i1* %retval]
</home/anonymous/eqlog-steensgaard-analysis-benchmark/benchmarks/coreutils-8.24/chown.bc>:link_count_optimize_ok:1	*stack_alloc@link_count_optimize_ok[%struct._ftsent** %p.addr]
</home/anonymous/eqlog-steensgaard-analysis-benchmark/benchmarks/coreutils-8.24/chown.bc>:link_count_optimize_ok:2	*stack_alloc@link_count_optimize_ok[%struct.FTS** %sp]
</home/anonymous/eqlog-steensgaard-analysis-benchmark/benchmarks/coreutils-8.24/chown.bc>:link_count_optimize_ok:3	*stack_alloc@link_count_optimize_ok[%struct.hash_table** %h]
</home/anonymous/eqlog-steensgaard-analysis-benchmark/benchmarks/coreutils-8.24/chown.bc>:link_count_optimize_ok:4	*stack_alloc@link_count_optimize_ok[%struct.LCO_ent* %tmp]
</home/anonymous/eqlog-steensgaard-analysis-benchmark/benchmarks/coreutils-8.24/chown.bc>:link_count_optimize_ok:5	*stack_alloc@link_count_optimize_ok[%struct.LCO_ent** %ent]
</home/anonymous/eqlog-steensgaard-analysis-benchmark/benchmarks/coreutils-8.24/chown.bc>:link_count_optimize_ok:6	*stack_alloc@link_count_optimize_ok[i8* %opt_ok]
</home/anonymous/eqlog-steensgaard-analysis-benchmark/benchmarks/coreutils-8.24/chown.bc>:link_count_optimize_ok:7	*stack_alloc@link_count_optimize_ok[%struct.LCO_ent** %t2]
</home/anonymous/eqlog-steensgaard-analysis-benchmark/benchmarks/coreutils-8.24/chown.bc>:enter_dir:0	*stack_alloc@enter_dir[i1* %retval]
</home/anonymous/eqlog-steensgaard-analysis-benchmark/benchmarks/coreutils-8.24/chown.bc>:enter_dir:1	*stack_alloc@enter_dir[%struct.FTS** %fts.addr]
</home/anonymous/eqlog-steensgaard-analysis-benchmark/benchmarks/coreutils-8.24/chown.bc>:enter_dir:2	*stack_alloc@enter_dir[%struct._ftsent** %ent.addr]
</home/anonymous/eqlog-steensgaard-analysis-benchmark/benchmarks/coreutils-8.24/chown.bc>:enter_dir:3	*stack_alloc@enter_dir[%struct.stat** %st]
</home/anonymous/eqlog-steensgaard-analysis-benchmark/benchmarks/coreutils-8.24/chown.bc>:enter_dir:4	*stack_alloc@enter_dir[%struct.Active_dir** %ad]
</home/anonymous/eqlog-steensgaard-analysis-benchmark/benchmarks/coreutils-8.24/chown.bc>:enter_dir:5	*stack_alloc@enter_dir[%struct.Active_dir** %ad_from_table]
</home/anonymous/eqlog-steensgaard-analysis-benchmark/benchmarks/coreutils-8.24/chown.bc>:cwd_advance_fd:0	*stack_alloc@cwd_advance_fd[%struct.FTS** %sp.addr]
</home/anonymous/eqlog-steensgaard-analysis-benchmark/benchmarks/coreutils-8.24/chown.bc>:cwd_advance_fd:1	*stack_alloc@cwd_advance_fd[i32* %fd.addr]
</home/anonymous/eqlog-steensgaard-analysis-benchmark/benchmarks/coreutils-8.24/chown.bc>:cwd_advance_fd:2	*stack_alloc@cwd_advance_fd[i8* %chdir_down_one.addr]
</home/anonymous/eqlog-steensgaard-analysis-benchmark/benchmarks/coreutils-8.24/chown.bc>:cwd_advance_fd:3	*stack_alloc@cwd_advance_fd[i32* %old]
</home/anonymous/eqlog-steensgaard-analysis-benchmark/benchmarks/coreutils-8.24/chown.bc>:cwd_advance_fd:4	*stack_alloc@cwd_advance_fd[i32* %prev_fd_in_slot]
</home/anonymous/eqlog-steensgaard-analysis-benchmark/benchmarks/coreutils-8.24/chown.bc>:AD_hash:0	*stack_alloc@AD_hash[i8** %x.addr]
</home/anonymous/eqlog-steensgaard-analysis-benchmark/benchmarks/coreutils-8.24/chown.bc>:AD_hash:1	*stack_alloc@AD_hash[i64* %table_size.addr]
</home/anonymous/eqlog-steensgaard-analysis-benchmark/benchmarks/coreutils-8.24/chown.bc>:AD_hash:2	*stack_alloc@AD_hash[%struct.Active_dir** %ax]
</home/anonymous/eqlog-steensgaard-analysis-benchmark/benchmarks/coreutils-8.24/chown.bc>:AD_compare:0	*stack_alloc@AD_compare[i8** %x.addr]
</home/anonymous/eqlog-steensgaard-analysis-benchmark/benchmarks/coreutils-8.24/chown.bc>:AD_compare:1	*stack_alloc@AD_compare[i8** %y.addr]
</home/anonymous/eqlog-steensgaard-analysis-benchmark/benchmarks/coreutils-8.24/chown.bc>:AD_compare:2	*stack_alloc@AD_compare[%struct.Active_dir** %ax]
</home/anonymous/eqlog-steensgaard-analysis-benchmark/benchmarks/coreutils-8.24/chown.bc>:AD_compare:3	*stack_alloc@AD_compare[%struct.Active_dir** %ay]
</home/anonymous/eqlog-steensgaard-analysis-benchmark/benchmarks/coreutils-8.24/chown.bc>:LCO_hash:0	*stack_alloc@LCO_hash[i8** %x.addr]
</home/anonymous/eqlog-steensgaard-analysis-benchmark/benchmarks/coreutils-8.24/chown.bc>:LCO_hash:1	*stack_alloc@LCO_hash[i64* %table_size.addr]
</home/anonymous/eqlog-steensgaard-analysis-benchmark/benchmarks/coreutils-8.24/chown.bc>:LCO_hash:2	*stack_alloc@LCO_hash[%struct.LCO_ent** %ax]
</home/anonymous/eqlog-steensgaard-analysis-benchmark/benchmarks/coreutils-8.24/chown.bc>:LCO_compare:0	*stack_alloc@LCO_compare[i8** %x.addr]
</home/anonymous/eqlog-steensgaard-analysis-benchmark/benchmarks/coreutils-8.24/chown.bc>:LCO_compare:1	*stack_alloc@LCO_compare[i8** %y.addr]
</home/anonymous/eqlog-steensgaard-analysis-benchmark/benchmarks/coreutils-8.24/chown.bc>:LCO_compare:2	*stack_alloc@LCO_compare[%struct.LCO_ent** %ax]
</home/anonymous/eqlog-steensgaard-analysis-benchmark/benchmarks/coreutils-8.24/chown.bc>:LCO_compare:3	*stack_alloc@LCO_compare[%struct.LCO_ent** %ay]
</home/anonymous/eqlog-steensgaard-analysis-benchmark/benchmarks/coreutils-8.24/chown.bc>:leaf_optimization_applies:0	*stack_alloc@leaf_optimization_applies[i1* %retval]
</home/anonymous/eqlog-steensgaard-analysis-benchmark/benchmarks/coreutils-8.24/chown.bc>:leaf_optimization_applies:1	*stack_alloc@leaf_optimization_applies[i32* %dir_fd.addr]
</home/anonymous/eqlog-steensgaard-analysis-benchmark/benchmarks/coreutils-8.24/chown.bc>:leaf_optimization_applies:2	*stack_alloc@leaf_optimization_applies[%struct.statfs* %fs_buf]
</home/anonymous/eqlog-steensgaard-analysis-benchmark/benchmarks/coreutils-8.24/chown.bc>:opendirat:0	*stack_alloc@opendirat[%struct.__dirstream** %retval]
</home/anonymous/eqlog-steensgaard-analysis-benchmark/benchmarks/coreutils-8.24/chown.bc>:opendirat:1	*stack_alloc@opendirat[i32* %fd.addr]
</home/anonymous/eqlog-steensgaard-analysis-benchmark/benchmarks/coreutils-8.24/chown.bc>:opendirat:2	*stack_alloc@opendirat[i8** %dir.addr]
</home/anonymous/eqlog-steensgaard-analysis-benchmark/benchmarks/coreutils-8.24/chown.bc>:opendirat:3	*stack_alloc@opendirat[i32* %extra_flags.addr]
</home/anonymous/eqlog-steensgaard-analysis-benchmark/benchmarks/coreutils-8.24/chown.bc>:opendirat:4	*stack_alloc@opendirat[i32** %pdir_fd.addr]
</home/anonymous/eqlog-steensgaard-analysis-benchmark/benchmarks/coreutils-8.24/chown.bc>:opendirat:5	*stack_alloc@opendirat[i32* %new_fd]
</home/anonymous/eqlog-steensgaard-analysis-benchmark/benchmarks/coreutils-8.24/chown.bc>:opendirat:6	*stack_alloc@opendirat[%struct.__dirstream** %dirp]
</home/anonymous/eqlog-steensgaard-analysis-benchmark/benchmarks/coreutils-8.24/chown.bc>:opendirat:7	*stack_alloc@opendirat[i32* %saved_errno]
</home/anonymous/eqlog-steensgaard-analysis-benchmark/benchmarks/coreutils-8.24/chown.bc>:set_stat_type:0	*stack_alloc@set_stat_type[%struct.stat** %st.addr]
</home/anonymous/eqlog-steensgaard-analysis-benchmark/benchmarks/coreutils-8.24/chown.bc>:set_stat_type:1	*stack_alloc@set_stat_type[i32* %dtype.addr]
</home/anonymous/eqlog-steensgaard-analysis-benchmark/benchmarks/coreutils-8.24/chown.bc>:set_stat_type:2	*stack_alloc@set_stat_type[i32* %type]
</home/anonymous/eqlog-steensgaard-analysis-benchmark/benchmarks/coreutils-8.24/chown.bc>:fts_padjust:0	*stack_alloc@fts_padjust[%struct.FTS** %sp.addr]
</home/anonymous/eqlog-steensgaard-analysis-benchmark/benchmarks/coreutils-8.24/chown.bc>:fts_padjust:1	*stack_alloc@fts_padjust[%struct._ftsent** %head.addr]
</home/anonymous/eqlog-steensgaard-analysis-benchmark/benchmarks/coreutils-8.24/chown.bc>:fts_padjust:2	*stack_alloc@fts_padjust[%struct._ftsent** %p]
</home/anonymous/eqlog-steensgaard-analysis-benchmark/benchmarks/coreutils-8.24/chown.bc>:fts_padjust:3	*stack_alloc@fts_padjust[i8** %addr]
</home/anonymous/eqlog-steensgaard-analysis-benchmark/benchmarks/coreutils-8.24/chown.bc>:dirent_inode_sort_may_be_useful:0	*stack_alloc@dirent_inode_sort_may_be_useful[i1* %retval]
</home/anonymous/eqlog-steensgaard-analysis-benchmark/benchmarks/coreutils-8.24/chown.bc>:dirent_inode_sort_may_be_useful:1	*stack_alloc@dirent_inode_sort_may_be_useful[i32* %dir_fd.addr]
</home/anonymous/eqlog-steensgaard-analysis-benchmark/benchmarks/coreutils-8.24/chown.bc>:dirent_inode_sort_may_be_useful:2	*stack_alloc@dirent_inode_sort_may_be_useful[%struct.statfs* %fs_buf]
</home/anonymous/eqlog-steensgaard-analysis-benchmark/benchmarks/coreutils-8.24/chown.bc>:rpl_mbrtowc:0	*stack_alloc@rpl_mbrtowc[i64* %retval]
</home/anonymous/eqlog-steensgaard-analysis-benchmark/benchmarks/coreutils-8.24/chown.bc>:rpl_mbrtowc:1	*stack_alloc@rpl_mbrtowc[i32** %pwc.addr]
</home/anonymous/eqlog-steensgaard-analysis-benchmark/benchmarks/coreutils-8.24/chown.bc>:rpl_mbrtowc:2	*stack_alloc@rpl_mbrtowc[i8** %s.addr]
</home/anonymous/eqlog-steensgaard-analysis-benchmark/benchmarks/coreutils-8.24/chown.bc>:rpl_mbrtowc:3	*stack_alloc@rpl_mbrtowc[i64* %n.addr]
</home/anonymous/eqlog-steensgaard-analysis-benchmark/benchmarks/coreutils-8.24/chown.bc>:rpl_mbrtowc:4	*stack_alloc@rpl_mbrtowc[%struct.__mbstate_t** %ps.addr]
</home/anonymous/eqlog-steensgaard-analysis-benchmark/benchmarks/coreutils-8.24/chown.bc>:c_strcasecmp:0	*stack_alloc@c_strcasecmp[i32* %retval]
</home/anonymous/eqlog-steensgaard-analysis-benchmark/benchmarks/coreutils-8.24/chown.bc>:c_strcasecmp:1	*stack_alloc@c_strcasecmp[i8** %s1.addr]
</home/anonymous/eqlog-steensgaard-analysis-benchmark/benchmarks/coreutils-8.24/chown.bc>:c_strcasecmp:2	*stack_alloc@c_strcasecmp[i8** %s2.addr]
</home/anonymous/eqlog-steensgaard-analysis-benchmark/benchmarks/coreutils-8.24/chown.bc>:c_strcasecmp:3	*stack_alloc@c_strcasecmp[i8** %p1]
</home/anonymous/eqlog-steensgaard-analysis-benchmark/benchmarks/coreutils-8.24/chown.bc>:c_strcasecmp:4	*stack_alloc@c_strcasecmp[i8** %p2]
</home/anonymous/eqlog-steensgaard-analysis-benchmark/benchmarks/coreutils-8.24/chown.bc>:c_strcasecmp:5	*stack_alloc@c_strcasecmp[i8* %c1]
</home/anonymous/eqlog-steensgaard-analysis-benchmark/benchmarks/coreutils-8.24/chown.bc>:c_strcasecmp:6	*stack_alloc@c_strcasecmp[i8* %c2]
</home/anonymous/eqlog-steensgaard-analysis-benchmark/benchmarks/coreutils-8.24/chown.bc>:set_cloexec_flag:0	*stack_alloc@set_cloexec_flag[i32* %retval]
</home/anonymous/eqlog-steensgaard-analysis-benchmark/benchmarks/coreutils-8.24/chown.bc>:set_cloexec_flag:1	*stack_alloc@set_cloexec_flag[i32* %desc.addr]
</home/anonymous/eqlog-steensgaard-analysis-benchmark/benchmarks/coreutils-8.24/chown.bc>:set_cloexec_flag:2	*stack_alloc@set_cloexec_flag[i8* %value.addr]
</home/anonymous/eqlog-steensgaard-analysis-benchmark/benchmarks/coreutils-8.24/chown.bc>:set_cloexec_flag:3	*stack_alloc@set_cloexec_flag[i32* %flags]
</home/anonymous/eqlog-steensgaard-analysis-benchmark/benchmarks/coreutils-8.24/chown.bc>:set_cloexec_flag:4	*stack_alloc@set_cloexec_flag[i32* %newflags]
</home/anonymous/eqlog-steensgaard-analysis-benchmark/benchmarks/coreutils-8.24/chown.bc>:close_stream:0	*stack_alloc@close_stream[i32* %retval]
</home/anonymous/eqlog-steensgaard-analysis-benchmark/benchmarks/coreutils-8.24/chown.bc>:close_stream:1	*stack_alloc@close_stream[%struct._IO_FILE** %stream.addr]
</home/anonymous/eqlog-steensgaard-analysis-benchmark/benchmarks/coreutils-8.24/chown.bc>:close_stream:2	*stack_alloc@close_stream[i8* %some_pending]
</home/anonymous/eqlog-steensgaard-analysis-benchmark/benchmarks/coreutils-8.24/chown.bc>:close_stream:3	*stack_alloc@close_stream[i8* %prev_fail]
</home/anonymous/eqlog-steensgaard-analysis-benchmark/benchmarks/coreutils-8.24/chown.bc>:close_stream:4	*stack_alloc@close_stream[i8* %fclose_fail]
</home/anonymous/eqlog-steensgaard-analysis-benchmark/benchmarks/coreutils-8.24/chown.bc>:cycle_check_init:0	*stack_alloc@cycle_check_init[%struct.cycle_check_state** %state.addr]
</home/anonymous/eqlog-steensgaard-analysis-benchmark/benchmarks/coreutils-8.24/chown.bc>:cycle_check:0	*stack_alloc@cycle_check[i1* %retval]
</home/anonymous/eqlog-steensgaard-analysis-benchmark/benchmarks/coreutils-8.24/chown.bc>:cycle_check:1	*stack_alloc@cycle_check[%struct.cycle_check_state** %state.addr]
</home/anonymous/eqlog-steensgaard-analysis-benchmark/benchmarks/coreutils-8.24/chown.bc>:cycle_check:2	*stack_alloc@cycle_check[%struct.stat** %sb.addr]
</home/anonymous/eqlog-steensgaard-analysis-benchmark/benchmarks/coreutils-8.24/chown.bc>:is_zero_or_power_of_two:0	*stack_alloc@is_zero_or_power_of_two[i64* %i.addr]
</home/anonymous/eqlog-steensgaard-analysis-benchmark/benchmarks/coreutils-8.24/chown.bc>:open_safer:0	*stack_alloc@open_safer[i8** %file.addr]
</home/anonymous/eqlog-steensgaard-analysis-benchmark/benchmarks/coreutils-8.24/chown.bc>:open_safer:1	*stack_alloc@open_safer[i32* %flags.addr]
</home/anonymous/eqlog-steensgaard-analysis-benchmark/benchmarks/coreutils-8.24/chown.bc>:open_safer:2	*stack_alloc@open_safer[i32* %mode]
</home/anonymous/eqlog-steensgaard-analysis-benchmark/benchmarks/coreutils-8.24/chown.bc>:open_safer:3	*stack_alloc@open_safer[[1 x %struct.__va_list_tag]* %ap]
</home/anonymous/eqlog-steensgaard-analysis-benchmark/benchmarks/coreutils-8.24/chown.bc>:hash_lookup:0	*stack_alloc@hash_lookup[i8** %retval]
</home/anonymous/eqlog-steensgaard-analysis-benchmark/benchmarks/coreutils-8.24/chown.bc>:hash_lookup:1	*stack_alloc@hash_lookup[%struct.hash_table** %table.addr]
</home/anonymous/eqlog-steensgaard-analysis-benchmark/benchmarks/coreutils-8.24/chown.bc>:hash_lookup:2	*stack_alloc@hash_lookup[i8** %entry.addr]
</home/anonymous/eqlog-steensgaard-analysis-benchmark/benchmarks/coreutils-8.24/chown.bc>:hash_lookup:3	*stack_alloc@hash_lookup[%struct.hash_entry** %bucket]
</home/anonymous/eqlog-steensgaard-analysis-benchmark/benchmarks/coreutils-8.24/chown.bc>:hash_lookup:4	*stack_alloc@hash_lookup[%struct.hash_entry** %cursor]
</home/anonymous/eqlog-steensgaard-analysis-benchmark/benchmarks/coreutils-8.24/chown.bc>:hash_initialize:0	*stack_alloc@hash_initialize[%struct.hash_table** %retval]
</home/anonymous/eqlog-steensgaard-analysis-benchmark/benchmarks/coreutils-8.24/chown.bc>:hash_initialize:1	*stack_alloc@hash_initialize[i64* %candidate.addr]
</home/anonymous/eqlog-steensgaard-analysis-benchmark/benchmarks/coreutils-8.24/chown.bc>:hash_initialize:2	*stack_alloc@hash_initialize[%struct.hash_tuning** %tuning.addr]
</home/anonymous/eqlog-steensgaard-analysis-benchmark/benchmarks/coreutils-8.24/chown.bc>:hash_initialize:3	*stack_alloc@hash_initialize[i64 (i8*, i64)** %hasher.addr]
</home/anonymous/eqlog-steensgaard-analysis-benchmark/benchmarks/coreutils-8.24/chown.bc>:hash_initialize:4	*stack_alloc@hash_initialize[i1 (i8*, i8*)** %comparator.addr]
</home/anonymous/eqlog-steensgaard-analysis-benchmark/benchmarks/coreutils-8.24/chown.bc>:hash_initialize:5	*stack_alloc@hash_initialize[void (i8*)** %data_freer.addr]
</home/anonymous/eqlog-steensgaard-analysis-benchmark/benchmarks/coreutils-8.24/chown.bc>:hash_initialize:6	*stack_alloc@hash_initialize[%struct.hash_table** %table]
</home/anonymous/eqlog-steensgaard-analysis-benchmark/benchmarks/coreutils-8.24/chown.bc>:hash_free:0	*stack_alloc@hash_free[%struct.hash_table** %table.addr]
</home/anonymous/eqlog-steensgaard-analysis-benchmark/benchmarks/coreutils-8.24/chown.bc>:hash_free:1	*stack_alloc@hash_free[%struct.hash_entry** %bucket]
</home/anonymous/eqlog-steensgaard-analysis-benchmark/benchmarks/coreutils-8.24/chown.bc>:hash_free:2	*stack_alloc@hash_free[%struct.hash_entry** %cursor]
</home/anonymous/eqlog-steensgaard-analysis-benchmark/benchmarks/coreutils-8.24/chown.bc>:hash_free:3	*stack_alloc@hash_free[%struct.hash_entry** %next]
</home/anonymous/eqlog-steensgaard-analysis-benchmark/benchmarks/coreutils-8.24/chown.bc>:hash_rehash:0	*stack_alloc@hash_rehash[i1* %retval]
</home/anonymous/eqlog-steensgaard-analysis-benchmark/benchmarks/coreutils-8.24/chown.bc>:hash_rehash:1	*stack_alloc@hash_rehash[%struct.hash_table** %table.addr]
</home/anonymous/eqlog-steensgaard-analysis-benchmark/benchmarks/coreutils-8.24/chown.bc>:hash_rehash:2	*stack_alloc@hash_rehash[i64* %candidate.addr]
</home/anonymous/eqlog-steensgaard-analysis-benchmark/benchmarks/coreutils-8.24/chown.bc>:hash_rehash:3	*stack_alloc@hash_rehash[%struct.hash_table* %storage]
</home/anonymous/eqlog-steensgaard-analysis-benchmark/benchmarks/coreutils-8.24/chown.bc>:hash_rehash:4	*stack_alloc@hash_rehash[%struct.hash_table** %new_table]
</home/anonymous/eqlog-steensgaard-analysis-benchmark/benchmarks/coreutils-8.24/chown.bc>:hash_rehash:5	*stack_alloc@hash_rehash[i64* %new_size]
</home/anonymous/eqlog-steensgaard-analysis-benchmark/benchmarks/coreutils-8.24/chown.bc>:hash_insert_if_absent:0	*stack_alloc@hash_insert_if_absent[i32* %retval]
</home/anonymous/eqlog-steensgaard-analysis-benchmark/benchmarks/coreutils-8.24/chown.bc>:hash_insert_if_absent:1	*stack_alloc@hash_insert_if_absent[%struct.hash_table** %table.addr]
</home/anonymous/eqlog-steensgaard-analysis-benchmark/benchmarks/coreutils-8.24/chown.bc>:hash_insert_if_absent:2	*stack_alloc@hash_insert_if_absent[i8** %entry.addr]
</home/anonymous/eqlog-steensgaard-analysis-benchmark/benchmarks/coreutils-8.24/chown.bc>:hash_insert_if_absent:3	*stack_alloc@hash_insert_if_absent[i8*** %matched_ent.addr]
</home/anonymous/eqlog-steensgaard-analysis-benchmark/benchmarks/coreutils-8.24/chown.bc>:hash_insert_if_absent:4	*stack_alloc@hash_insert_if_absent[i8** %data]
</home/anonymous/eqlog-steensgaard-analysis-benchmark/benchmarks/coreutils-8.24/chown.bc>:hash_insert_if_absent:5	*stack_alloc@hash_insert_if_absent[%struct.hash_entry** %bucket]
</home/anonymous/eqlog-steensgaard-analysis-benchmark/benchmarks/coreutils-8.24/chown.bc>:hash_insert_if_absent:6	*stack_alloc@hash_insert_if_absent[%struct.hash_tuning** %tuning22]
</home/anonymous/eqlog-steensgaard-analysis-benchmark/benchmarks/coreutils-8.24/chown.bc>:hash_insert_if_absent:7	*stack_alloc@hash_insert_if_absent[float* %candidate]
</home/anonymous/eqlog-steensgaard-analysis-benchmark/benchmarks/coreutils-8.24/chown.bc>:hash_insert_if_absent:8	*stack_alloc@hash_insert_if_absent[%struct.hash_entry** %new_entry]
</home/anonymous/eqlog-steensgaard-analysis-benchmark/benchmarks/coreutils-8.24/chown.bc>:hash_insert:0	*stack_alloc@hash_insert[%struct.hash_table** %table.addr]
</home/anonymous/eqlog-steensgaard-analysis-benchmark/benchmarks/coreutils-8.24/chown.bc>:hash_insert:1	*stack_alloc@hash_insert[i8** %entry.addr]
</home/anonymous/eqlog-steensgaard-analysis-benchmark/benchmarks/coreutils-8.24/chown.bc>:hash_insert:2	*stack_alloc@hash_insert[i8** %matched_ent]
</home/anonymous/eqlog-steensgaard-analysis-benchmark/benchmarks/coreutils-8.24/chown.bc>:hash_insert:3	*stack_alloc@hash_insert[i32* %err]
</home/anonymous/eqlog-steensgaard-analysis-benchmark/benchmarks/coreutils-8.24/chown.bc>:hash_delete:0	*stack_alloc@hash_delete[i8** %retval]
</home/anonymous/eqlog-steensgaard-analysis-benchmark/benchmarks/coreutils-8.24/chown.bc>:hash_delete:1	*stack_alloc@hash_delete[%struct.hash_table** %table.addr]
</home/anonymous/eqlog-steensgaard-analysis-benchmark/benchmarks/coreutils-8.24/chown.bc>:hash_delete:2	*stack_alloc@hash_delete[i8** %entry.addr]
</home/anonymous/eqlog-steensgaard-analysis-benchmark/benchmarks/coreutils-8.24/chown.bc>:hash_delete:3	*stack_alloc@hash_delete[i8** %data]
</home/anonymous/eqlog-steensgaard-analysis-benchmark/benchmarks/coreutils-8.24/chown.bc>:hash_delete:4	*stack_alloc@hash_delete[%struct.hash_entry** %bucket]
</home/anonymous/eqlog-steensgaard-analysis-benchmark/benchmarks/coreutils-8.24/chown.bc>:hash_delete:5	*stack_alloc@hash_delete[%struct.hash_tuning** %tuning21]
</home/anonymous/eqlog-steensgaard-analysis-benchmark/benchmarks/coreutils-8.24/chown.bc>:hash_delete:6	*stack_alloc@hash_delete[i64* %candidate]
</home/anonymous/eqlog-steensgaard-analysis-benchmark/benchmarks/coreutils-8.24/chown.bc>:hash_delete:7	*stack_alloc@hash_delete[%struct.hash_entry** %cursor]
</home/anonymous/eqlog-steensgaard-analysis-benchmark/benchmarks/coreutils-8.24/chown.bc>:hash_delete:8	*stack_alloc@hash_delete[%struct.hash_entry** %next]
</home/anonymous/eqlog-steensgaard-analysis-benchmark/benchmarks/coreutils-8.24/chown.bc>:safe_hasher:0	*stack_alloc@safe_hasher[%struct.hash_table** %table.addr]
</home/anonymous/eqlog-steensgaard-analysis-benchmark/benchmarks/coreutils-8.24/chown.bc>:safe_hasher:1	*stack_alloc@safe_hasher[i8** %key.addr]
</home/anonymous/eqlog-steensgaard-analysis-benchmark/benchmarks/coreutils-8.24/chown.bc>:safe_hasher:2	*stack_alloc@safe_hasher[i64* %n]
</home/anonymous/eqlog-steensgaard-analysis-benchmark/benchmarks/coreutils-8.24/chown.bc>:raw_hasher:0	*stack_alloc@raw_hasher[i8** %data.addr]
</home/anonymous/eqlog-steensgaard-analysis-benchmark/benchmarks/coreutils-8.24/chown.bc>:raw_hasher:1	*stack_alloc@raw_hasher[i64* %n.addr]
</home/anonymous/eqlog-steensgaard-analysis-benchmark/benchmarks/coreutils-8.24/chown.bc>:raw_hasher:2	*stack_alloc@raw_hasher[i64* %val]
</home/anonymous/eqlog-steensgaard-analysis-benchmark/benchmarks/coreutils-8.24/chown.bc>:raw_comparator:0	*stack_alloc@raw_comparator[i8** %a.addr]
</home/anonymous/eqlog-steensgaard-analysis-benchmark/benchmarks/coreutils-8.24/chown.bc>:raw_comparator:1	*stack_alloc@raw_comparator[i8** %b.addr]
</home/anonymous/eqlog-steensgaard-analysis-benchmark/benchmarks/coreutils-8.24/chown.bc>:check_tuning:0	*stack_alloc@check_tuning[i1* %retval]
</home/anonymous/eqlog-steensgaard-analysis-benchmark/benchmarks/coreutils-8.24/chown.bc>:check_tuning:1	*stack_alloc@check_tuning[%struct.hash_table** %table.addr]
</home/anonymous/eqlog-steensgaard-analysis-benchmark/benchmarks/coreutils-8.24/chown.bc>:check_tuning:2	*stack_alloc@check_tuning[%struct.hash_tuning** %tuning]
</home/anonymous/eqlog-steensgaard-analysis-benchmark/benchmarks/coreutils-8.24/chown.bc>:check_tuning:3	*stack_alloc@check_tuning[float* %epsilon]
</home/anonymous/eqlog-steensgaard-analysis-benchmark/benchmarks/coreutils-8.24/chown.bc>:compute_bucket_size:0	*stack_alloc@compute_bucket_size[i64* %retval]
</home/anonymous/eqlog-steensgaard-analysis-benchmark/benchmarks/coreutils-8.24/chown.bc>:compute_bucket_size:1	*stack_alloc@compute_bucket_size[i64* %candidate.addr]
</home/anonymous/eqlog-steensgaard-analysis-benchmark/benchmarks/coreutils-8.24/chown.bc>:compute_bucket_size:2	*stack_alloc@compute_bucket_size[%struct.hash_tuning** %tuning.addr]
</home/anonymous/eqlog-steensgaard-analysis-benchmark/benchmarks/coreutils-8.24/chown.bc>:compute_bucket_size:3	*stack_alloc@compute_bucket_size[float* %new_candidate]
</home/anonymous/eqlog-steensgaard-analysis-benchmark/benchmarks/coreutils-8.24/chown.bc>:transfer_entries:0	*stack_alloc@transfer_entries[i1* %retval]
</home/anonymous/eqlog-steensgaard-analysis-benchmark/benchmarks/coreutils-8.24/chown.bc>:transfer_entries:1	*stack_alloc@transfer_entries[%struct.hash_table** %dst.addr]
</home/anonymous/eqlog-steensgaard-analysis-benchmark/benchmarks/coreutils-8.24/chown.bc>:transfer_entries:2	*stack_alloc@transfer_entries[%struct.hash_table** %src.addr]
</home/anonymous/eqlog-steensgaard-analysis-benchmark/benchmarks/coreutils-8.24/chown.bc>:transfer_entries:3	*stack_alloc@transfer_entries[i8* %safe.addr]
</home/anonymous/eqlog-steensgaard-analysis-benchmark/benchmarks/coreutils-8.24/chown.bc>:transfer_entries:4	*stack_alloc@transfer_entries[%struct.hash_entry** %bucket]
</home/anonymous/eqlog-steensgaard-analysis-benchmark/benchmarks/coreutils-8.24/chown.bc>:transfer_entries:5	*stack_alloc@transfer_entries[%struct.hash_entry** %cursor]
</home/anonymous/eqlog-steensgaard-analysis-benchmark/benchmarks/coreutils-8.24/chown.bc>:transfer_entries:6	*stack_alloc@transfer_entries[%struct.hash_entry** %next]
</home/anonymous/eqlog-steensgaard-analysis-benchmark/benchmarks/coreutils-8.24/chown.bc>:transfer_entries:7	*stack_alloc@transfer_entries[i8** %data2]
</home/anonymous/eqlog-steensgaard-analysis-benchmark/benchmarks/coreutils-8.24/chown.bc>:transfer_entries:8	*stack_alloc@transfer_entries[%struct.hash_entry** %new_bucket]
</home/anonymous/eqlog-steensgaard-analysis-benchmark/benchmarks/coreutils-8.24/chown.bc>:transfer_entries:9	*stack_alloc@transfer_entries[%struct.hash_entry** %new_entry]
</home/anonymous/eqlog-steensgaard-analysis-benchmark/benchmarks/coreutils-8.24/chown.bc>:hash_find_entry:0	*stack_alloc@hash_find_entry[i8** %retval]
</home/anonymous/eqlog-steensgaard-analysis-benchmark/benchmarks/coreutils-8.24/chown.bc>:hash_find_entry:1	*stack_alloc@hash_find_entry[%struct.hash_table** %table.addr]
</home/anonymous/eqlog-steensgaard-analysis-benchmark/benchmarks/coreutils-8.24/chown.bc>:hash_find_entry:2	*stack_alloc@hash_find_entry[i8** %entry.addr]
</home/anonymous/eqlog-steensgaard-analysis-benchmark/benchmarks/coreutils-8.24/chown.bc>:hash_find_entry:3	*stack_alloc@hash_find_entry[%struct.hash_entry*** %bucket_head.addr]
</home/anonymous/eqlog-steensgaard-analysis-benchmark/benchmarks/coreutils-8.24/chown.bc>:hash_find_entry:4	*stack_alloc@hash_find_entry[i8* %delete.addr]
</home/anonymous/eqlog-steensgaard-analysis-benchmark/benchmarks/coreutils-8.24/chown.bc>:hash_find_entry:5	*stack_alloc@hash_find_entry[%struct.hash_entry** %bucket]
</home/anonymous/eqlog-steensgaard-analysis-benchmark/benchmarks/coreutils-8.24/chown.bc>:hash_find_entry:6	*stack_alloc@hash_find_entry[%struct.hash_entry** %cursor]
</home/anonymous/eqlog-steensgaard-analysis-benchmark/benchmarks/coreutils-8.24/chown.bc>:hash_find_entry:7	*stack_alloc@hash_find_entry[i8** %data7]
</home/anonymous/eqlog-steensgaard-analysis-benchmark/benchmarks/coreutils-8.24/chown.bc>:hash_find_entry:8	*stack_alloc@hash_find_entry[%struct.hash_entry** %next12]
</home/anonymous/eqlog-steensgaard-analysis-benchmark/benchmarks/coreutils-8.24/chown.bc>:hash_find_entry:9	*stack_alloc@hash_find_entry[i8** %data29]
</home/anonymous/eqlog-steensgaard-analysis-benchmark/benchmarks/coreutils-8.24/chown.bc>:hash_find_entry:10	*stack_alloc@hash_find_entry[%struct.hash_entry** %next34]
</home/anonymous/eqlog-steensgaard-analysis-benchmark/benchmarks/coreutils-8.24/chown.bc>:allocate_entry:0	*stack_alloc@allocate_entry[%struct.hash_table** %table.addr]
</home/anonymous/eqlog-steensgaard-analysis-benchmark/benchmarks/coreutils-8.24/chown.bc>:allocate_entry:1	*stack_alloc@allocate_entry[%struct.hash_entry** %new]
</home/anonymous/eqlog-steensgaard-analysis-benchmark/benchmarks/coreutils-8.24/chown.bc>:next_prime:0	*stack_alloc@next_prime[i64* %candidate.addr]
</home/anonymous/eqlog-steensgaard-analysis-benchmark/benchmarks/coreutils-8.24/chown.bc>:is_prime:0	*stack_alloc@is_prime[i64* %candidate.addr]
</home/anonymous/eqlog-steensgaard-analysis-benchmark/benchmarks/coreutils-8.24/chown.bc>:is_prime:1	*stack_alloc@is_prime[i64* %divisor]
</home/anonymous/eqlog-steensgaard-analysis-benchmark/benchmarks/coreutils-8.24/chown.bc>:is_prime:2	*stack_alloc@is_prime[i64* %square]
</home/anonymous/eqlog-steensgaard-analysis-benchmark/benchmarks/coreutils-8.24/chown.bc>:free_entry:0	*stack_alloc@free_entry[%struct.hash_table** %table.addr]
</home/anonymous/eqlog-steensgaard-analysis-benchmark/benchmarks/coreutils-8.24/chown.bc>:free_entry:1	*stack_alloc@free_entry[%struct.hash_entry** %entry.addr]
</home/anonymous/eqlog-steensgaard-analysis-benchmark/benchmarks/coreutils-8.24/chown.bc>:i_ring_init:0	*stack_alloc@i_ring_init[%struct.I_ring** %ir.addr]
</home/anonymous/eqlog-steensgaard-analysis-benchmark/benchmarks/coreutils-8.24/chown.bc>:i_ring_init:1	*stack_alloc@i_ring_init[i32* %default_val.addr]
</home/anonymous/eqlog-steensgaard-analysis-benchmark/benchmarks/coreutils-8.24/chown.bc>:i_ring_init:2	*stack_alloc@i_ring_init[i32* %i]
</home/anonymous/eqlog-steensgaard-analysis-benchmark/benchmarks/coreutils-8.24/chown.bc>:i_ring_empty:0	*stack_alloc@i_ring_empty[%struct.I_ring** %ir.addr]
</home/anonymous/eqlog-steensgaard-analysis-benchmark/benchmarks/coreutils-8.24/chown.bc>:i_ring_push:0	*stack_alloc@i_ring_push[%struct.I_ring** %ir.addr]
</home/anonymous/eqlog-steensgaard-analysis-benchmark/benchmarks/coreutils-8.24/chown.bc>:i_ring_push:1	*stack_alloc@i_ring_push[i32* %val.addr]
</home/anonymous/eqlog-steensgaard-analysis-benchmark/benchmarks/coreutils-8.24/chown.bc>:i_ring_push:2	*stack_alloc@i_ring_push[i32* %dest_idx]
</home/anonymous/eqlog-steensgaard-analysis-benchmark/benchmarks/coreutils-8.24/chown.bc>:i_ring_push:3	*stack_alloc@i_ring_push[i32* %old_val]
</home/anonymous/eqlog-steensgaard-analysis-benchmark/benchmarks/coreutils-8.24/chown.bc>:i_ring_pop:0	*stack_alloc@i_ring_pop[%struct.I_ring** %ir.addr]
</home/anonymous/eqlog-steensgaard-analysis-benchmark/benchmarks/coreutils-8.24/chown.bc>:i_ring_pop:1	*stack_alloc@i_ring_pop[i32* %top_val]
</home/anonymous/eqlog-steensgaard-analysis-benchmark/benchmarks/coreutils-8.24/chown.bc>:locale_charset:0	*stack_alloc@locale_charset[i8** %codeset]
</home/anonymous/eqlog-steensgaard-analysis-benchmark/benchmarks/coreutils-8.24/chown.bc>:locale_charset:1	*stack_alloc@locale_charset[i8** %aliases]
</home/anonymous/eqlog-steensgaard-analysis-benchmark/benchmarks/coreutils-8.24/chown.bc>:get_charset_aliases:0	*stack_alloc@get_charset_aliases[i8** %cp]
</home/anonymous/eqlog-steensgaard-analysis-benchmark/benchmarks/coreutils-8.24/chown.bc>:get_charset_aliases:1	*stack_alloc@get_charset_aliases[i8** %dir]
</home/anonymous/eqlog-steensgaard-analysis-benchmark/benchmarks/coreutils-8.24/chown.bc>:get_charset_aliases:2	*stack_alloc@get_charset_aliases[i8** %base]
</home/anonymous/eqlog-steensgaard-analysis-benchmark/benchmarks/coreutils-8.24/chown.bc>:get_charset_aliases:3	*stack_alloc@get_charset_aliases[i8** %file_name]
</home/anonymous/eqlog-steensgaard-analysis-benchmark/benchmarks/coreutils-8.24/chown.bc>:get_charset_aliases:4	*stack_alloc@get_charset_aliases[i64* %dir_len]
</home/anonymous/eqlog-steensgaard-analysis-benchmark/benchmarks/coreutils-8.24/chown.bc>:get_charset_aliases:5	*stack_alloc@get_charset_aliases[i64* %base_len]
</home/anonymous/eqlog-steensgaard-analysis-benchmark/benchmarks/coreutils-8.24/chown.bc>:get_charset_aliases:6	*stack_alloc@get_charset_aliases[i32* %add_slash]
</home/anonymous/eqlog-steensgaard-analysis-benchmark/benchmarks/coreutils-8.24/chown.bc>:get_charset_aliases:7	*stack_alloc@get_charset_aliases[i32* %fd]
</home/anonymous/eqlog-steensgaard-analysis-benchmark/benchmarks/coreutils-8.24/chown.bc>:get_charset_aliases:8	*stack_alloc@get_charset_aliases[%struct._IO_FILE** %fp]
</home/anonymous/eqlog-steensgaard-analysis-benchmark/benchmarks/coreutils-8.24/chown.bc>:get_charset_aliases:9	*stack_alloc@get_charset_aliases[i8** %res_ptr]
</home/anonymous/eqlog-steensgaard-analysis-benchmark/benchmarks/coreutils-8.24/chown.bc>:get_charset_aliases:10	*stack_alloc@get_charset_aliases[i64* %res_size]
</home/anonymous/eqlog-steensgaard-analysis-benchmark/benchmarks/coreutils-8.24/chown.bc>:get_charset_aliases:11	*stack_alloc@get_charset_aliases[i32* %c]
</home/anonymous/eqlog-steensgaard-analysis-benchmark/benchmarks/coreutils-8.24/chown.bc>:get_charset_aliases:12	*stack_alloc@get_charset_aliases[[51 x i8]* %buf1]
</home/anonymous/eqlog-steensgaard-analysis-benchmark/benchmarks/coreutils-8.24/chown.bc>:get_charset_aliases:13	*stack_alloc@get_charset_aliases[[51 x i8]* %buf2]
</home/anonymous/eqlog-steensgaard-analysis-benchmark/benchmarks/coreutils-8.24/chown.bc>:get_charset_aliases:14	*stack_alloc@get_charset_aliases[i64* %l1]
</home/anonymous/eqlog-steensgaard-analysis-benchmark/benchmarks/coreutils-8.24/chown.bc>:get_charset_aliases:15	*stack_alloc@get_charset_aliases[i64* %l2]
</home/anonymous/eqlog-steensgaard-analysis-benchmark/benchmarks/coreutils-8.24/chown.bc>:get_charset_aliases:16	*stack_alloc@get_charset_aliases[i8** %old_res_ptr]
</home/anonymous/eqlog-steensgaard-analysis-benchmark/benchmarks/coreutils-8.24/chown.bc>:openat_safer:0	*stack_alloc@openat_safer[i32* %fd.addr]
</home/anonymous/eqlog-steensgaard-analysis-benchmark/benchmarks/coreutils-8.24/chown.bc>:openat_safer:1	*stack_alloc@openat_safer[i8** %file.addr]
</home/anonymous/eqlog-steensgaard-analysis-benchmark/benchmarks/coreutils-8.24/chown.bc>:openat_safer:2	*stack_alloc@openat_safer[i32* %flags.addr]
</home/anonymous/eqlog-steensgaard-analysis-benchmark/benchmarks/coreutils-8.24/chown.bc>:openat_safer:3	*stack_alloc@openat_safer[i32* %mode]
</home/anonymous/eqlog-steensgaard-analysis-benchmark/benchmarks/coreutils-8.24/chown.bc>:openat_safer:4	*stack_alloc@openat_safer[[1 x %struct.__va_list_tag]* %ap]
</home/anonymous/eqlog-steensgaard-analysis-benchmark/benchmarks/coreutils-8.24/chown.bc>:dup_safer:0	*stack_alloc@dup_safer[i32* %fd.addr]
</home/anonymous/eqlog-steensgaard-analysis-benchmark/benchmarks/coreutils-8.24/chown.bc>:fd_safer:0	*stack_alloc@fd_safer[i32* %fd.addr]
</home/anonymous/eqlog-steensgaard-analysis-benchmark/benchmarks/coreutils-8.24/chown.bc>:fd_safer:1	*stack_alloc@fd_safer[i32* %f]
</home/anonymous/eqlog-steensgaard-analysis-benchmark/benchmarks/coreutils-8.24/chown.bc>:fd_safer:2	*stack_alloc@fd_safer[i32* %e]
</home/anonymous/eqlog-steensgaard-analysis-benchmark/benchmarks/coreutils-8.24/chown.bc>:rpl_fclose:0	*stack_alloc@rpl_fclose[i32* %retval]
</home/anonymous/eqlog-steensgaard-analysis-benchmark/benchmarks/coreutils-8.24/chown.bc>:rpl_fclose:1	*stack_alloc@rpl_fclose[%struct._IO_FILE** %fp.addr]
</home/anonymous/eqlog-steensgaard-analysis-benchmark/benchmarks/coreutils-8.24/chown.bc>:rpl_fclose:2	*stack_alloc@rpl_fclose[i32* %saved_errno]
</home/anonymous/eqlog-steensgaard-analysis-benchmark/benchmarks/coreutils-8.24/chown.bc>:rpl_fclose:3	*stack_alloc@rpl_fclose[i32* %fd]
</home/anonymous/eqlog-steensgaard-analysis-benchmark/benchmarks/coreutils-8.24/chown.bc>:rpl_fclose:4	*stack_alloc@rpl_fclose[i32* %result]
</home/anonymous/eqlog-steensgaard-analysis-benchmark/benchmarks/coreutils-8.24/chown.bc>:rpl_fcntl:0	*stack_alloc@rpl_fcntl[i32* %fd.addr]
</home/anonymous/eqlog-steensgaard-analysis-benchmark/benchmarks/coreutils-8.24/chown.bc>:rpl_fcntl:1	*stack_alloc@rpl_fcntl[i32* %action.addr]
</home/anonymous/eqlog-steensgaard-analysis-benchmark/benchmarks/coreutils-8.24/chown.bc>:rpl_fcntl:2	*stack_alloc@rpl_fcntl[[1 x %struct.__va_list_tag]* %arg]
</home/anonymous/eqlog-steensgaard-analysis-benchmark/benchmarks/coreutils-8.24/chown.bc>:rpl_fcntl:3	*stack_alloc@rpl_fcntl[i32* %result]
</home/anonymous/eqlog-steensgaard-analysis-benchmark/benchmarks/coreutils-8.24/chown.bc>:rpl_fcntl:4	*stack_alloc@rpl_fcntl[i32* %target]
</home/anonymous/eqlog-steensgaard-analysis-benchmark/benchmarks/coreutils-8.24/chown.bc>:rpl_fcntl:5	*stack_alloc@rpl_fcntl[i32* %flags]
</home/anonymous/eqlog-steensgaard-analysis-benchmark/benchmarks/coreutils-8.24/chown.bc>:rpl_fcntl:6	*stack_alloc@rpl_fcntl[i32* %saved_errno]
</home/anonymous/eqlog-steensgaard-analysis-benchmark/benchmarks/coreutils-8.24/chown.bc>:rpl_fcntl:7	*stack_alloc@rpl_fcntl[i8** %p]
</home/anonymous/eqlog-steensgaard-analysis-benchmark/benchmarks/coreutils-8.24/chown.bc>:rpl_fflush:0	*stack_alloc@rpl_fflush[i32* %retval]
</home/anonymous/eqlog-steensgaard-analysis-benchmark/benchmarks/coreutils-8.24/chown.bc>:rpl_fflush:1	*stack_alloc@rpl_fflush[%struct._IO_FILE** %stream.addr]
</home/anonymous/eqlog-steensgaard-analysis-benchmark/benchmarks/coreutils-8.24/chown.bc>:clear_ungetc_buffer_preserving_position:0	*stack_alloc@clear_ungetc_buffer_preserving_position[%struct._IO_FILE** %fp.addr]
</home/anonymous/eqlog-steensgaard-analysis-benchmark/benchmarks/coreutils-8.24/chown.bc>:rpl_fseeko:0	*stack_alloc@rpl_fseeko[i32* %retval]
</home/anonymous/eqlog-steensgaard-analysis-benchmark/benchmarks/coreutils-8.24/chown.bc>:rpl_fseeko:1	*stack_alloc@rpl_fseeko[%struct._IO_FILE** %fp.addr]
</home/anonymous/eqlog-steensgaard-analysis-benchmark/benchmarks/coreutils-8.24/chown.bc>:rpl_fseeko:2	*stack_alloc@rpl_fseeko[i64* %offset.addr]
</home/anonymous/eqlog-steensgaard-analysis-benchmark/benchmarks/coreutils-8.24/chown.bc>:rpl_fseeko:3	*stack_alloc@rpl_fseeko[i32* %whence.addr]
</home/anonymous/eqlog-steensgaard-analysis-benchmark/benchmarks/coreutils-8.24/chown.bc>:rpl_fseeko:4	*stack_alloc@rpl_fseeko[i64* %pos]
</home/anonymous/eqlog-steensgaard-analysis-benchmark/benchmarks/coreutils-8.24/chown.bc>:rotr_sz:0	*stack_alloc@rotr_sz[i64* %x.addr]
</home/anonymous/eqlog-steensgaard-analysis-benchmark/benchmarks/coreutils-8.24/chown.bc>:rotr_sz:1	*stack_alloc@rotr_sz[i32* %n.addr]
</home/anonymous/eqlog-steensgaard-analysis-benchmark/benchmarks/coreutils-8.24/chown.bc>:c_tolower:0	*stack_alloc@c_tolower[i32* %c.addr]
