</home/anonymous/eqlog-steensgaard-analysis-benchmark/benchmarks/coreutils-8.24/base64.bc>:emit_ancillary_info:%cond	</home/anonymous/eqlog-steensgaard-analysis-benchmark/benchmarks/coreutils-8.24/base64.bc>:emit_ancillary_info:65:0:getelementptr inbounds ([12 x i8], [12 x i8]* @.str.35, i32 0, i32 0)
</home/anonymous/eqlog-steensgaard-analysis-benchmark/benchmarks/coreutils-8.24/base64.bc>:emit_ancillary_info:%cond	</home/anonymous/eqlog-steensgaard-analysis-benchmark/benchmarks/coreutils-8.24/base64.bc>:emit_ancillary_info:65:4:getelementptr inbounds ([1 x i8], [1 x i8]* @.str.6, i32 0, i32 0)
</home/anonymous/eqlog-steensgaard-analysis-benchmark/benchmarks/coreutils-8.24/base64.bc>:emit_ancillary_info:%6	</home/anonymous/eqlog-steensgaard-analysis-benchmark/benchmarks/coreutils-8.24/base64.bc>:emit_ancillary_info:25:0:false
</home/anonymous/eqlog-steensgaard-analysis-benchmark/benchmarks/coreutils-8.24/base64.bc>:emit_ancillary_info:%6	</home/anonymous/eqlog-steensgaard-analysis-benchmark/benchmarks/coreutils-8.24/base64.bc>:emit_ancillary_info:%lnot
</home/anonymous/eqlog-steensgaard-analysis-benchmark/benchmarks/coreutils-8.24/base64.bc>:do_decode:%cond	</home/anonymous/eqlog-steensgaard-analysis-benchmark/benchmarks/coreutils-8.24/base64.bc>:do_decode:143:0:0
</home/anonymous/eqlog-steensgaard-analysis-benchmark/benchmarks/coreutils-8.24/base64.bc>:do_decode:%cond	</home/anonymous/eqlog-steensgaard-analysis-benchmark/benchmarks/coreutils-8.24/base64.bc>:do_decode:%33
</home/anonymous/eqlog-steensgaard-analysis-benchmark/benchmarks/coreutils-8.24/base64.bc>:do_decode:%7	</home/anonymous/eqlog-steensgaard-analysis-benchmark/benchmarks/coreutils-8.24/base64.bc>:do_decode:50:0:false
</home/anonymous/eqlog-steensgaard-analysis-benchmark/benchmarks/coreutils-8.24/base64.bc>:do_decode:%7	</home/anonymous/eqlog-steensgaard-analysis-benchmark/benchmarks/coreutils-8.24/base64.bc>:do_decode:%cmp2
</home/anonymous/eqlog-steensgaard-analysis-benchmark/benchmarks/coreutils-8.24/base64.bc>:do_decode:%27	</home/anonymous/eqlog-steensgaard-analysis-benchmark/benchmarks/coreutils-8.24/base64.bc>:do_decode:113:0:false
</home/anonymous/eqlog-steensgaard-analysis-benchmark/benchmarks/coreutils-8.24/base64.bc>:do_decode:%27	</home/anonymous/eqlog-steensgaard-analysis-benchmark/benchmarks/coreutils-8.24/base64.bc>:do_decode:%lnot
</home/anonymous/eqlog-steensgaard-analysis-benchmark/benchmarks/coreutils-8.24/base64.bc>:do_encode:%18	</home/anonymous/eqlog-steensgaard-analysis-benchmark/benchmarks/coreutils-8.24/base64.bc>:do_encode:81:0:false
</home/anonymous/eqlog-steensgaard-analysis-benchmark/benchmarks/coreutils-8.24/base64.bc>:do_encode:%18	</home/anonymous/eqlog-steensgaard-analysis-benchmark/benchmarks/coreutils-8.24/base64.bc>:do_encode:81:1:false
</home/anonymous/eqlog-steensgaard-analysis-benchmark/benchmarks/coreutils-8.24/base64.bc>:do_encode:%18	</home/anonymous/eqlog-steensgaard-analysis-benchmark/benchmarks/coreutils-8.24/base64.bc>:do_encode:%cmp20
</home/anonymous/eqlog-steensgaard-analysis-benchmark/benchmarks/coreutils-8.24/base64.bc>:do_encode:%8	</home/anonymous/eqlog-steensgaard-analysis-benchmark/benchmarks/coreutils-8.24/base64.bc>:do_encode:47:0:false
</home/anonymous/eqlog-steensgaard-analysis-benchmark/benchmarks/coreutils-8.24/base64.bc>:do_encode:%8	</home/anonymous/eqlog-steensgaard-analysis-benchmark/benchmarks/coreutils-8.24/base64.bc>:do_encode:47:1:false
</home/anonymous/eqlog-steensgaard-analysis-benchmark/benchmarks/coreutils-8.24/base64.bc>:do_encode:%8	</home/anonymous/eqlog-steensgaard-analysis-benchmark/benchmarks/coreutils-8.24/base64.bc>:do_encode:%cmp
</home/anonymous/eqlog-steensgaard-analysis-benchmark/benchmarks/coreutils-8.24/base64.bc>:wrap_write:%cond13	</home/anonymous/eqlog-steensgaard-analysis-benchmark/benchmarks/coreutils-8.24/base64.bc>:wrap_write:%sub11
</home/anonymous/eqlog-steensgaard-analysis-benchmark/benchmarks/coreutils-8.24/base64.bc>:wrap_write:%cond13	</home/anonymous/eqlog-steensgaard-analysis-benchmark/benchmarks/coreutils-8.24/base64.bc>:wrap_write:%16
</home/anonymous/eqlog-steensgaard-analysis-benchmark/benchmarks/coreutils-8.24/base64.bc>:wrap_write:%cond	</home/anonymous/eqlog-steensgaard-analysis-benchmark/benchmarks/coreutils-8.24/base64.bc>:wrap_write:54:0:-1
</home/anonymous/eqlog-steensgaard-analysis-benchmark/benchmarks/coreutils-8.24/base64.bc>:wrap_write:%cond	</home/anonymous/eqlog-steensgaard-analysis-benchmark/benchmarks/coreutils-8.24/base64.bc>:wrap_write:%12
</home/anonymous/eqlog-steensgaard-analysis-benchmark/benchmarks/coreutils-8.24/base64.bc>:base64_encode:%cond64	</home/anonymous/eqlog-steensgaard-analysis-benchmark/benchmarks/coreutils-8.24/base64.bc>:base64_encode:148:0:61
</home/anonymous/eqlog-steensgaard-analysis-benchmark/benchmarks/coreutils-8.24/base64.bc>:base64_encode:%cond64	</home/anonymous/eqlog-steensgaard-analysis-benchmark/benchmarks/coreutils-8.24/base64.bc>:base64_encode:%conv61
</home/anonymous/eqlog-steensgaard-analysis-benchmark/benchmarks/coreutils-8.24/base64.bc>:base64_encode:%cond46	</home/anonymous/eqlog-steensgaard-analysis-benchmark/benchmarks/coreutils-8.24/base64.bc>:base64_encode:121:0:61
</home/anonymous/eqlog-steensgaard-analysis-benchmark/benchmarks/coreutils-8.24/base64.bc>:base64_encode:%cond46	</home/anonymous/eqlog-steensgaard-analysis-benchmark/benchmarks/coreutils-8.24/base64.bc>:base64_encode:%conv43
</home/anonymous/eqlog-steensgaard-analysis-benchmark/benchmarks/coreutils-8.24/base64.bc>:base64_encode:%cond38	</home/anonymous/eqlog-steensgaard-analysis-benchmark/benchmarks/coreutils-8.24/base64.bc>:base64_encode:112:0:0
</home/anonymous/eqlog-steensgaard-analysis-benchmark/benchmarks/coreutils-8.24/base64.bc>:base64_encode:%cond38	</home/anonymous/eqlog-steensgaard-analysis-benchmark/benchmarks/coreutils-8.24/base64.bc>:base64_encode:%shr35
</home/anonymous/eqlog-steensgaard-analysis-benchmark/benchmarks/coreutils-8.24/base64.bc>:base64_encode:%cond	</home/anonymous/eqlog-steensgaard-analysis-benchmark/benchmarks/coreutils-8.24/base64.bc>:base64_encode:74:0:0
</home/anonymous/eqlog-steensgaard-analysis-benchmark/benchmarks/coreutils-8.24/base64.bc>:base64_encode:%cond	</home/anonymous/eqlog-steensgaard-analysis-benchmark/benchmarks/coreutils-8.24/base64.bc>:base64_encode:%shr15
</home/anonymous/eqlog-steensgaard-analysis-benchmark/benchmarks/coreutils-8.24/base64.bc>:base64_encode:%8	</home/anonymous/eqlog-steensgaard-analysis-benchmark/benchmarks/coreutils-8.24/base64.bc>:base64_encode:34:0:false
</home/anonymous/eqlog-steensgaard-analysis-benchmark/benchmarks/coreutils-8.24/base64.bc>:base64_encode:%8	</home/anonymous/eqlog-steensgaard-analysis-benchmark/benchmarks/coreutils-8.24/base64.bc>:base64_encode:%tobool2
</home/anonymous/eqlog-steensgaard-analysis-benchmark/benchmarks/coreutils-8.24/base64.bc>:base64_decode_ctx:%sub.ptr.rhs.cast	</home/anonymous/eqlog-steensgaard-analysis-benchmark/benchmarks/coreutils-8.24/base64.bc>:base64_decode_ctx:%40
</home/anonymous/eqlog-steensgaard-analysis-benchmark/benchmarks/coreutils-8.24/base64.bc>:base64_decode_ctx:%sub.ptr.lhs.cast	</home/anonymous/eqlog-steensgaard-analysis-benchmark/benchmarks/coreutils-8.24/base64.bc>:base64_decode_ctx:%39
</home/anonymous/eqlog-steensgaard-analysis-benchmark/benchmarks/coreutils-8.24/base64.bc>:get_4:%sub.ptr.rhs.cast	</home/anonymous/eqlog-steensgaard-analysis-benchmark/benchmarks/coreutils-8.24/base64.bc>:get_4:%9
</home/anonymous/eqlog-steensgaard-analysis-benchmark/benchmarks/coreutils-8.24/base64.bc>:get_4:%sub.ptr.lhs.cast	</home/anonymous/eqlog-steensgaard-analysis-benchmark/benchmarks/coreutils-8.24/base64.bc>:get_4:%7
</home/anonymous/eqlog-steensgaard-analysis-benchmark/benchmarks/coreutils-8.24/base64.bc>:set_program_name:%sub.ptr.rhs.cast	</home/anonymous/eqlog-steensgaard-analysis-benchmark/benchmarks/coreutils-8.24/base64.bc>:set_program_name:%7
</home/anonymous/eqlog-steensgaard-analysis-benchmark/benchmarks/coreutils-8.24/base64.bc>:set_program_name:%sub.ptr.lhs.cast	</home/anonymous/eqlog-steensgaard-analysis-benchmark/benchmarks/coreutils-8.24/base64.bc>:set_program_name:%6
</home/anonymous/eqlog-steensgaard-analysis-benchmark/benchmarks/coreutils-8.24/base64.bc>:set_program_name:%cond	</home/anonymous/eqlog-steensgaard-analysis-benchmark/benchmarks/coreutils-8.24/base64.bc>:set_program_name:%5
</home/anonymous/eqlog-steensgaard-analysis-benchmark/benchmarks/coreutils-8.24/base64.bc>:set_program_name:%cond	</home/anonymous/eqlog-steensgaard-analysis-benchmark/benchmarks/coreutils-8.24/base64.bc>:set_program_name:%add.ptr
</home/anonymous/eqlog-steensgaard-analysis-benchmark/benchmarks/coreutils-8.24/base64.bc>:set_char_quoting:%cond	</home/anonymous/eqlog-steensgaard-analysis-benchmark/benchmarks/coreutils-8.24/base64.bc>:set_char_quoting:23:0:@default_quoting_options
</home/anonymous/eqlog-steensgaard-analysis-benchmark/benchmarks/coreutils-8.24/base64.bc>:set_char_quoting:%cond	</home/anonymous/eqlog-steensgaard-analysis-benchmark/benchmarks/coreutils-8.24/base64.bc>:set_char_quoting:%2
</home/anonymous/eqlog-steensgaard-analysis-benchmark/benchmarks/coreutils-8.24/base64.bc>:quotearg_char_mem:%0	</home/anonymous/eqlog-steensgaard-analysis-benchmark/benchmarks/coreutils-8.24/base64.bc>:quotearg_char_mem:%options
</home/anonymous/eqlog-steensgaard-analysis-benchmark/benchmarks/coreutils-8.24/base64.bc>:quotearg_buffer_restyled:%171	</home/anonymous/eqlog-steensgaard-analysis-benchmark/benchmarks/coreutils-8.24/base64.bc>:quotearg_buffer_restyled:626:0:false
</home/anonymous/eqlog-steensgaard-analysis-benchmark/benchmarks/coreutils-8.24/base64.bc>:quotearg_buffer_restyled:%171	</home/anonymous/eqlog-steensgaard-analysis-benchmark/benchmarks/coreutils-8.24/base64.bc>:quotearg_buffer_restyled:%tobool318
</home/anonymous/eqlog-steensgaard-analysis-benchmark/benchmarks/coreutils-8.24/base64.bc>:quotearg_buffer_restyled:%152	</home/anonymous/eqlog-steensgaard-analysis-benchmark/benchmarks/coreutils-8.24/base64.bc>:quotearg_buffer_restyled:%mbstate
</home/anonymous/eqlog-steensgaard-analysis-benchmark/benchmarks/coreutils-8.24/base64.bc>:quotearg_buffer_restyled:%cond	</home/anonymous/eqlog-steensgaard-analysis-benchmark/benchmarks/coreutils-8.24/base64.bc>:quotearg_buffer_restyled:%conv45
</home/anonymous/eqlog-steensgaard-analysis-benchmark/benchmarks/coreutils-8.24/base64.bc>:quotearg_buffer_restyled:%cond	</home/anonymous/eqlog-steensgaard-analysis-benchmark/benchmarks/coreutils-8.24/base64.bc>:quotearg_buffer_restyled:%conv43
</home/anonymous/eqlog-steensgaard-analysis-benchmark/benchmarks/coreutils-8.24/base64.bc>:quotearg_buffer_restyled:%cond61	</home/anonymous/eqlog-steensgaard-analysis-benchmark/benchmarks/coreutils-8.24/base64.bc>:quotearg_buffer_restyled:%call58
</home/anonymous/eqlog-steensgaard-analysis-benchmark/benchmarks/coreutils-8.24/base64.bc>:quotearg_buffer_restyled:%cond61	</home/anonymous/eqlog-steensgaard-analysis-benchmark/benchmarks/coreutils-8.24/base64.bc>:quotearg_buffer_restyled:%44
</home/anonymous/eqlog-steensgaard-analysis-benchmark/benchmarks/coreutils-8.24/base64.bc>:quotearg_n_options:%19	</home/anonymous/eqlog-steensgaard-analysis-benchmark/benchmarks/coreutils-8.24/base64.bc>:quotearg_n_options:%add.ptr
</home/anonymous/eqlog-steensgaard-analysis-benchmark/benchmarks/coreutils-8.24/base64.bc>:quotearg_n_options:%16	</home/anonymous/eqlog-steensgaard-analysis-benchmark/benchmarks/coreutils-8.24/base64.bc>:quotearg_n_options:%15
</home/anonymous/eqlog-steensgaard-analysis-benchmark/benchmarks/coreutils-8.24/base64.bc>:quotearg_n_options:%13	</home/anonymous/eqlog-steensgaard-analysis-benchmark/benchmarks/coreutils-8.24/base64.bc>:quotearg_n_options:%call10
</home/anonymous/eqlog-steensgaard-analysis-benchmark/benchmarks/coreutils-8.24/base64.bc>:quotearg_n_options:%11	</home/anonymous/eqlog-steensgaard-analysis-benchmark/benchmarks/coreutils-8.24/base64.bc>:quotearg_n_options:%cond
</home/anonymous/eqlog-steensgaard-analysis-benchmark/benchmarks/coreutils-8.24/base64.bc>:quotearg_n_options:%cond	</home/anonymous/eqlog-steensgaard-analysis-benchmark/benchmarks/coreutils-8.24/base64.bc>:quotearg_n_options:61:0:null
</home/anonymous/eqlog-steensgaard-analysis-benchmark/benchmarks/coreutils-8.24/base64.bc>:quotearg_n_options:%cond	</home/anonymous/eqlog-steensgaard-analysis-benchmark/benchmarks/coreutils-8.24/base64.bc>:quotearg_n_options:%10
</home/anonymous/eqlog-steensgaard-analysis-benchmark/benchmarks/coreutils-8.24/base64.bc>:gettext_quote:%cond20	</home/anonymous/eqlog-steensgaard-analysis-benchmark/benchmarks/coreutils-8.24/base64.bc>:gettext_quote:49:0:getelementptr inbounds ([2 x i8], [2 x i8]* @.str.8.89, i32 0, i32 0)
</home/anonymous/eqlog-steensgaard-analysis-benchmark/benchmarks/coreutils-8.24/base64.bc>:gettext_quote:%cond20	</home/anonymous/eqlog-steensgaard-analysis-benchmark/benchmarks/coreutils-8.24/base64.bc>:gettext_quote:49:4:getelementptr inbounds ([2 x i8], [2 x i8]* @.str.10.90, i32 0, i32 0)
</home/anonymous/eqlog-steensgaard-analysis-benchmark/benchmarks/coreutils-8.24/base64.bc>:gettext_quote:%cond16	</home/anonymous/eqlog-steensgaard-analysis-benchmark/benchmarks/coreutils-8.24/base64.bc>:gettext_quote:44:0:getelementptr inbounds ([4 x i8], [4 x i8]* @.str.15.87, i32 0, i32 0)
</home/anonymous/eqlog-steensgaard-analysis-benchmark/benchmarks/coreutils-8.24/base64.bc>:gettext_quote:%cond16	</home/anonymous/eqlog-steensgaard-analysis-benchmark/benchmarks/coreutils-8.24/base64.bc>:gettext_quote:44:4:getelementptr inbounds ([3 x i8], [3 x i8]* @.str.16.88, i32 0, i32 0)
</home/anonymous/eqlog-steensgaard-analysis-benchmark/benchmarks/coreutils-8.24/base64.bc>:gettext_quote:%cond	</home/anonymous/eqlog-steensgaard-analysis-benchmark/benchmarks/coreutils-8.24/base64.bc>:gettext_quote:32:0:getelementptr inbounds ([4 x i8], [4 x i8]* @.str.12.84, i32 0, i32 0)
</home/anonymous/eqlog-steensgaard-analysis-benchmark/benchmarks/coreutils-8.24/base64.bc>:gettext_quote:%cond	</home/anonymous/eqlog-steensgaard-analysis-benchmark/benchmarks/coreutils-8.24/base64.bc>:gettext_quote:32:4:getelementptr inbounds ([4 x i8], [4 x i8]* @.str.13.85, i32 0, i32 0)
</home/anonymous/eqlog-steensgaard-analysis-benchmark/benchmarks/coreutils-8.24/base64.bc>:version_etc_va:%9	</home/anonymous/eqlog-steensgaard-analysis-benchmark/benchmarks/coreutils-8.24/base64.bc>:version_etc_va:49:0:false
</home/anonymous/eqlog-steensgaard-analysis-benchmark/benchmarks/coreutils-8.24/base64.bc>:version_etc_va:%9	</home/anonymous/eqlog-steensgaard-analysis-benchmark/benchmarks/coreutils-8.24/base64.bc>:version_etc_va:%cmp1
</home/anonymous/eqlog-steensgaard-analysis-benchmark/benchmarks/coreutils-8.24/base64.bc>:version_etc_va:%6	</home/anonymous/eqlog-steensgaard-analysis-benchmark/benchmarks/coreutils-8.24/base64.bc>:version_etc_va:%overflow_arg_area
</home/anonymous/eqlog-steensgaard-analysis-benchmark/benchmarks/coreutils-8.24/base64.bc>:version_etc_va:%vaarg.addr	</home/anonymous/eqlog-steensgaard-analysis-benchmark/benchmarks/coreutils-8.24/base64.bc>:version_etc_va:%6
</home/anonymous/eqlog-steensgaard-analysis-benchmark/benchmarks/coreutils-8.24/base64.bc>:version_etc_va:%vaarg.addr	</home/anonymous/eqlog-steensgaard-analysis-benchmark/benchmarks/coreutils-8.24/base64.bc>:version_etc_va:%4
</home/anonymous/eqlog-steensgaard-analysis-benchmark/benchmarks/coreutils-8.24/base64.bc>:version_etc_va:%4	</home/anonymous/eqlog-steensgaard-analysis-benchmark/benchmarks/coreutils-8.24/base64.bc>:version_etc_va:%3
</home/anonymous/eqlog-steensgaard-analysis-benchmark/benchmarks/coreutils-8.24/base64.bc>:version_etc:%arraydecay34	</home/anonymous/eqlog-steensgaard-analysis-benchmark/benchmarks/coreutils-8.24/base64.bc>:version_etc:%arraydecay3
</home/anonymous/eqlog-steensgaard-analysis-benchmark/benchmarks/coreutils-8.24/base64.bc>:version_etc:%arraydecay1	</home/anonymous/eqlog-steensgaard-analysis-benchmark/benchmarks/coreutils-8.24/base64.bc>:version_etc:%arraydecay
</home/anonymous/eqlog-steensgaard-analysis-benchmark/benchmarks/coreutils-8.24/base64.bc>:xstrtoumax:%cond	</home/anonymous/eqlog-steensgaard-analysis-benchmark/benchmarks/coreutils-8.24/base64.bc>:xstrtoumax:%4
</home/anonymous/eqlog-steensgaard-analysis-benchmark/benchmarks/coreutils-8.24/base64.bc>:xstrtoumax:%cond	</home/anonymous/eqlog-steensgaard-analysis-benchmark/benchmarks/coreutils-8.24/base64.bc>:xstrtoumax:%t_ptr
</home/anonymous/eqlog-steensgaard-analysis-benchmark/benchmarks/coreutils-8.24/base64.bc>:get_charset_aliases:%42	</home/anonymous/eqlog-steensgaard-analysis-benchmark/benchmarks/coreutils-8.24/base64.bc>:get_charset_aliases:166:0:true
</home/anonymous/eqlog-steensgaard-analysis-benchmark/benchmarks/coreutils-8.24/base64.bc>:get_charset_aliases:%42	</home/anonymous/eqlog-steensgaard-analysis-benchmark/benchmarks/coreutils-8.24/base64.bc>:get_charset_aliases:%cmp61
</home/anonymous/eqlog-steensgaard-analysis-benchmark/benchmarks/coreutils-8.24/base64.bc>:get_charset_aliases:%11	</home/anonymous/eqlog-steensgaard-analysis-benchmark/benchmarks/coreutils-8.24/base64.bc>:get_charset_aliases:61:0:false
</home/anonymous/eqlog-steensgaard-analysis-benchmark/benchmarks/coreutils-8.24/base64.bc>:get_charset_aliases:%11	</home/anonymous/eqlog-steensgaard-analysis-benchmark/benchmarks/coreutils-8.24/base64.bc>:get_charset_aliases:%lnot
</home/anonymous/eqlog-steensgaard-analysis-benchmark/benchmarks/coreutils-8.24/base64.bc>:c_tolower:%cond	</home/anonymous/eqlog-steensgaard-analysis-benchmark/benchmarks/coreutils-8.24/base64.bc>:c_tolower:%3
</home/anonymous/eqlog-steensgaard-analysis-benchmark/benchmarks/coreutils-8.24/base64.bc>:c_tolower:%cond	</home/anonymous/eqlog-steensgaard-analysis-benchmark/benchmarks/coreutils-8.24/base64.bc>:c_tolower:%add
