</home/anonymous/eqlog-steensgaard-analysis-benchmark/benchmarks/coreutils-8.24/wc.bc>:argv_iter_init_argv:6	*heap_alloc@argv_iter_init_argv[i8* %call]
</home/anonymous/eqlog-steensgaard-analysis-benchmark/benchmarks/coreutils-8.24/wc.bc>:argv_iter_init_stream:6	*heap_alloc@argv_iter_init_stream[i8* %call]
</home/anonymous/eqlog-steensgaard-analysis-benchmark/benchmarks/coreutils-8.24/wc.bc>:xmalloc:6	*heap_alloc@xmalloc[i8* %call]
</home/anonymous/eqlog-steensgaard-analysis-benchmark/benchmarks/coreutils-8.24/wc.bc>:xrealloc:19	*heap_alloc@xrealloc[i8* %call]
</home/anonymous/eqlog-steensgaard-analysis-benchmark/benchmarks/coreutils-8.24/wc.bc>:get_charset_aliases:71	*heap_alloc@get_charset_aliases[i8* %call16]
</home/anonymous/eqlog-steensgaard-analysis-benchmark/benchmarks/coreutils-8.24/wc.bc>:get_charset_aliases:203	*heap_alloc@get_charset_aliases[i8* %call87]
</home/anonymous/eqlog-steensgaard-analysis-benchmark/benchmarks/coreutils-8.24/wc.bc>:get_charset_aliases:217	*heap_alloc@get_charset_aliases[i8* %call94]
</home/anonymous/eqlog-steensgaard-analysis-benchmark/benchmarks/coreutils-8.24/wc.bc>:usage:0	*stack_alloc@usage[i32* %status.addr]
</home/anonymous/eqlog-steensgaard-analysis-benchmark/benchmarks/coreutils-8.24/wc.bc>:main:0	*stack_alloc@main[i32* %retval]
</home/anonymous/eqlog-steensgaard-analysis-benchmark/benchmarks/coreutils-8.24/wc.bc>:main:1	*stack_alloc@main[i32* %argc.addr]
</home/anonymous/eqlog-steensgaard-analysis-benchmark/benchmarks/coreutils-8.24/wc.bc>:main:2	*stack_alloc@main[i8*** %argv.addr]
</home/anonymous/eqlog-steensgaard-analysis-benchmark/benchmarks/coreutils-8.24/wc.bc>:main:3	*stack_alloc@main[i8* %ok]
</home/anonymous/eqlog-steensgaard-analysis-benchmark/benchmarks/coreutils-8.24/wc.bc>:main:4	*stack_alloc@main[i32* %optc]
</home/anonymous/eqlog-steensgaard-analysis-benchmark/benchmarks/coreutils-8.24/wc.bc>:main:5	*stack_alloc@main[i64* %nfiles]
</home/anonymous/eqlog-steensgaard-analysis-benchmark/benchmarks/coreutils-8.24/wc.bc>:main:6	*stack_alloc@main[i8*** %files]
</home/anonymous/eqlog-steensgaard-analysis-benchmark/benchmarks/coreutils-8.24/wc.bc>:main:7	*stack_alloc@main[i8** %files_from]
</home/anonymous/eqlog-steensgaard-analysis-benchmark/benchmarks/coreutils-8.24/wc.bc>:main:8	*stack_alloc@main[%struct.fstatus** %fstatus]
</home/anonymous/eqlog-steensgaard-analysis-benchmark/benchmarks/coreutils-8.24/wc.bc>:main:9	*stack_alloc@main[%struct.Tokens* %tok]
</home/anonymous/eqlog-steensgaard-analysis-benchmark/benchmarks/coreutils-8.24/wc.bc>:main:10	*stack_alloc@main[i8* %read_tokens]
</home/anonymous/eqlog-steensgaard-analysis-benchmark/benchmarks/coreutils-8.24/wc.bc>:main:11	*stack_alloc@main[%struct.argv_iterator** %ai]
</home/anonymous/eqlog-steensgaard-analysis-benchmark/benchmarks/coreutils-8.24/wc.bc>:main:12	*stack_alloc@main[%struct._IO_FILE** %stream]
</home/anonymous/eqlog-steensgaard-analysis-benchmark/benchmarks/coreutils-8.24/wc.bc>:main:13	*stack_alloc@main[%struct.stat* %st]
</home/anonymous/eqlog-steensgaard-analysis-benchmark/benchmarks/coreutils-8.24/wc.bc>:main:14	*stack_alloc@main[i32* %i]
</home/anonymous/eqlog-steensgaard-analysis-benchmark/benchmarks/coreutils-8.24/wc.bc>:main:15	*stack_alloc@main[i8* %skip_file]
</home/anonymous/eqlog-steensgaard-analysis-benchmark/benchmarks/coreutils-8.24/wc.bc>:main:16	*stack_alloc@main[i32* %ai_err]
</home/anonymous/eqlog-steensgaard-analysis-benchmark/benchmarks/coreutils-8.24/wc.bc>:main:17	*stack_alloc@main[i8** %file_name]
</home/anonymous/eqlog-steensgaard-analysis-benchmark/benchmarks/coreutils-8.24/wc.bc>:main:18	*stack_alloc@main[i64* %file_number]
</home/anonymous/eqlog-steensgaard-analysis-benchmark/benchmarks/coreutils-8.24/wc.bc>:emit_ancillary_info:0	*stack_alloc@emit_ancillary_info[i8** %program.addr]
</home/anonymous/eqlog-steensgaard-analysis-benchmark/benchmarks/coreutils-8.24/wc.bc>:emit_ancillary_info:1	*stack_alloc@emit_ancillary_info[i8** %node]
</home/anonymous/eqlog-steensgaard-analysis-benchmark/benchmarks/coreutils-8.24/wc.bc>:emit_ancillary_info:2	*stack_alloc@emit_ancillary_info[%struct.infomap** %map_prog]
</home/anonymous/eqlog-steensgaard-analysis-benchmark/benchmarks/coreutils-8.24/wc.bc>:emit_ancillary_info:3	*stack_alloc@emit_ancillary_info[i8** %lc_messages]
</home/anonymous/eqlog-steensgaard-analysis-benchmark/benchmarks/coreutils-8.24/wc.bc>:get_input_fstatus:0	*stack_alloc@get_input_fstatus[i64* %nfiles.addr]
</home/anonymous/eqlog-steensgaard-analysis-benchmark/benchmarks/coreutils-8.24/wc.bc>:get_input_fstatus:1	*stack_alloc@get_input_fstatus[i8*** %file.addr]
</home/anonymous/eqlog-steensgaard-analysis-benchmark/benchmarks/coreutils-8.24/wc.bc>:get_input_fstatus:2	*stack_alloc@get_input_fstatus[%struct.fstatus** %fstatus]
</home/anonymous/eqlog-steensgaard-analysis-benchmark/benchmarks/coreutils-8.24/wc.bc>:get_input_fstatus:3	*stack_alloc@get_input_fstatus[i64* %i]
</home/anonymous/eqlog-steensgaard-analysis-benchmark/benchmarks/coreutils-8.24/wc.bc>:compute_number_width:0	*stack_alloc@compute_number_width[i64* %nfiles.addr]
</home/anonymous/eqlog-steensgaard-analysis-benchmark/benchmarks/coreutils-8.24/wc.bc>:compute_number_width:1	*stack_alloc@compute_number_width[%struct.fstatus** %fstatus.addr]
</home/anonymous/eqlog-steensgaard-analysis-benchmark/benchmarks/coreutils-8.24/wc.bc>:compute_number_width:2	*stack_alloc@compute_number_width[i32* %width]
</home/anonymous/eqlog-steensgaard-analysis-benchmark/benchmarks/coreutils-8.24/wc.bc>:compute_number_width:3	*stack_alloc@compute_number_width[i32* %minimum_width]
</home/anonymous/eqlog-steensgaard-analysis-benchmark/benchmarks/coreutils-8.24/wc.bc>:compute_number_width:4	*stack_alloc@compute_number_width[i64* %regular_total]
</home/anonymous/eqlog-steensgaard-analysis-benchmark/benchmarks/coreutils-8.24/wc.bc>:compute_number_width:5	*stack_alloc@compute_number_width[i64* %i]
</home/anonymous/eqlog-steensgaard-analysis-benchmark/benchmarks/coreutils-8.24/wc.bc>:wc_file:0	*stack_alloc@wc_file[i1* %retval]
</home/anonymous/eqlog-steensgaard-analysis-benchmark/benchmarks/coreutils-8.24/wc.bc>:wc_file:1	*stack_alloc@wc_file[i8** %file.addr]
</home/anonymous/eqlog-steensgaard-analysis-benchmark/benchmarks/coreutils-8.24/wc.bc>:wc_file:2	*stack_alloc@wc_file[%struct.fstatus** %fstatus.addr]
</home/anonymous/eqlog-steensgaard-analysis-benchmark/benchmarks/coreutils-8.24/wc.bc>:wc_file:3	*stack_alloc@wc_file[i32* %fd]
</home/anonymous/eqlog-steensgaard-analysis-benchmark/benchmarks/coreutils-8.24/wc.bc>:wc_file:4	*stack_alloc@wc_file[i8* %ok]
</home/anonymous/eqlog-steensgaard-analysis-benchmark/benchmarks/coreutils-8.24/wc.bc>:write_counts:0	*stack_alloc@write_counts[i64* %lines.addr]
</home/anonymous/eqlog-steensgaard-analysis-benchmark/benchmarks/coreutils-8.24/wc.bc>:write_counts:1	*stack_alloc@write_counts[i64* %words.addr]
</home/anonymous/eqlog-steensgaard-analysis-benchmark/benchmarks/coreutils-8.24/wc.bc>:write_counts:2	*stack_alloc@write_counts[i64* %chars.addr]
</home/anonymous/eqlog-steensgaard-analysis-benchmark/benchmarks/coreutils-8.24/wc.bc>:write_counts:3	*stack_alloc@write_counts[i64* %bytes.addr]
</home/anonymous/eqlog-steensgaard-analysis-benchmark/benchmarks/coreutils-8.24/wc.bc>:write_counts:4	*stack_alloc@write_counts[i64* %linelength.addr]
</home/anonymous/eqlog-steensgaard-analysis-benchmark/benchmarks/coreutils-8.24/wc.bc>:write_counts:5	*stack_alloc@write_counts[i8** %file.addr]
</home/anonymous/eqlog-steensgaard-analysis-benchmark/benchmarks/coreutils-8.24/wc.bc>:write_counts:6	*stack_alloc@write_counts[i8** %format_int]
</home/anonymous/eqlog-steensgaard-analysis-benchmark/benchmarks/coreutils-8.24/wc.bc>:write_counts:7	*stack_alloc@write_counts[[21 x i8]* %buf]
</home/anonymous/eqlog-steensgaard-analysis-benchmark/benchmarks/coreutils-8.24/wc.bc>:wc:0	*stack_alloc@wc[i32* %fd.addr]
</home/anonymous/eqlog-steensgaard-analysis-benchmark/benchmarks/coreutils-8.24/wc.bc>:wc:1	*stack_alloc@wc[i8** %file_x.addr]
</home/anonymous/eqlog-steensgaard-analysis-benchmark/benchmarks/coreutils-8.24/wc.bc>:wc:2	*stack_alloc@wc[%struct.fstatus** %fstatus.addr]
</home/anonymous/eqlog-steensgaard-analysis-benchmark/benchmarks/coreutils-8.24/wc.bc>:wc:3	*stack_alloc@wc[i64* %current_pos.addr]
</home/anonymous/eqlog-steensgaard-analysis-benchmark/benchmarks/coreutils-8.24/wc.bc>:wc:4	*stack_alloc@wc[i8* %ok]
</home/anonymous/eqlog-steensgaard-analysis-benchmark/benchmarks/coreutils-8.24/wc.bc>:wc:5	*stack_alloc@wc[[16385 x i8]* %buf]
</home/anonymous/eqlog-steensgaard-analysis-benchmark/benchmarks/coreutils-8.24/wc.bc>:wc:6	*stack_alloc@wc[i64* %bytes_read]
</home/anonymous/eqlog-steensgaard-analysis-benchmark/benchmarks/coreutils-8.24/wc.bc>:wc:7	*stack_alloc@wc[i64* %lines]
</home/anonymous/eqlog-steensgaard-analysis-benchmark/benchmarks/coreutils-8.24/wc.bc>:wc:8	*stack_alloc@wc[i64* %words]
</home/anonymous/eqlog-steensgaard-analysis-benchmark/benchmarks/coreutils-8.24/wc.bc>:wc:9	*stack_alloc@wc[i64* %chars]
</home/anonymous/eqlog-steensgaard-analysis-benchmark/benchmarks/coreutils-8.24/wc.bc>:wc:10	*stack_alloc@wc[i64* %bytes]
</home/anonymous/eqlog-steensgaard-analysis-benchmark/benchmarks/coreutils-8.24/wc.bc>:wc:11	*stack_alloc@wc[i64* %linelength]
</home/anonymous/eqlog-steensgaard-analysis-benchmark/benchmarks/coreutils-8.24/wc.bc>:wc:12	*stack_alloc@wc[i8* %count_bytes]
</home/anonymous/eqlog-steensgaard-analysis-benchmark/benchmarks/coreutils-8.24/wc.bc>:wc:13	*stack_alloc@wc[i8* %count_chars]
</home/anonymous/eqlog-steensgaard-analysis-benchmark/benchmarks/coreutils-8.24/wc.bc>:wc:14	*stack_alloc@wc[i8* %count_complicated]
</home/anonymous/eqlog-steensgaard-analysis-benchmark/benchmarks/coreutils-8.24/wc.bc>:wc:15	*stack_alloc@wc[i8** %file]
</home/anonymous/eqlog-steensgaard-analysis-benchmark/benchmarks/coreutils-8.24/wc.bc>:wc:16	*stack_alloc@wc[i64* %end_pos]
</home/anonymous/eqlog-steensgaard-analysis-benchmark/benchmarks/coreutils-8.24/wc.bc>:wc:17	*stack_alloc@wc[i64* %hi_pos]
</home/anonymous/eqlog-steensgaard-analysis-benchmark/benchmarks/coreutils-8.24/wc.bc>:wc:18	*stack_alloc@wc[i8* %long_lines]
</home/anonymous/eqlog-steensgaard-analysis-benchmark/benchmarks/coreutils-8.24/wc.bc>:wc:19	*stack_alloc@wc[i8** %p]
</home/anonymous/eqlog-steensgaard-analysis-benchmark/benchmarks/coreutils-8.24/wc.bc>:wc:20	*stack_alloc@wc[i8** %end]
</home/anonymous/eqlog-steensgaard-analysis-benchmark/benchmarks/coreutils-8.24/wc.bc>:wc:21	*stack_alloc@wc[i64* %plines]
</home/anonymous/eqlog-steensgaard-analysis-benchmark/benchmarks/coreutils-8.24/wc.bc>:wc:22	*stack_alloc@wc[i8* %in_word]
</home/anonymous/eqlog-steensgaard-analysis-benchmark/benchmarks/coreutils-8.24/wc.bc>:wc:23	*stack_alloc@wc[i64* %linepos]
</home/anonymous/eqlog-steensgaard-analysis-benchmark/benchmarks/coreutils-8.24/wc.bc>:wc:24	*stack_alloc@wc[%struct.__mbstate_t* %state]
</home/anonymous/eqlog-steensgaard-analysis-benchmark/benchmarks/coreutils-8.24/wc.bc>:wc:25	*stack_alloc@wc[i8* %in_shift]
</home/anonymous/eqlog-steensgaard-analysis-benchmark/benchmarks/coreutils-8.24/wc.bc>:wc:26	*stack_alloc@wc[i64* %prev]
</home/anonymous/eqlog-steensgaard-analysis-benchmark/benchmarks/coreutils-8.24/wc.bc>:wc:27	*stack_alloc@wc[i8** %p131]
</home/anonymous/eqlog-steensgaard-analysis-benchmark/benchmarks/coreutils-8.24/wc.bc>:wc:28	*stack_alloc@wc[%struct.__mbstate_t* %backup_state]
</home/anonymous/eqlog-steensgaard-analysis-benchmark/benchmarks/coreutils-8.24/wc.bc>:wc:29	*stack_alloc@wc[i32* %wide_char]
</home/anonymous/eqlog-steensgaard-analysis-benchmark/benchmarks/coreutils-8.24/wc.bc>:wc:30	*stack_alloc@wc[i64* %n]
</home/anonymous/eqlog-steensgaard-analysis-benchmark/benchmarks/coreutils-8.24/wc.bc>:wc:31	*stack_alloc@wc[i32* %width]
</home/anonymous/eqlog-steensgaard-analysis-benchmark/benchmarks/coreutils-8.24/wc.bc>:wc:32	*stack_alloc@wc[i8* %in_word221]
</home/anonymous/eqlog-steensgaard-analysis-benchmark/benchmarks/coreutils-8.24/wc.bc>:wc:33	*stack_alloc@wc[i64* %linepos222]
</home/anonymous/eqlog-steensgaard-analysis-benchmark/benchmarks/coreutils-8.24/wc.bc>:wc:34	*stack_alloc@wc[i8** %p229]
</home/anonymous/eqlog-steensgaard-analysis-benchmark/benchmarks/coreutils-8.24/wc.bc>:usable_st_size:0	*stack_alloc@usable_st_size[%struct.stat** %sb.addr]
</home/anonymous/eqlog-steensgaard-analysis-benchmark/benchmarks/coreutils-8.24/wc.bc>:to_uchar:0	*stack_alloc@to_uchar[i8* %ch.addr]
</home/anonymous/eqlog-steensgaard-analysis-benchmark/benchmarks/coreutils-8.24/wc.bc>:argv_iter_init_argv:0	*stack_alloc@argv_iter_init_argv[%struct.argv_iterator** %retval]
</home/anonymous/eqlog-steensgaard-analysis-benchmark/benchmarks/coreutils-8.24/wc.bc>:argv_iter_init_argv:1	*stack_alloc@argv_iter_init_argv[i8*** %argv.addr]
</home/anonymous/eqlog-steensgaard-analysis-benchmark/benchmarks/coreutils-8.24/wc.bc>:argv_iter_init_argv:2	*stack_alloc@argv_iter_init_argv[%struct.argv_iterator** %ai]
</home/anonymous/eqlog-steensgaard-analysis-benchmark/benchmarks/coreutils-8.24/wc.bc>:argv_iter_init_stream:0	*stack_alloc@argv_iter_init_stream[%struct.argv_iterator** %retval]
</home/anonymous/eqlog-steensgaard-analysis-benchmark/benchmarks/coreutils-8.24/wc.bc>:argv_iter_init_stream:1	*stack_alloc@argv_iter_init_stream[%struct._IO_FILE** %fp.addr]
</home/anonymous/eqlog-steensgaard-analysis-benchmark/benchmarks/coreutils-8.24/wc.bc>:argv_iter_init_stream:2	*stack_alloc@argv_iter_init_stream[%struct.argv_iterator** %ai]
</home/anonymous/eqlog-steensgaard-analysis-benchmark/benchmarks/coreutils-8.24/wc.bc>:argv_iter:0	*stack_alloc@argv_iter[i8** %retval]
</home/anonymous/eqlog-steensgaard-analysis-benchmark/benchmarks/coreutils-8.24/wc.bc>:argv_iter:1	*stack_alloc@argv_iter[%struct.argv_iterator** %ai.addr]
</home/anonymous/eqlog-steensgaard-analysis-benchmark/benchmarks/coreutils-8.24/wc.bc>:argv_iter:2	*stack_alloc@argv_iter[i32** %err.addr]
</home/anonymous/eqlog-steensgaard-analysis-benchmark/benchmarks/coreutils-8.24/wc.bc>:argv_iter:3	*stack_alloc@argv_iter[i64* %len]
</home/anonymous/eqlog-steensgaard-analysis-benchmark/benchmarks/coreutils-8.24/wc.bc>:argv_iter_n_args:0	*stack_alloc@argv_iter_n_args[%struct.argv_iterator** %ai.addr]
</home/anonymous/eqlog-steensgaard-analysis-benchmark/benchmarks/coreutils-8.24/wc.bc>:argv_iter_free:0	*stack_alloc@argv_iter_free[%struct.argv_iterator** %ai.addr]
</home/anonymous/eqlog-steensgaard-analysis-benchmark/benchmarks/coreutils-8.24/wc.bc>:fdadvise:0	*stack_alloc@fdadvise[i32* %fd.addr]
</home/anonymous/eqlog-steensgaard-analysis-benchmark/benchmarks/coreutils-8.24/wc.bc>:fdadvise:1	*stack_alloc@fdadvise[i64* %offset.addr]
</home/anonymous/eqlog-steensgaard-analysis-benchmark/benchmarks/coreutils-8.24/wc.bc>:fdadvise:2	*stack_alloc@fdadvise[i64* %len.addr]
</home/anonymous/eqlog-steensgaard-analysis-benchmark/benchmarks/coreutils-8.24/wc.bc>:fdadvise:3	*stack_alloc@fdadvise[i32* %advice.addr]
</home/anonymous/eqlog-steensgaard-analysis-benchmark/benchmarks/coreutils-8.24/wc.bc>:fdadvise:4	*stack_alloc@fdadvise[i32* %__x]
</home/anonymous/eqlog-steensgaard-analysis-benchmark/benchmarks/coreutils-8.24/wc.bc>:umaxtostr:0	*stack_alloc@umaxtostr[i64* %i.addr]
</home/anonymous/eqlog-steensgaard-analysis-benchmark/benchmarks/coreutils-8.24/wc.bc>:umaxtostr:1	*stack_alloc@umaxtostr[i8** %buf.addr]
</home/anonymous/eqlog-steensgaard-analysis-benchmark/benchmarks/coreutils-8.24/wc.bc>:umaxtostr:2	*stack_alloc@umaxtostr[i8** %p]
</home/anonymous/eqlog-steensgaard-analysis-benchmark/benchmarks/coreutils-8.24/wc.bc>:is_basic:0	*stack_alloc@is_basic[i8* %c.addr]
</home/anonymous/eqlog-steensgaard-analysis-benchmark/benchmarks/coreutils-8.24/wc.bc>:physmem_total:0	*stack_alloc@physmem_total[double* %retval]
</home/anonymous/eqlog-steensgaard-analysis-benchmark/benchmarks/coreutils-8.24/wc.bc>:physmem_total:1	*stack_alloc@physmem_total[double* %pages]
</home/anonymous/eqlog-steensgaard-analysis-benchmark/benchmarks/coreutils-8.24/wc.bc>:physmem_total:2	*stack_alloc@physmem_total[double* %pagesize]
</home/anonymous/eqlog-steensgaard-analysis-benchmark/benchmarks/coreutils-8.24/wc.bc>:physmem_total:3	*stack_alloc@physmem_total[%struct.sysinfo* %si]
</home/anonymous/eqlog-steensgaard-analysis-benchmark/benchmarks/coreutils-8.24/wc.bc>:physmem_available:0	*stack_alloc@physmem_available[double* %retval]
</home/anonymous/eqlog-steensgaard-analysis-benchmark/benchmarks/coreutils-8.24/wc.bc>:physmem_available:1	*stack_alloc@physmem_available[double* %pages]
</home/anonymous/eqlog-steensgaard-analysis-benchmark/benchmarks/coreutils-8.24/wc.bc>:physmem_available:2	*stack_alloc@physmem_available[double* %pagesize]
</home/anonymous/eqlog-steensgaard-analysis-benchmark/benchmarks/coreutils-8.24/wc.bc>:physmem_available:3	*stack_alloc@physmem_available[%struct.sysinfo* %si]
</home/anonymous/eqlog-steensgaard-analysis-benchmark/benchmarks/coreutils-8.24/wc.bc>:set_program_name:0	*stack_alloc@set_program_name[i8** %argv0.addr]
</home/anonymous/eqlog-steensgaard-analysis-benchmark/benchmarks/coreutils-8.24/wc.bc>:set_program_name:1	*stack_alloc@set_program_name[i8** %slash]
</home/anonymous/eqlog-steensgaard-analysis-benchmark/benchmarks/coreutils-8.24/wc.bc>:set_program_name:2	*stack_alloc@set_program_name[i8** %base]
</home/anonymous/eqlog-steensgaard-analysis-benchmark/benchmarks/coreutils-8.24/wc.bc>:set_char_quoting:0	*stack_alloc@set_char_quoting[%struct.quoting_options** %o.addr]
</home/anonymous/eqlog-steensgaard-analysis-benchmark/benchmarks/coreutils-8.24/wc.bc>:set_char_quoting:1	*stack_alloc@set_char_quoting[i8* %c.addr]
</home/anonymous/eqlog-steensgaard-analysis-benchmark/benchmarks/coreutils-8.24/wc.bc>:set_char_quoting:2	*stack_alloc@set_char_quoting[i32* %i.addr]
</home/anonymous/eqlog-steensgaard-analysis-benchmark/benchmarks/coreutils-8.24/wc.bc>:set_char_quoting:3	*stack_alloc@set_char_quoting[i8* %uc]
</home/anonymous/eqlog-steensgaard-analysis-benchmark/benchmarks/coreutils-8.24/wc.bc>:set_char_quoting:4	*stack_alloc@set_char_quoting[i32** %p]
</home/anonymous/eqlog-steensgaard-analysis-benchmark/benchmarks/coreutils-8.24/wc.bc>:set_char_quoting:5	*stack_alloc@set_char_quoting[i32* %shift]
</home/anonymous/eqlog-steensgaard-analysis-benchmark/benchmarks/coreutils-8.24/wc.bc>:set_char_quoting:6	*stack_alloc@set_char_quoting[i32* %r]
</home/anonymous/eqlog-steensgaard-analysis-benchmark/benchmarks/coreutils-8.24/wc.bc>:quotearg_char_mem:0	*stack_alloc@quotearg_char_mem[i8** %arg.addr]
</home/anonymous/eqlog-steensgaard-analysis-benchmark/benchmarks/coreutils-8.24/wc.bc>:quotearg_char_mem:1	*stack_alloc@quotearg_char_mem[i64* %argsize.addr]
</home/anonymous/eqlog-steensgaard-analysis-benchmark/benchmarks/coreutils-8.24/wc.bc>:quotearg_char_mem:2	*stack_alloc@quotearg_char_mem[i8* %ch.addr]
</home/anonymous/eqlog-steensgaard-analysis-benchmark/benchmarks/coreutils-8.24/wc.bc>:quotearg_char_mem:3	*stack_alloc@quotearg_char_mem[%struct.quoting_options* %options]
</home/anonymous/eqlog-steensgaard-analysis-benchmark/benchmarks/coreutils-8.24/wc.bc>:quotearg_char:0	*stack_alloc@quotearg_char[i8** %arg.addr]
</home/anonymous/eqlog-steensgaard-analysis-benchmark/benchmarks/coreutils-8.24/wc.bc>:quotearg_char:1	*stack_alloc@quotearg_char[i8* %ch.addr]
</home/anonymous/eqlog-steensgaard-analysis-benchmark/benchmarks/coreutils-8.24/wc.bc>:quotearg_colon:0	*stack_alloc@quotearg_colon[i8** %arg.addr]
</home/anonymous/eqlog-steensgaard-analysis-benchmark/benchmarks/coreutils-8.24/wc.bc>:quote_n_mem:0	*stack_alloc@quote_n_mem[i32* %n.addr]
</home/anonymous/eqlog-steensgaard-analysis-benchmark/benchmarks/coreutils-8.24/wc.bc>:quote_n_mem:1	*stack_alloc@quote_n_mem[i8** %arg.addr]
</home/anonymous/eqlog-steensgaard-analysis-benchmark/benchmarks/coreutils-8.24/wc.bc>:quote_n_mem:2	*stack_alloc@quote_n_mem[i64* %argsize.addr]
</home/anonymous/eqlog-steensgaard-analysis-benchmark/benchmarks/coreutils-8.24/wc.bc>:quote_n:0	*stack_alloc@quote_n[i32* %n.addr]
</home/anonymous/eqlog-steensgaard-analysis-benchmark/benchmarks/coreutils-8.24/wc.bc>:quote_n:1	*stack_alloc@quote_n[i8** %arg.addr]
</home/anonymous/eqlog-steensgaard-analysis-benchmark/benchmarks/coreutils-8.24/wc.bc>:quote:0	*stack_alloc@quote[i8** %arg.addr]
</home/anonymous/eqlog-steensgaard-analysis-benchmark/benchmarks/coreutils-8.24/wc.bc>:quotearg_buffer_restyled:0	*stack_alloc@quotearg_buffer_restyled[i64* %retval]
</home/anonymous/eqlog-steensgaard-analysis-benchmark/benchmarks/coreutils-8.24/wc.bc>:quotearg_buffer_restyled:1	*stack_alloc@quotearg_buffer_restyled[i8** %buffer.addr]
</home/anonymous/eqlog-steensgaard-analysis-benchmark/benchmarks/coreutils-8.24/wc.bc>:quotearg_buffer_restyled:2	*stack_alloc@quotearg_buffer_restyled[i64* %buffersize.addr]
</home/anonymous/eqlog-steensgaard-analysis-benchmark/benchmarks/coreutils-8.24/wc.bc>:quotearg_buffer_restyled:3	*stack_alloc@quotearg_buffer_restyled[i8** %arg.addr]
</home/anonymous/eqlog-steensgaard-analysis-benchmark/benchmarks/coreutils-8.24/wc.bc>:quotearg_buffer_restyled:4	*stack_alloc@quotearg_buffer_restyled[i64* %argsize.addr]
</home/anonymous/eqlog-steensgaard-analysis-benchmark/benchmarks/coreutils-8.24/wc.bc>:quotearg_buffer_restyled:5	*stack_alloc@quotearg_buffer_restyled[i32* %quoting_style.addr]
</home/anonymous/eqlog-steensgaard-analysis-benchmark/benchmarks/coreutils-8.24/wc.bc>:quotearg_buffer_restyled:6	*stack_alloc@quotearg_buffer_restyled[i32* %flags.addr]
</home/anonymous/eqlog-steensgaard-analysis-benchmark/benchmarks/coreutils-8.24/wc.bc>:quotearg_buffer_restyled:7	*stack_alloc@quotearg_buffer_restyled[i32** %quote_these_too.addr]
</home/anonymous/eqlog-steensgaard-analysis-benchmark/benchmarks/coreutils-8.24/wc.bc>:quotearg_buffer_restyled:8	*stack_alloc@quotearg_buffer_restyled[i8** %left_quote.addr]
</home/anonymous/eqlog-steensgaard-analysis-benchmark/benchmarks/coreutils-8.24/wc.bc>:quotearg_buffer_restyled:9	*stack_alloc@quotearg_buffer_restyled[i8** %right_quote.addr]
</home/anonymous/eqlog-steensgaard-analysis-benchmark/benchmarks/coreutils-8.24/wc.bc>:quotearg_buffer_restyled:10	*stack_alloc@quotearg_buffer_restyled[i64* %i]
</home/anonymous/eqlog-steensgaard-analysis-benchmark/benchmarks/coreutils-8.24/wc.bc>:quotearg_buffer_restyled:11	*stack_alloc@quotearg_buffer_restyled[i64* %len]
</home/anonymous/eqlog-steensgaard-analysis-benchmark/benchmarks/coreutils-8.24/wc.bc>:quotearg_buffer_restyled:12	*stack_alloc@quotearg_buffer_restyled[i8** %quote_string]
</home/anonymous/eqlog-steensgaard-analysis-benchmark/benchmarks/coreutils-8.24/wc.bc>:quotearg_buffer_restyled:13	*stack_alloc@quotearg_buffer_restyled[i64* %quote_string_len]
</home/anonymous/eqlog-steensgaard-analysis-benchmark/benchmarks/coreutils-8.24/wc.bc>:quotearg_buffer_restyled:14	*stack_alloc@quotearg_buffer_restyled[i8* %backslash_escapes]
</home/anonymous/eqlog-steensgaard-analysis-benchmark/benchmarks/coreutils-8.24/wc.bc>:quotearg_buffer_restyled:15	*stack_alloc@quotearg_buffer_restyled[i8* %unibyte_locale]
</home/anonymous/eqlog-steensgaard-analysis-benchmark/benchmarks/coreutils-8.24/wc.bc>:quotearg_buffer_restyled:16	*stack_alloc@quotearg_buffer_restyled[i8* %elide_outer_quotes]
</home/anonymous/eqlog-steensgaard-analysis-benchmark/benchmarks/coreutils-8.24/wc.bc>:quotearg_buffer_restyled:17	*stack_alloc@quotearg_buffer_restyled[i8* %c]
</home/anonymous/eqlog-steensgaard-analysis-benchmark/benchmarks/coreutils-8.24/wc.bc>:quotearg_buffer_restyled:18	*stack_alloc@quotearg_buffer_restyled[i8* %esc]
</home/anonymous/eqlog-steensgaard-analysis-benchmark/benchmarks/coreutils-8.24/wc.bc>:quotearg_buffer_restyled:19	*stack_alloc@quotearg_buffer_restyled[i8* %is_right_quote]
</home/anonymous/eqlog-steensgaard-analysis-benchmark/benchmarks/coreutils-8.24/wc.bc>:quotearg_buffer_restyled:20	*stack_alloc@quotearg_buffer_restyled[i64* %m]
</home/anonymous/eqlog-steensgaard-analysis-benchmark/benchmarks/coreutils-8.24/wc.bc>:quotearg_buffer_restyled:21	*stack_alloc@quotearg_buffer_restyled[i8* %printable]
</home/anonymous/eqlog-steensgaard-analysis-benchmark/benchmarks/coreutils-8.24/wc.bc>:quotearg_buffer_restyled:22	*stack_alloc@quotearg_buffer_restyled[%struct.__mbstate_t* %mbstate]
</home/anonymous/eqlog-steensgaard-analysis-benchmark/benchmarks/coreutils-8.24/wc.bc>:quotearg_buffer_restyled:23	*stack_alloc@quotearg_buffer_restyled[i32* %w]
</home/anonymous/eqlog-steensgaard-analysis-benchmark/benchmarks/coreutils-8.24/wc.bc>:quotearg_buffer_restyled:24	*stack_alloc@quotearg_buffer_restyled[i64* %bytes]
</home/anonymous/eqlog-steensgaard-analysis-benchmark/benchmarks/coreutils-8.24/wc.bc>:quotearg_buffer_restyled:25	*stack_alloc@quotearg_buffer_restyled[i64* %j]
</home/anonymous/eqlog-steensgaard-analysis-benchmark/benchmarks/coreutils-8.24/wc.bc>:quotearg_buffer_restyled:26	*stack_alloc@quotearg_buffer_restyled[i64* %ilim]
</home/anonymous/eqlog-steensgaard-analysis-benchmark/benchmarks/coreutils-8.24/wc.bc>:quotearg_n_options:0	*stack_alloc@quotearg_n_options[i32* %n.addr]
</home/anonymous/eqlog-steensgaard-analysis-benchmark/benchmarks/coreutils-8.24/wc.bc>:quotearg_n_options:1	*stack_alloc@quotearg_n_options[i8** %arg.addr]
</home/anonymous/eqlog-steensgaard-analysis-benchmark/benchmarks/coreutils-8.24/wc.bc>:quotearg_n_options:2	*stack_alloc@quotearg_n_options[i64* %argsize.addr]
</home/anonymous/eqlog-steensgaard-analysis-benchmark/benchmarks/coreutils-8.24/wc.bc>:quotearg_n_options:3	*stack_alloc@quotearg_n_options[%struct.quoting_options** %options.addr]
</home/anonymous/eqlog-steensgaard-analysis-benchmark/benchmarks/coreutils-8.24/wc.bc>:quotearg_n_options:4	*stack_alloc@quotearg_n_options[i32* %e]
</home/anonymous/eqlog-steensgaard-analysis-benchmark/benchmarks/coreutils-8.24/wc.bc>:quotearg_n_options:5	*stack_alloc@quotearg_n_options[i32* %n0]
</home/anonymous/eqlog-steensgaard-analysis-benchmark/benchmarks/coreutils-8.24/wc.bc>:quotearg_n_options:6	*stack_alloc@quotearg_n_options[%struct.slotvec** %sv]
</home/anonymous/eqlog-steensgaard-analysis-benchmark/benchmarks/coreutils-8.24/wc.bc>:quotearg_n_options:7	*stack_alloc@quotearg_n_options[i64* %n1]
</home/anonymous/eqlog-steensgaard-analysis-benchmark/benchmarks/coreutils-8.24/wc.bc>:quotearg_n_options:8	*stack_alloc@quotearg_n_options[i8* %preallocated]
</home/anonymous/eqlog-steensgaard-analysis-benchmark/benchmarks/coreutils-8.24/wc.bc>:quotearg_n_options:9	*stack_alloc@quotearg_n_options[i64* %size]
</home/anonymous/eqlog-steensgaard-analysis-benchmark/benchmarks/coreutils-8.24/wc.bc>:quotearg_n_options:10	*stack_alloc@quotearg_n_options[i8** %val]
</home/anonymous/eqlog-steensgaard-analysis-benchmark/benchmarks/coreutils-8.24/wc.bc>:quotearg_n_options:11	*stack_alloc@quotearg_n_options[i32* %flags]
</home/anonymous/eqlog-steensgaard-analysis-benchmark/benchmarks/coreutils-8.24/wc.bc>:quotearg_n_options:12	*stack_alloc@quotearg_n_options[i64* %qsize]
</home/anonymous/eqlog-steensgaard-analysis-benchmark/benchmarks/coreutils-8.24/wc.bc>:gettext_quote:0	*stack_alloc@gettext_quote[i8** %retval]
</home/anonymous/eqlog-steensgaard-analysis-benchmark/benchmarks/coreutils-8.24/wc.bc>:gettext_quote:1	*stack_alloc@gettext_quote[i8** %msgid.addr]
</home/anonymous/eqlog-steensgaard-analysis-benchmark/benchmarks/coreutils-8.24/wc.bc>:gettext_quote:2	*stack_alloc@gettext_quote[i32* %s.addr]
</home/anonymous/eqlog-steensgaard-analysis-benchmark/benchmarks/coreutils-8.24/wc.bc>:gettext_quote:3	*stack_alloc@gettext_quote[i8** %translation]
</home/anonymous/eqlog-steensgaard-analysis-benchmark/benchmarks/coreutils-8.24/wc.bc>:gettext_quote:4	*stack_alloc@gettext_quote[i8** %locale_code]
</home/anonymous/eqlog-steensgaard-analysis-benchmark/benchmarks/coreutils-8.24/wc.bc>:readtokens0_init:0	*stack_alloc@readtokens0_init[%struct.Tokens** %t.addr]
</home/anonymous/eqlog-steensgaard-analysis-benchmark/benchmarks/coreutils-8.24/wc.bc>:readtokens0_free:0	*stack_alloc@readtokens0_free[%struct.Tokens** %t.addr]
</home/anonymous/eqlog-steensgaard-analysis-benchmark/benchmarks/coreutils-8.24/wc.bc>:readtokens0_free:1	*stack_alloc@readtokens0_free[%struct.obstack** %__o]
</home/anonymous/eqlog-steensgaard-analysis-benchmark/benchmarks/coreutils-8.24/wc.bc>:readtokens0_free:2	*stack_alloc@readtokens0_free[i8** %__obj]
</home/anonymous/eqlog-steensgaard-analysis-benchmark/benchmarks/coreutils-8.24/wc.bc>:readtokens0_free:3	*stack_alloc@readtokens0_free[%struct.obstack** %__o2]
</home/anonymous/eqlog-steensgaard-analysis-benchmark/benchmarks/coreutils-8.24/wc.bc>:readtokens0_free:4	*stack_alloc@readtokens0_free[i8** %__obj3]
</home/anonymous/eqlog-steensgaard-analysis-benchmark/benchmarks/coreutils-8.24/wc.bc>:readtokens0_free:5	*stack_alloc@readtokens0_free[%struct.obstack** %__o14]
</home/anonymous/eqlog-steensgaard-analysis-benchmark/benchmarks/coreutils-8.24/wc.bc>:readtokens0_free:6	*stack_alloc@readtokens0_free[i8** %__obj15]
</home/anonymous/eqlog-steensgaard-analysis-benchmark/benchmarks/coreutils-8.24/wc.bc>:readtokens0:0	*stack_alloc@readtokens0[%struct._IO_FILE** %in.addr]
</home/anonymous/eqlog-steensgaard-analysis-benchmark/benchmarks/coreutils-8.24/wc.bc>:readtokens0:1	*stack_alloc@readtokens0[%struct.Tokens** %t.addr]
</home/anonymous/eqlog-steensgaard-analysis-benchmark/benchmarks/coreutils-8.24/wc.bc>:readtokens0:2	*stack_alloc@readtokens0[i32* %c]
</home/anonymous/eqlog-steensgaard-analysis-benchmark/benchmarks/coreutils-8.24/wc.bc>:readtokens0:3	*stack_alloc@readtokens0[i64* %len]
</home/anonymous/eqlog-steensgaard-analysis-benchmark/benchmarks/coreutils-8.24/wc.bc>:readtokens0:4	*stack_alloc@readtokens0[%struct.obstack** %__o]
</home/anonymous/eqlog-steensgaard-analysis-benchmark/benchmarks/coreutils-8.24/wc.bc>:readtokens0:5	*stack_alloc@readtokens0[i64* %tmp]
</home/anonymous/eqlog-steensgaard-analysis-benchmark/benchmarks/coreutils-8.24/wc.bc>:readtokens0:6	*stack_alloc@readtokens0[%struct.obstack** %__o3]
</home/anonymous/eqlog-steensgaard-analysis-benchmark/benchmarks/coreutils-8.24/wc.bc>:readtokens0:7	*stack_alloc@readtokens0[%struct.obstack** %__o1]
</home/anonymous/eqlog-steensgaard-analysis-benchmark/benchmarks/coreutils-8.24/wc.bc>:readtokens0:8	*stack_alloc@readtokens0[i64* %tmp6]
</home/anonymous/eqlog-steensgaard-analysis-benchmark/benchmarks/coreutils-8.24/wc.bc>:readtokens0:9	*stack_alloc@readtokens0[%struct.obstack** %__o17]
</home/anonymous/eqlog-steensgaard-analysis-benchmark/benchmarks/coreutils-8.24/wc.bc>:readtokens0:10	*stack_alloc@readtokens0[%struct.obstack** %__o120]
</home/anonymous/eqlog-steensgaard-analysis-benchmark/benchmarks/coreutils-8.24/wc.bc>:readtokens0:11	*stack_alloc@readtokens0[i64* %tmp21]
</home/anonymous/eqlog-steensgaard-analysis-benchmark/benchmarks/coreutils-8.24/wc.bc>:readtokens0:12	*stack_alloc@readtokens0[%struct.obstack** %__o37]
</home/anonymous/eqlog-steensgaard-analysis-benchmark/benchmarks/coreutils-8.24/wc.bc>:readtokens0:13	*stack_alloc@readtokens0[%struct.obstack** %__o139]
</home/anonymous/eqlog-steensgaard-analysis-benchmark/benchmarks/coreutils-8.24/wc.bc>:readtokens0:14	*stack_alloc@readtokens0[i64* %tmp40]
</home/anonymous/eqlog-steensgaard-analysis-benchmark/benchmarks/coreutils-8.24/wc.bc>:readtokens0:15	*stack_alloc@readtokens0[%struct.obstack** %__o151]
</home/anonymous/eqlog-steensgaard-analysis-benchmark/benchmarks/coreutils-8.24/wc.bc>:readtokens0:16	*stack_alloc@readtokens0[i8** %__p1]
</home/anonymous/eqlog-steensgaard-analysis-benchmark/benchmarks/coreutils-8.24/wc.bc>:readtokens0:17	*stack_alloc@readtokens0[%struct.obstack** %__o156]
</home/anonymous/eqlog-steensgaard-analysis-benchmark/benchmarks/coreutils-8.24/wc.bc>:readtokens0:18	*stack_alloc@readtokens0[i8** %__value]
</home/anonymous/eqlog-steensgaard-analysis-benchmark/benchmarks/coreutils-8.24/wc.bc>:readtokens0:19	*stack_alloc@readtokens0[i8** %tmp88]
</home/anonymous/eqlog-steensgaard-analysis-benchmark/benchmarks/coreutils-8.24/wc.bc>:readtokens0:20	*stack_alloc@readtokens0[%struct.obstack** %__o190]
</home/anonymous/eqlog-steensgaard-analysis-benchmark/benchmarks/coreutils-8.24/wc.bc>:readtokens0:21	*stack_alloc@readtokens0[i8** %__value92]
</home/anonymous/eqlog-steensgaard-analysis-benchmark/benchmarks/coreutils-8.24/wc.bc>:readtokens0:22	*stack_alloc@readtokens0[i8** %tmp131]
</home/anonymous/eqlog-steensgaard-analysis-benchmark/benchmarks/coreutils-8.24/wc.bc>:save_token:0	*stack_alloc@save_token[%struct.Tokens** %t.addr]
</home/anonymous/eqlog-steensgaard-analysis-benchmark/benchmarks/coreutils-8.24/wc.bc>:save_token:1	*stack_alloc@save_token[i64* %len]
</home/anonymous/eqlog-steensgaard-analysis-benchmark/benchmarks/coreutils-8.24/wc.bc>:save_token:2	*stack_alloc@save_token[%struct.obstack** %__o]
</home/anonymous/eqlog-steensgaard-analysis-benchmark/benchmarks/coreutils-8.24/wc.bc>:save_token:3	*stack_alloc@save_token[i64* %tmp]
</home/anonymous/eqlog-steensgaard-analysis-benchmark/benchmarks/coreutils-8.24/wc.bc>:save_token:4	*stack_alloc@save_token[i8** %s]
</home/anonymous/eqlog-steensgaard-analysis-benchmark/benchmarks/coreutils-8.24/wc.bc>:save_token:5	*stack_alloc@save_token[%struct.obstack** %__o1]
</home/anonymous/eqlog-steensgaard-analysis-benchmark/benchmarks/coreutils-8.24/wc.bc>:save_token:6	*stack_alloc@save_token[i8** %__value]
</home/anonymous/eqlog-steensgaard-analysis-benchmark/benchmarks/coreutils-8.24/wc.bc>:save_token:7	*stack_alloc@save_token[i8** %tmp27]
</home/anonymous/eqlog-steensgaard-analysis-benchmark/benchmarks/coreutils-8.24/wc.bc>:save_token:8	*stack_alloc@save_token[%struct.obstack** %__o29]
</home/anonymous/eqlog-steensgaard-analysis-benchmark/benchmarks/coreutils-8.24/wc.bc>:save_token:9	*stack_alloc@save_token[%struct.obstack** %__o131]
</home/anonymous/eqlog-steensgaard-analysis-benchmark/benchmarks/coreutils-8.24/wc.bc>:save_token:10	*stack_alloc@save_token[i64* %tmp32]
</home/anonymous/eqlog-steensgaard-analysis-benchmark/benchmarks/coreutils-8.24/wc.bc>:save_token:11	*stack_alloc@save_token[%struct.obstack** %__o142]
</home/anonymous/eqlog-steensgaard-analysis-benchmark/benchmarks/coreutils-8.24/wc.bc>:save_token:12	*stack_alloc@save_token[i8** %__p1]
</home/anonymous/eqlog-steensgaard-analysis-benchmark/benchmarks/coreutils-8.24/wc.bc>:save_token:13	*stack_alloc@save_token[%struct.obstack** %__o48]
</home/anonymous/eqlog-steensgaard-analysis-benchmark/benchmarks/coreutils-8.24/wc.bc>:save_token:14	*stack_alloc@save_token[i64* %__len]
</home/anonymous/eqlog-steensgaard-analysis-benchmark/benchmarks/coreutils-8.24/wc.bc>:save_token:15	*stack_alloc@save_token[%struct.obstack** %__o151]
</home/anonymous/eqlog-steensgaard-analysis-benchmark/benchmarks/coreutils-8.24/wc.bc>:save_token:16	*stack_alloc@save_token[i64* %tmp52]
</home/anonymous/eqlog-steensgaard-analysis-benchmark/benchmarks/coreutils-8.24/wc.bc>:safe_read:0	*stack_alloc@safe_read[i64* %retval]
</home/anonymous/eqlog-steensgaard-analysis-benchmark/benchmarks/coreutils-8.24/wc.bc>:safe_read:1	*stack_alloc@safe_read[i32* %fd.addr]
</home/anonymous/eqlog-steensgaard-analysis-benchmark/benchmarks/coreutils-8.24/wc.bc>:safe_read:2	*stack_alloc@safe_read[i8** %buf.addr]
</home/anonymous/eqlog-steensgaard-analysis-benchmark/benchmarks/coreutils-8.24/wc.bc>:safe_read:3	*stack_alloc@safe_read[i64* %count.addr]
</home/anonymous/eqlog-steensgaard-analysis-benchmark/benchmarks/coreutils-8.24/wc.bc>:safe_read:4	*stack_alloc@safe_read[i64* %result]
</home/anonymous/eqlog-steensgaard-analysis-benchmark/benchmarks/coreutils-8.24/wc.bc>:version_etc_arn:0	*stack_alloc@version_etc_arn[%struct._IO_FILE** %stream.addr]
</home/anonymous/eqlog-steensgaard-analysis-benchmark/benchmarks/coreutils-8.24/wc.bc>:version_etc_arn:1	*stack_alloc@version_etc_arn[i8** %command_name.addr]
</home/anonymous/eqlog-steensgaard-analysis-benchmark/benchmarks/coreutils-8.24/wc.bc>:version_etc_arn:2	*stack_alloc@version_etc_arn[i8** %package.addr]
</home/anonymous/eqlog-steensgaard-analysis-benchmark/benchmarks/coreutils-8.24/wc.bc>:version_etc_arn:3	*stack_alloc@version_etc_arn[i8** %version.addr]
</home/anonymous/eqlog-steensgaard-analysis-benchmark/benchmarks/coreutils-8.24/wc.bc>:version_etc_arn:4	*stack_alloc@version_etc_arn[i8*** %authors.addr]
</home/anonymous/eqlog-steensgaard-analysis-benchmark/benchmarks/coreutils-8.24/wc.bc>:version_etc_arn:5	*stack_alloc@version_etc_arn[i64* %n_authors.addr]
</home/anonymous/eqlog-steensgaard-analysis-benchmark/benchmarks/coreutils-8.24/wc.bc>:version_etc_va:0	*stack_alloc@version_etc_va[%struct._IO_FILE** %stream.addr]
</home/anonymous/eqlog-steensgaard-analysis-benchmark/benchmarks/coreutils-8.24/wc.bc>:version_etc_va:1	*stack_alloc@version_etc_va[i8** %command_name.addr]
</home/anonymous/eqlog-steensgaard-analysis-benchmark/benchmarks/coreutils-8.24/wc.bc>:version_etc_va:2	*stack_alloc@version_etc_va[i8** %package.addr]
</home/anonymous/eqlog-steensgaard-analysis-benchmark/benchmarks/coreutils-8.24/wc.bc>:version_etc_va:3	*stack_alloc@version_etc_va[i8** %version.addr]
</home/anonymous/eqlog-steensgaard-analysis-benchmark/benchmarks/coreutils-8.24/wc.bc>:version_etc_va:4	*stack_alloc@version_etc_va[%struct.__va_list_tag** %authors.addr]
</home/anonymous/eqlog-steensgaard-analysis-benchmark/benchmarks/coreutils-8.24/wc.bc>:version_etc_va:5	*stack_alloc@version_etc_va[i64* %n_authors]
</home/anonymous/eqlog-steensgaard-analysis-benchmark/benchmarks/coreutils-8.24/wc.bc>:version_etc_va:6	*stack_alloc@version_etc_va[[10 x i8*]* %authtab]
</home/anonymous/eqlog-steensgaard-analysis-benchmark/benchmarks/coreutils-8.24/wc.bc>:version_etc:0	*stack_alloc@version_etc[%struct._IO_FILE** %stream.addr]
</home/anonymous/eqlog-steensgaard-analysis-benchmark/benchmarks/coreutils-8.24/wc.bc>:version_etc:1	*stack_alloc@version_etc[i8** %command_name.addr]
</home/anonymous/eqlog-steensgaard-analysis-benchmark/benchmarks/coreutils-8.24/wc.bc>:version_etc:2	*stack_alloc@version_etc[i8** %package.addr]
</home/anonymous/eqlog-steensgaard-analysis-benchmark/benchmarks/coreutils-8.24/wc.bc>:version_etc:3	*stack_alloc@version_etc[i8** %version.addr]
</home/anonymous/eqlog-steensgaard-analysis-benchmark/benchmarks/coreutils-8.24/wc.bc>:version_etc:4	*stack_alloc@version_etc[[1 x %struct.__va_list_tag]* %authors]
</home/anonymous/eqlog-steensgaard-analysis-benchmark/benchmarks/coreutils-8.24/wc.bc>:xnmalloc:0	*stack_alloc@xnmalloc[i64* %n.addr]
</home/anonymous/eqlog-steensgaard-analysis-benchmark/benchmarks/coreutils-8.24/wc.bc>:xnmalloc:1	*stack_alloc@xnmalloc[i64* %s.addr]
</home/anonymous/eqlog-steensgaard-analysis-benchmark/benchmarks/coreutils-8.24/wc.bc>:xmalloc:0	*stack_alloc@xmalloc[i64* %n.addr]
</home/anonymous/eqlog-steensgaard-analysis-benchmark/benchmarks/coreutils-8.24/wc.bc>:xmalloc:1	*stack_alloc@xmalloc[i8** %p]
</home/anonymous/eqlog-steensgaard-analysis-benchmark/benchmarks/coreutils-8.24/wc.bc>:xrealloc:0	*stack_alloc@xrealloc[i8** %retval]
</home/anonymous/eqlog-steensgaard-analysis-benchmark/benchmarks/coreutils-8.24/wc.bc>:xrealloc:1	*stack_alloc@xrealloc[i8** %p.addr]
</home/anonymous/eqlog-steensgaard-analysis-benchmark/benchmarks/coreutils-8.24/wc.bc>:xrealloc:2	*stack_alloc@xrealloc[i64* %n.addr]
</home/anonymous/eqlog-steensgaard-analysis-benchmark/benchmarks/coreutils-8.24/wc.bc>:xcharalloc:0	*stack_alloc@xcharalloc[i64* %n.addr]
</home/anonymous/eqlog-steensgaard-analysis-benchmark/benchmarks/coreutils-8.24/wc.bc>:rpl_fclose:0	*stack_alloc@rpl_fclose[i32* %retval]
</home/anonymous/eqlog-steensgaard-analysis-benchmark/benchmarks/coreutils-8.24/wc.bc>:rpl_fclose:1	*stack_alloc@rpl_fclose[%struct._IO_FILE** %fp.addr]
</home/anonymous/eqlog-steensgaard-analysis-benchmark/benchmarks/coreutils-8.24/wc.bc>:rpl_fclose:2	*stack_alloc@rpl_fclose[i32* %saved_errno]
</home/anonymous/eqlog-steensgaard-analysis-benchmark/benchmarks/coreutils-8.24/wc.bc>:rpl_fclose:3	*stack_alloc@rpl_fclose[i32* %fd]
</home/anonymous/eqlog-steensgaard-analysis-benchmark/benchmarks/coreutils-8.24/wc.bc>:rpl_fclose:4	*stack_alloc@rpl_fclose[i32* %result]
</home/anonymous/eqlog-steensgaard-analysis-benchmark/benchmarks/coreutils-8.24/wc.bc>:rpl_fflush:0	*stack_alloc@rpl_fflush[i32* %retval]
</home/anonymous/eqlog-steensgaard-analysis-benchmark/benchmarks/coreutils-8.24/wc.bc>:rpl_fflush:1	*stack_alloc@rpl_fflush[%struct._IO_FILE** %stream.addr]
</home/anonymous/eqlog-steensgaard-analysis-benchmark/benchmarks/coreutils-8.24/wc.bc>:clear_ungetc_buffer_preserving_position:0	*stack_alloc@clear_ungetc_buffer_preserving_position[%struct._IO_FILE** %fp.addr]
</home/anonymous/eqlog-steensgaard-analysis-benchmark/benchmarks/coreutils-8.24/wc.bc>:rpl_fseeko:0	*stack_alloc@rpl_fseeko[i32* %retval]
</home/anonymous/eqlog-steensgaard-analysis-benchmark/benchmarks/coreutils-8.24/wc.bc>:rpl_fseeko:1	*stack_alloc@rpl_fseeko[%struct._IO_FILE** %fp.addr]
</home/anonymous/eqlog-steensgaard-analysis-benchmark/benchmarks/coreutils-8.24/wc.bc>:rpl_fseeko:2	*stack_alloc@rpl_fseeko[i64* %offset.addr]
</home/anonymous/eqlog-steensgaard-analysis-benchmark/benchmarks/coreutils-8.24/wc.bc>:rpl_fseeko:3	*stack_alloc@rpl_fseeko[i32* %whence.addr]
</home/anonymous/eqlog-steensgaard-analysis-benchmark/benchmarks/coreutils-8.24/wc.bc>:rpl_fseeko:4	*stack_alloc@rpl_fseeko[i64* %pos]
</home/anonymous/eqlog-steensgaard-analysis-benchmark/benchmarks/coreutils-8.24/wc.bc>:rpl_mbrtowc:0	*stack_alloc@rpl_mbrtowc[i64* %retval]
</home/anonymous/eqlog-steensgaard-analysis-benchmark/benchmarks/coreutils-8.24/wc.bc>:rpl_mbrtowc:1	*stack_alloc@rpl_mbrtowc[i32** %pwc.addr]
</home/anonymous/eqlog-steensgaard-analysis-benchmark/benchmarks/coreutils-8.24/wc.bc>:rpl_mbrtowc:2	*stack_alloc@rpl_mbrtowc[i8** %s.addr]
</home/anonymous/eqlog-steensgaard-analysis-benchmark/benchmarks/coreutils-8.24/wc.bc>:rpl_mbrtowc:3	*stack_alloc@rpl_mbrtowc[i64* %n.addr]
</home/anonymous/eqlog-steensgaard-analysis-benchmark/benchmarks/coreutils-8.24/wc.bc>:rpl_mbrtowc:4	*stack_alloc@rpl_mbrtowc[%struct.__mbstate_t** %ps.addr]
</home/anonymous/eqlog-steensgaard-analysis-benchmark/benchmarks/coreutils-8.24/wc.bc>:_obstack_begin:0	*stack_alloc@_obstack_begin[%struct.obstack** %h.addr]
</home/anonymous/eqlog-steensgaard-analysis-benchmark/benchmarks/coreutils-8.24/wc.bc>:_obstack_begin:1	*stack_alloc@_obstack_begin[i64* %size.addr]
</home/anonymous/eqlog-steensgaard-analysis-benchmark/benchmarks/coreutils-8.24/wc.bc>:_obstack_begin:2	*stack_alloc@_obstack_begin[i64* %alignment.addr]
</home/anonymous/eqlog-steensgaard-analysis-benchmark/benchmarks/coreutils-8.24/wc.bc>:_obstack_begin:3	*stack_alloc@_obstack_begin[i8* (i64)** %chunkfun.addr]
</home/anonymous/eqlog-steensgaard-analysis-benchmark/benchmarks/coreutils-8.24/wc.bc>:_obstack_begin:4	*stack_alloc@_obstack_begin[void (i8*)** %freefun.addr]
</home/anonymous/eqlog-steensgaard-analysis-benchmark/benchmarks/coreutils-8.24/wc.bc>:_obstack_newchunk:0	*stack_alloc@_obstack_newchunk[%struct.obstack** %h.addr]
</home/anonymous/eqlog-steensgaard-analysis-benchmark/benchmarks/coreutils-8.24/wc.bc>:_obstack_newchunk:1	*stack_alloc@_obstack_newchunk[i64* %length.addr]
</home/anonymous/eqlog-steensgaard-analysis-benchmark/benchmarks/coreutils-8.24/wc.bc>:_obstack_newchunk:2	*stack_alloc@_obstack_newchunk[%struct._obstack_chunk** %old_chunk]
</home/anonymous/eqlog-steensgaard-analysis-benchmark/benchmarks/coreutils-8.24/wc.bc>:_obstack_newchunk:3	*stack_alloc@_obstack_newchunk[%struct._obstack_chunk** %new_chunk]
</home/anonymous/eqlog-steensgaard-analysis-benchmark/benchmarks/coreutils-8.24/wc.bc>:_obstack_newchunk:4	*stack_alloc@_obstack_newchunk[i64* %obj_size]
</home/anonymous/eqlog-steensgaard-analysis-benchmark/benchmarks/coreutils-8.24/wc.bc>:_obstack_newchunk:5	*stack_alloc@_obstack_newchunk[i8** %object_base1]
</home/anonymous/eqlog-steensgaard-analysis-benchmark/benchmarks/coreutils-8.24/wc.bc>:_obstack_newchunk:6	*stack_alloc@_obstack_newchunk[i64* %sum1]
</home/anonymous/eqlog-steensgaard-analysis-benchmark/benchmarks/coreutils-8.24/wc.bc>:_obstack_newchunk:7	*stack_alloc@_obstack_newchunk[i64* %sum2]
</home/anonymous/eqlog-steensgaard-analysis-benchmark/benchmarks/coreutils-8.24/wc.bc>:_obstack_newchunk:8	*stack_alloc@_obstack_newchunk[i64* %new_size]
</home/anonymous/eqlog-steensgaard-analysis-benchmark/benchmarks/coreutils-8.24/wc.bc>:_obstack_free:0	*stack_alloc@_obstack_free[%struct.obstack** %h.addr]
</home/anonymous/eqlog-steensgaard-analysis-benchmark/benchmarks/coreutils-8.24/wc.bc>:_obstack_free:1	*stack_alloc@_obstack_free[i8** %obj.addr]
</home/anonymous/eqlog-steensgaard-analysis-benchmark/benchmarks/coreutils-8.24/wc.bc>:_obstack_free:2	*stack_alloc@_obstack_free[%struct._obstack_chunk** %lp]
</home/anonymous/eqlog-steensgaard-analysis-benchmark/benchmarks/coreutils-8.24/wc.bc>:_obstack_free:3	*stack_alloc@_obstack_free[%struct._obstack_chunk** %plp]
</home/anonymous/eqlog-steensgaard-analysis-benchmark/benchmarks/coreutils-8.24/wc.bc>:_obstack_begin_worker:0	*stack_alloc@_obstack_begin_worker[%struct.obstack** %h.addr]
</home/anonymous/eqlog-steensgaard-analysis-benchmark/benchmarks/coreutils-8.24/wc.bc>:_obstack_begin_worker:1	*stack_alloc@_obstack_begin_worker[i64* %size.addr]
</home/anonymous/eqlog-steensgaard-analysis-benchmark/benchmarks/coreutils-8.24/wc.bc>:_obstack_begin_worker:2	*stack_alloc@_obstack_begin_worker[i64* %alignment.addr]
</home/anonymous/eqlog-steensgaard-analysis-benchmark/benchmarks/coreutils-8.24/wc.bc>:_obstack_begin_worker:3	*stack_alloc@_obstack_begin_worker[%struct._obstack_chunk** %chunk]
</home/anonymous/eqlog-steensgaard-analysis-benchmark/benchmarks/coreutils-8.24/wc.bc>:_obstack_begin_worker:4	*stack_alloc@_obstack_begin_worker[i32* %extra]
</home/anonymous/eqlog-steensgaard-analysis-benchmark/benchmarks/coreutils-8.24/wc.bc>:call_chunkfun:0	*stack_alloc@call_chunkfun[i8** %retval]
</home/anonymous/eqlog-steensgaard-analysis-benchmark/benchmarks/coreutils-8.24/wc.bc>:call_chunkfun:1	*stack_alloc@call_chunkfun[%struct.obstack** %h.addr]
</home/anonymous/eqlog-steensgaard-analysis-benchmark/benchmarks/coreutils-8.24/wc.bc>:call_chunkfun:2	*stack_alloc@call_chunkfun[i64* %size.addr]
</home/anonymous/eqlog-steensgaard-analysis-benchmark/benchmarks/coreutils-8.24/wc.bc>:call_freefun:0	*stack_alloc@call_freefun[%struct.obstack** %h.addr]
</home/anonymous/eqlog-steensgaard-analysis-benchmark/benchmarks/coreutils-8.24/wc.bc>:call_freefun:1	*stack_alloc@call_freefun[i8** %old_chunk.addr]
</home/anonymous/eqlog-steensgaard-analysis-benchmark/benchmarks/coreutils-8.24/wc.bc>:c_strcasecmp:0	*stack_alloc@c_strcasecmp[i32* %retval]
</home/anonymous/eqlog-steensgaard-analysis-benchmark/benchmarks/coreutils-8.24/wc.bc>:c_strcasecmp:1	*stack_alloc@c_strcasecmp[i8** %s1.addr]
</home/anonymous/eqlog-steensgaard-analysis-benchmark/benchmarks/coreutils-8.24/wc.bc>:c_strcasecmp:2	*stack_alloc@c_strcasecmp[i8** %s2.addr]
</home/anonymous/eqlog-steensgaard-analysis-benchmark/benchmarks/coreutils-8.24/wc.bc>:c_strcasecmp:3	*stack_alloc@c_strcasecmp[i8** %p1]
</home/anonymous/eqlog-steensgaard-analysis-benchmark/benchmarks/coreutils-8.24/wc.bc>:c_strcasecmp:4	*stack_alloc@c_strcasecmp[i8** %p2]
</home/anonymous/eqlog-steensgaard-analysis-benchmark/benchmarks/coreutils-8.24/wc.bc>:c_strcasecmp:5	*stack_alloc@c_strcasecmp[i8* %c1]
</home/anonymous/eqlog-steensgaard-analysis-benchmark/benchmarks/coreutils-8.24/wc.bc>:c_strcasecmp:6	*stack_alloc@c_strcasecmp[i8* %c2]
</home/anonymous/eqlog-steensgaard-analysis-benchmark/benchmarks/coreutils-8.24/wc.bc>:locale_charset:0	*stack_alloc@locale_charset[i8** %codeset]
</home/anonymous/eqlog-steensgaard-analysis-benchmark/benchmarks/coreutils-8.24/wc.bc>:locale_charset:1	*stack_alloc@locale_charset[i8** %aliases]
</home/anonymous/eqlog-steensgaard-analysis-benchmark/benchmarks/coreutils-8.24/wc.bc>:get_charset_aliases:0	*stack_alloc@get_charset_aliases[i8** %cp]
</home/anonymous/eqlog-steensgaard-analysis-benchmark/benchmarks/coreutils-8.24/wc.bc>:get_charset_aliases:1	*stack_alloc@get_charset_aliases[i8** %dir]
</home/anonymous/eqlog-steensgaard-analysis-benchmark/benchmarks/coreutils-8.24/wc.bc>:get_charset_aliases:2	*stack_alloc@get_charset_aliases[i8** %base]
</home/anonymous/eqlog-steensgaard-analysis-benchmark/benchmarks/coreutils-8.24/wc.bc>:get_charset_aliases:3	*stack_alloc@get_charset_aliases[i8** %file_name]
</home/anonymous/eqlog-steensgaard-analysis-benchmark/benchmarks/coreutils-8.24/wc.bc>:get_charset_aliases:4	*stack_alloc@get_charset_aliases[i64* %dir_len]
</home/anonymous/eqlog-steensgaard-analysis-benchmark/benchmarks/coreutils-8.24/wc.bc>:get_charset_aliases:5	*stack_alloc@get_charset_aliases[i64* %base_len]
</home/anonymous/eqlog-steensgaard-analysis-benchmark/benchmarks/coreutils-8.24/wc.bc>:get_charset_aliases:6	*stack_alloc@get_charset_aliases[i32* %add_slash]
</home/anonymous/eqlog-steensgaard-analysis-benchmark/benchmarks/coreutils-8.24/wc.bc>:get_charset_aliases:7	*stack_alloc@get_charset_aliases[i32* %fd]
</home/anonymous/eqlog-steensgaard-analysis-benchmark/benchmarks/coreutils-8.24/wc.bc>:get_charset_aliases:8	*stack_alloc@get_charset_aliases[%struct._IO_FILE** %fp]
</home/anonymous/eqlog-steensgaard-analysis-benchmark/benchmarks/coreutils-8.24/wc.bc>:get_charset_aliases:9	*stack_alloc@get_charset_aliases[i8** %res_ptr]
</home/anonymous/eqlog-steensgaard-analysis-benchmark/benchmarks/coreutils-8.24/wc.bc>:get_charset_aliases:10	*stack_alloc@get_charset_aliases[i64* %res_size]
</home/anonymous/eqlog-steensgaard-analysis-benchmark/benchmarks/coreutils-8.24/wc.bc>:get_charset_aliases:11	*stack_alloc@get_charset_aliases[i32* %c]
</home/anonymous/eqlog-steensgaard-analysis-benchmark/benchmarks/coreutils-8.24/wc.bc>:get_charset_aliases:12	*stack_alloc@get_charset_aliases[[51 x i8]* %buf1]
</home/anonymous/eqlog-steensgaard-analysis-benchmark/benchmarks/coreutils-8.24/wc.bc>:get_charset_aliases:13	*stack_alloc@get_charset_aliases[[51 x i8]* %buf2]
</home/anonymous/eqlog-steensgaard-analysis-benchmark/benchmarks/coreutils-8.24/wc.bc>:get_charset_aliases:14	*stack_alloc@get_charset_aliases[i64* %l1]
</home/anonymous/eqlog-steensgaard-analysis-benchmark/benchmarks/coreutils-8.24/wc.bc>:get_charset_aliases:15	*stack_alloc@get_charset_aliases[i64* %l2]
</home/anonymous/eqlog-steensgaard-analysis-benchmark/benchmarks/coreutils-8.24/wc.bc>:get_charset_aliases:16	*stack_alloc@get_charset_aliases[i8** %old_res_ptr]
</home/anonymous/eqlog-steensgaard-analysis-benchmark/benchmarks/coreutils-8.24/wc.bc>:c_tolower:0	*stack_alloc@c_tolower[i32* %c.addr]
