</home/anonymous/eqlog-steensgaard-analysis-benchmark/benchmarks/coreutils-8.24/sleep.bc>:xmalloc:6	*heap_alloc@xmalloc[i8* %call]
</home/anonymous/eqlog-steensgaard-analysis-benchmark/benchmarks/coreutils-8.24/sleep.bc>:xrealloc:19	*heap_alloc@xrealloc[i8* %call]
</home/anonymous/eqlog-steensgaard-analysis-benchmark/benchmarks/coreutils-8.24/sleep.bc>:get_charset_aliases:71	*heap_alloc@get_charset_aliases[i8* %call16]
</home/anonymous/eqlog-steensgaard-analysis-benchmark/benchmarks/coreutils-8.24/sleep.bc>:get_charset_aliases:203	*heap_alloc@get_charset_aliases[i8* %call87]
</home/anonymous/eqlog-steensgaard-analysis-benchmark/benchmarks/coreutils-8.24/sleep.bc>:get_charset_aliases:217	*heap_alloc@get_charset_aliases[i8* %call94]
</home/anonymous/eqlog-steensgaard-analysis-benchmark/benchmarks/coreutils-8.24/sleep.bc>:usage:0	*stack_alloc@usage[i32* %status.addr]
</home/anonymous/eqlog-steensgaard-analysis-benchmark/benchmarks/coreutils-8.24/sleep.bc>:main:0	*stack_alloc@main[i32* %retval]
</home/anonymous/eqlog-steensgaard-analysis-benchmark/benchmarks/coreutils-8.24/sleep.bc>:main:1	*stack_alloc@main[i32* %argc.addr]
</home/anonymous/eqlog-steensgaard-analysis-benchmark/benchmarks/coreutils-8.24/sleep.bc>:main:2	*stack_alloc@main[i8*** %argv.addr]
</home/anonymous/eqlog-steensgaard-analysis-benchmark/benchmarks/coreutils-8.24/sleep.bc>:main:3	*stack_alloc@main[i32* %i]
</home/anonymous/eqlog-steensgaard-analysis-benchmark/benchmarks/coreutils-8.24/sleep.bc>:main:4	*stack_alloc@main[double* %seconds]
</home/anonymous/eqlog-steensgaard-analysis-benchmark/benchmarks/coreutils-8.24/sleep.bc>:main:5	*stack_alloc@main[i8* %ok]
</home/anonymous/eqlog-steensgaard-analysis-benchmark/benchmarks/coreutils-8.24/sleep.bc>:main:6	*stack_alloc@main[double* %s]
</home/anonymous/eqlog-steensgaard-analysis-benchmark/benchmarks/coreutils-8.24/sleep.bc>:main:7	*stack_alloc@main[i8** %p]
</home/anonymous/eqlog-steensgaard-analysis-benchmark/benchmarks/coreutils-8.24/sleep.bc>:emit_ancillary_info:0	*stack_alloc@emit_ancillary_info[i8** %program.addr]
</home/anonymous/eqlog-steensgaard-analysis-benchmark/benchmarks/coreutils-8.24/sleep.bc>:emit_ancillary_info:1	*stack_alloc@emit_ancillary_info[i8** %node]
</home/anonymous/eqlog-steensgaard-analysis-benchmark/benchmarks/coreutils-8.24/sleep.bc>:emit_ancillary_info:2	*stack_alloc@emit_ancillary_info[%struct.infomap** %map_prog]
</home/anonymous/eqlog-steensgaard-analysis-benchmark/benchmarks/coreutils-8.24/sleep.bc>:emit_ancillary_info:3	*stack_alloc@emit_ancillary_info[i8** %lc_messages]
</home/anonymous/eqlog-steensgaard-analysis-benchmark/benchmarks/coreutils-8.24/sleep.bc>:apply_suffix:0	*stack_alloc@apply_suffix[i1* %retval]
</home/anonymous/eqlog-steensgaard-analysis-benchmark/benchmarks/coreutils-8.24/sleep.bc>:apply_suffix:1	*stack_alloc@apply_suffix[double** %x.addr]
</home/anonymous/eqlog-steensgaard-analysis-benchmark/benchmarks/coreutils-8.24/sleep.bc>:apply_suffix:2	*stack_alloc@apply_suffix[i8* %suffix_char.addr]
</home/anonymous/eqlog-steensgaard-analysis-benchmark/benchmarks/coreutils-8.24/sleep.bc>:apply_suffix:3	*stack_alloc@apply_suffix[i32* %multiplier]
</home/anonymous/eqlog-steensgaard-analysis-benchmark/benchmarks/coreutils-8.24/sleep.bc>:parse_long_options:0	*stack_alloc@parse_long_options[i32* %argc.addr]
</home/anonymous/eqlog-steensgaard-analysis-benchmark/benchmarks/coreutils-8.24/sleep.bc>:parse_long_options:1	*stack_alloc@parse_long_options[i8*** %argv.addr]
</home/anonymous/eqlog-steensgaard-analysis-benchmark/benchmarks/coreutils-8.24/sleep.bc>:parse_long_options:2	*stack_alloc@parse_long_options[i8** %command_name.addr]
</home/anonymous/eqlog-steensgaard-analysis-benchmark/benchmarks/coreutils-8.24/sleep.bc>:parse_long_options:3	*stack_alloc@parse_long_options[i8** %package.addr]
</home/anonymous/eqlog-steensgaard-analysis-benchmark/benchmarks/coreutils-8.24/sleep.bc>:parse_long_options:4	*stack_alloc@parse_long_options[i8** %version.addr]
</home/anonymous/eqlog-steensgaard-analysis-benchmark/benchmarks/coreutils-8.24/sleep.bc>:parse_long_options:5	*stack_alloc@parse_long_options[void (i32)** %usage_func.addr]
</home/anonymous/eqlog-steensgaard-analysis-benchmark/benchmarks/coreutils-8.24/sleep.bc>:parse_long_options:6	*stack_alloc@parse_long_options[i32* %c]
</home/anonymous/eqlog-steensgaard-analysis-benchmark/benchmarks/coreutils-8.24/sleep.bc>:parse_long_options:7	*stack_alloc@parse_long_options[i32* %saved_opterr]
</home/anonymous/eqlog-steensgaard-analysis-benchmark/benchmarks/coreutils-8.24/sleep.bc>:parse_long_options:8	*stack_alloc@parse_long_options[[1 x %struct.__va_list_tag]* %authors]
</home/anonymous/eqlog-steensgaard-analysis-benchmark/benchmarks/coreutils-8.24/sleep.bc>:set_program_name:0	*stack_alloc@set_program_name[i8** %argv0.addr]
</home/anonymous/eqlog-steensgaard-analysis-benchmark/benchmarks/coreutils-8.24/sleep.bc>:set_program_name:1	*stack_alloc@set_program_name[i8** %slash]
</home/anonymous/eqlog-steensgaard-analysis-benchmark/benchmarks/coreutils-8.24/sleep.bc>:set_program_name:2	*stack_alloc@set_program_name[i8** %base]
</home/anonymous/eqlog-steensgaard-analysis-benchmark/benchmarks/coreutils-8.24/sleep.bc>:quote_n_mem:0	*stack_alloc@quote_n_mem[i32* %n.addr]
</home/anonymous/eqlog-steensgaard-analysis-benchmark/benchmarks/coreutils-8.24/sleep.bc>:quote_n_mem:1	*stack_alloc@quote_n_mem[i8** %arg.addr]
</home/anonymous/eqlog-steensgaard-analysis-benchmark/benchmarks/coreutils-8.24/sleep.bc>:quote_n_mem:2	*stack_alloc@quote_n_mem[i64* %argsize.addr]
</home/anonymous/eqlog-steensgaard-analysis-benchmark/benchmarks/coreutils-8.24/sleep.bc>:quote_n:0	*stack_alloc@quote_n[i32* %n.addr]
</home/anonymous/eqlog-steensgaard-analysis-benchmark/benchmarks/coreutils-8.24/sleep.bc>:quote_n:1	*stack_alloc@quote_n[i8** %arg.addr]
</home/anonymous/eqlog-steensgaard-analysis-benchmark/benchmarks/coreutils-8.24/sleep.bc>:quote:0	*stack_alloc@quote[i8** %arg.addr]
</home/anonymous/eqlog-steensgaard-analysis-benchmark/benchmarks/coreutils-8.24/sleep.bc>:quotearg_buffer_restyled:0	*stack_alloc@quotearg_buffer_restyled[i64* %retval]
</home/anonymous/eqlog-steensgaard-analysis-benchmark/benchmarks/coreutils-8.24/sleep.bc>:quotearg_buffer_restyled:1	*stack_alloc@quotearg_buffer_restyled[i8** %buffer.addr]
</home/anonymous/eqlog-steensgaard-analysis-benchmark/benchmarks/coreutils-8.24/sleep.bc>:quotearg_buffer_restyled:2	*stack_alloc@quotearg_buffer_restyled[i64* %buffersize.addr]
</home/anonymous/eqlog-steensgaard-analysis-benchmark/benchmarks/coreutils-8.24/sleep.bc>:quotearg_buffer_restyled:3	*stack_alloc@quotearg_buffer_restyled[i8** %arg.addr]
</home/anonymous/eqlog-steensgaard-analysis-benchmark/benchmarks/coreutils-8.24/sleep.bc>:quotearg_buffer_restyled:4	*stack_alloc@quotearg_buffer_restyled[i64* %argsize.addr]
</home/anonymous/eqlog-steensgaard-analysis-benchmark/benchmarks/coreutils-8.24/sleep.bc>:quotearg_buffer_restyled:5	*stack_alloc@quotearg_buffer_restyled[i32* %quoting_style.addr]
</home/anonymous/eqlog-steensgaard-analysis-benchmark/benchmarks/coreutils-8.24/sleep.bc>:quotearg_buffer_restyled:6	*stack_alloc@quotearg_buffer_restyled[i32* %flags.addr]
</home/anonymous/eqlog-steensgaard-analysis-benchmark/benchmarks/coreutils-8.24/sleep.bc>:quotearg_buffer_restyled:7	*stack_alloc@quotearg_buffer_restyled[i32** %quote_these_too.addr]
</home/anonymous/eqlog-steensgaard-analysis-benchmark/benchmarks/coreutils-8.24/sleep.bc>:quotearg_buffer_restyled:8	*stack_alloc@quotearg_buffer_restyled[i8** %left_quote.addr]
</home/anonymous/eqlog-steensgaard-analysis-benchmark/benchmarks/coreutils-8.24/sleep.bc>:quotearg_buffer_restyled:9	*stack_alloc@quotearg_buffer_restyled[i8** %right_quote.addr]
</home/anonymous/eqlog-steensgaard-analysis-benchmark/benchmarks/coreutils-8.24/sleep.bc>:quotearg_buffer_restyled:10	*stack_alloc@quotearg_buffer_restyled[i64* %i]
</home/anonymous/eqlog-steensgaard-analysis-benchmark/benchmarks/coreutils-8.24/sleep.bc>:quotearg_buffer_restyled:11	*stack_alloc@quotearg_buffer_restyled[i64* %len]
</home/anonymous/eqlog-steensgaard-analysis-benchmark/benchmarks/coreutils-8.24/sleep.bc>:quotearg_buffer_restyled:12	*stack_alloc@quotearg_buffer_restyled[i8** %quote_string]
</home/anonymous/eqlog-steensgaard-analysis-benchmark/benchmarks/coreutils-8.24/sleep.bc>:quotearg_buffer_restyled:13	*stack_alloc@quotearg_buffer_restyled[i64* %quote_string_len]
</home/anonymous/eqlog-steensgaard-analysis-benchmark/benchmarks/coreutils-8.24/sleep.bc>:quotearg_buffer_restyled:14	*stack_alloc@quotearg_buffer_restyled[i8* %backslash_escapes]
</home/anonymous/eqlog-steensgaard-analysis-benchmark/benchmarks/coreutils-8.24/sleep.bc>:quotearg_buffer_restyled:15	*stack_alloc@quotearg_buffer_restyled[i8* %unibyte_locale]
</home/anonymous/eqlog-steensgaard-analysis-benchmark/benchmarks/coreutils-8.24/sleep.bc>:quotearg_buffer_restyled:16	*stack_alloc@quotearg_buffer_restyled[i8* %elide_outer_quotes]
</home/anonymous/eqlog-steensgaard-analysis-benchmark/benchmarks/coreutils-8.24/sleep.bc>:quotearg_buffer_restyled:17	*stack_alloc@quotearg_buffer_restyled[i8* %c]
</home/anonymous/eqlog-steensgaard-analysis-benchmark/benchmarks/coreutils-8.24/sleep.bc>:quotearg_buffer_restyled:18	*stack_alloc@quotearg_buffer_restyled[i8* %esc]
</home/anonymous/eqlog-steensgaard-analysis-benchmark/benchmarks/coreutils-8.24/sleep.bc>:quotearg_buffer_restyled:19	*stack_alloc@quotearg_buffer_restyled[i8* %is_right_quote]
</home/anonymous/eqlog-steensgaard-analysis-benchmark/benchmarks/coreutils-8.24/sleep.bc>:quotearg_buffer_restyled:20	*stack_alloc@quotearg_buffer_restyled[i64* %m]
</home/anonymous/eqlog-steensgaard-analysis-benchmark/benchmarks/coreutils-8.24/sleep.bc>:quotearg_buffer_restyled:21	*stack_alloc@quotearg_buffer_restyled[i8* %printable]
</home/anonymous/eqlog-steensgaard-analysis-benchmark/benchmarks/coreutils-8.24/sleep.bc>:quotearg_buffer_restyled:22	*stack_alloc@quotearg_buffer_restyled[%struct.__mbstate_t* %mbstate]
</home/anonymous/eqlog-steensgaard-analysis-benchmark/benchmarks/coreutils-8.24/sleep.bc>:quotearg_buffer_restyled:23	*stack_alloc@quotearg_buffer_restyled[i32* %w]
</home/anonymous/eqlog-steensgaard-analysis-benchmark/benchmarks/coreutils-8.24/sleep.bc>:quotearg_buffer_restyled:24	*stack_alloc@quotearg_buffer_restyled[i64* %bytes]
</home/anonymous/eqlog-steensgaard-analysis-benchmark/benchmarks/coreutils-8.24/sleep.bc>:quotearg_buffer_restyled:25	*stack_alloc@quotearg_buffer_restyled[i64* %j]
</home/anonymous/eqlog-steensgaard-analysis-benchmark/benchmarks/coreutils-8.24/sleep.bc>:quotearg_buffer_restyled:26	*stack_alloc@quotearg_buffer_restyled[i64* %ilim]
</home/anonymous/eqlog-steensgaard-analysis-benchmark/benchmarks/coreutils-8.24/sleep.bc>:quotearg_n_options:0	*stack_alloc@quotearg_n_options[i32* %n.addr]
</home/anonymous/eqlog-steensgaard-analysis-benchmark/benchmarks/coreutils-8.24/sleep.bc>:quotearg_n_options:1	*stack_alloc@quotearg_n_options[i8** %arg.addr]
</home/anonymous/eqlog-steensgaard-analysis-benchmark/benchmarks/coreutils-8.24/sleep.bc>:quotearg_n_options:2	*stack_alloc@quotearg_n_options[i64* %argsize.addr]
</home/anonymous/eqlog-steensgaard-analysis-benchmark/benchmarks/coreutils-8.24/sleep.bc>:quotearg_n_options:3	*stack_alloc@quotearg_n_options[%struct.quoting_options** %options.addr]
</home/anonymous/eqlog-steensgaard-analysis-benchmark/benchmarks/coreutils-8.24/sleep.bc>:quotearg_n_options:4	*stack_alloc@quotearg_n_options[i32* %e]
</home/anonymous/eqlog-steensgaard-analysis-benchmark/benchmarks/coreutils-8.24/sleep.bc>:quotearg_n_options:5	*stack_alloc@quotearg_n_options[i32* %n0]
</home/anonymous/eqlog-steensgaard-analysis-benchmark/benchmarks/coreutils-8.24/sleep.bc>:quotearg_n_options:6	*stack_alloc@quotearg_n_options[%struct.slotvec** %sv]
</home/anonymous/eqlog-steensgaard-analysis-benchmark/benchmarks/coreutils-8.24/sleep.bc>:quotearg_n_options:7	*stack_alloc@quotearg_n_options[i64* %n1]
</home/anonymous/eqlog-steensgaard-analysis-benchmark/benchmarks/coreutils-8.24/sleep.bc>:quotearg_n_options:8	*stack_alloc@quotearg_n_options[i8* %preallocated]
</home/anonymous/eqlog-steensgaard-analysis-benchmark/benchmarks/coreutils-8.24/sleep.bc>:quotearg_n_options:9	*stack_alloc@quotearg_n_options[i64* %size]
</home/anonymous/eqlog-steensgaard-analysis-benchmark/benchmarks/coreutils-8.24/sleep.bc>:quotearg_n_options:10	*stack_alloc@quotearg_n_options[i8** %val]
</home/anonymous/eqlog-steensgaard-analysis-benchmark/benchmarks/coreutils-8.24/sleep.bc>:quotearg_n_options:11	*stack_alloc@quotearg_n_options[i32* %flags]
</home/anonymous/eqlog-steensgaard-analysis-benchmark/benchmarks/coreutils-8.24/sleep.bc>:quotearg_n_options:12	*stack_alloc@quotearg_n_options[i64* %qsize]
</home/anonymous/eqlog-steensgaard-analysis-benchmark/benchmarks/coreutils-8.24/sleep.bc>:gettext_quote:0	*stack_alloc@gettext_quote[i8** %retval]
</home/anonymous/eqlog-steensgaard-analysis-benchmark/benchmarks/coreutils-8.24/sleep.bc>:gettext_quote:1	*stack_alloc@gettext_quote[i8** %msgid.addr]
</home/anonymous/eqlog-steensgaard-analysis-benchmark/benchmarks/coreutils-8.24/sleep.bc>:gettext_quote:2	*stack_alloc@gettext_quote[i32* %s.addr]
</home/anonymous/eqlog-steensgaard-analysis-benchmark/benchmarks/coreutils-8.24/sleep.bc>:gettext_quote:3	*stack_alloc@gettext_quote[i8** %translation]
</home/anonymous/eqlog-steensgaard-analysis-benchmark/benchmarks/coreutils-8.24/sleep.bc>:gettext_quote:4	*stack_alloc@gettext_quote[i8** %locale_code]
</home/anonymous/eqlog-steensgaard-analysis-benchmark/benchmarks/coreutils-8.24/sleep.bc>:version_etc_arn:0	*stack_alloc@version_etc_arn[%struct._IO_FILE** %stream.addr]
</home/anonymous/eqlog-steensgaard-analysis-benchmark/benchmarks/coreutils-8.24/sleep.bc>:version_etc_arn:1	*stack_alloc@version_etc_arn[i8** %command_name.addr]
</home/anonymous/eqlog-steensgaard-analysis-benchmark/benchmarks/coreutils-8.24/sleep.bc>:version_etc_arn:2	*stack_alloc@version_etc_arn[i8** %package.addr]
</home/anonymous/eqlog-steensgaard-analysis-benchmark/benchmarks/coreutils-8.24/sleep.bc>:version_etc_arn:3	*stack_alloc@version_etc_arn[i8** %version.addr]
</home/anonymous/eqlog-steensgaard-analysis-benchmark/benchmarks/coreutils-8.24/sleep.bc>:version_etc_arn:4	*stack_alloc@version_etc_arn[i8*** %authors.addr]
</home/anonymous/eqlog-steensgaard-analysis-benchmark/benchmarks/coreutils-8.24/sleep.bc>:version_etc_arn:5	*stack_alloc@version_etc_arn[i64* %n_authors.addr]
</home/anonymous/eqlog-steensgaard-analysis-benchmark/benchmarks/coreutils-8.24/sleep.bc>:version_etc_va:0	*stack_alloc@version_etc_va[%struct._IO_FILE** %stream.addr]
</home/anonymous/eqlog-steensgaard-analysis-benchmark/benchmarks/coreutils-8.24/sleep.bc>:version_etc_va:1	*stack_alloc@version_etc_va[i8** %command_name.addr]
</home/anonymous/eqlog-steensgaard-analysis-benchmark/benchmarks/coreutils-8.24/sleep.bc>:version_etc_va:2	*stack_alloc@version_etc_va[i8** %package.addr]
</home/anonymous/eqlog-steensgaard-analysis-benchmark/benchmarks/coreutils-8.24/sleep.bc>:version_etc_va:3	*stack_alloc@version_etc_va[i8** %version.addr]
</home/anonymous/eqlog-steensgaard-analysis-benchmark/benchmarks/coreutils-8.24/sleep.bc>:version_etc_va:4	*stack_alloc@version_etc_va[%struct.__va_list_tag** %authors.addr]
</home/anonymous/eqlog-steensgaard-analysis-benchmark/benchmarks/coreutils-8.24/sleep.bc>:version_etc_va:5	*stack_alloc@version_etc_va[i64* %n_authors]
</home/anonymous/eqlog-steensgaard-analysis-benchmark/benchmarks/coreutils-8.24/sleep.bc>:version_etc_va:6	*stack_alloc@version_etc_va[[10 x i8*]* %authtab]
</home/anonymous/eqlog-steensgaard-analysis-benchmark/benchmarks/coreutils-8.24/sleep.bc>:xmalloc:0	*stack_alloc@xmalloc[i64* %n.addr]
</home/anonymous/eqlog-steensgaard-analysis-benchmark/benchmarks/coreutils-8.24/sleep.bc>:xmalloc:1	*stack_alloc@xmalloc[i8** %p]
</home/anonymous/eqlog-steensgaard-analysis-benchmark/benchmarks/coreutils-8.24/sleep.bc>:xrealloc:0	*stack_alloc@xrealloc[i8** %retval]
</home/anonymous/eqlog-steensgaard-analysis-benchmark/benchmarks/coreutils-8.24/sleep.bc>:xrealloc:1	*stack_alloc@xrealloc[i8** %p.addr]
</home/anonymous/eqlog-steensgaard-analysis-benchmark/benchmarks/coreutils-8.24/sleep.bc>:xrealloc:2	*stack_alloc@xrealloc[i64* %n.addr]
</home/anonymous/eqlog-steensgaard-analysis-benchmark/benchmarks/coreutils-8.24/sleep.bc>:xcharalloc:0	*stack_alloc@xcharalloc[i64* %n.addr]
</home/anonymous/eqlog-steensgaard-analysis-benchmark/benchmarks/coreutils-8.24/sleep.bc>:xnanosleep:0	*stack_alloc@xnanosleep[i32* %retval]
</home/anonymous/eqlog-steensgaard-analysis-benchmark/benchmarks/coreutils-8.24/sleep.bc>:xnanosleep:1	*stack_alloc@xnanosleep[double* %seconds.addr]
</home/anonymous/eqlog-steensgaard-analysis-benchmark/benchmarks/coreutils-8.24/sleep.bc>:xnanosleep:2	*stack_alloc@xnanosleep[%struct.timespec* %ts_sleep]
</home/anonymous/eqlog-steensgaard-analysis-benchmark/benchmarks/coreutils-8.24/sleep.bc>:xstrtod:0	*stack_alloc@xstrtod[i8** %str.addr]
</home/anonymous/eqlog-steensgaard-analysis-benchmark/benchmarks/coreutils-8.24/sleep.bc>:xstrtod:1	*stack_alloc@xstrtod[i8*** %ptr.addr]
</home/anonymous/eqlog-steensgaard-analysis-benchmark/benchmarks/coreutils-8.24/sleep.bc>:xstrtod:2	*stack_alloc@xstrtod[double** %result.addr]
</home/anonymous/eqlog-steensgaard-analysis-benchmark/benchmarks/coreutils-8.24/sleep.bc>:xstrtod:3	*stack_alloc@xstrtod[double (i8*, i8**)** %convert.addr]
</home/anonymous/eqlog-steensgaard-analysis-benchmark/benchmarks/coreutils-8.24/sleep.bc>:xstrtod:4	*stack_alloc@xstrtod[double* %val]
</home/anonymous/eqlog-steensgaard-analysis-benchmark/benchmarks/coreutils-8.24/sleep.bc>:xstrtod:5	*stack_alloc@xstrtod[i8** %terminator]
</home/anonymous/eqlog-steensgaard-analysis-benchmark/benchmarks/coreutils-8.24/sleep.bc>:xstrtod:6	*stack_alloc@xstrtod[i8* %ok]
</home/anonymous/eqlog-steensgaard-analysis-benchmark/benchmarks/coreutils-8.24/sleep.bc>:rpl_mbrtowc:0	*stack_alloc@rpl_mbrtowc[i64* %retval]
</home/anonymous/eqlog-steensgaard-analysis-benchmark/benchmarks/coreutils-8.24/sleep.bc>:rpl_mbrtowc:1	*stack_alloc@rpl_mbrtowc[i32** %pwc.addr]
</home/anonymous/eqlog-steensgaard-analysis-benchmark/benchmarks/coreutils-8.24/sleep.bc>:rpl_mbrtowc:2	*stack_alloc@rpl_mbrtowc[i8** %s.addr]
</home/anonymous/eqlog-steensgaard-analysis-benchmark/benchmarks/coreutils-8.24/sleep.bc>:rpl_mbrtowc:3	*stack_alloc@rpl_mbrtowc[i64* %n.addr]
</home/anonymous/eqlog-steensgaard-analysis-benchmark/benchmarks/coreutils-8.24/sleep.bc>:rpl_mbrtowc:4	*stack_alloc@rpl_mbrtowc[%struct.__mbstate_t** %ps.addr]
</home/anonymous/eqlog-steensgaard-analysis-benchmark/benchmarks/coreutils-8.24/sleep.bc>:rpl_nanosleep:0	*stack_alloc@rpl_nanosleep[i32* %retval]
</home/anonymous/eqlog-steensgaard-analysis-benchmark/benchmarks/coreutils-8.24/sleep.bc>:rpl_nanosleep:1	*stack_alloc@rpl_nanosleep[%struct.timespec** %requested_delay.addr]
</home/anonymous/eqlog-steensgaard-analysis-benchmark/benchmarks/coreutils-8.24/sleep.bc>:rpl_nanosleep:2	*stack_alloc@rpl_nanosleep[%struct.timespec** %remaining_delay.addr]
</home/anonymous/eqlog-steensgaard-analysis-benchmark/benchmarks/coreutils-8.24/sleep.bc>:rpl_nanosleep:3	*stack_alloc@rpl_nanosleep[i64* %limit]
</home/anonymous/eqlog-steensgaard-analysis-benchmark/benchmarks/coreutils-8.24/sleep.bc>:rpl_nanosleep:4	*stack_alloc@rpl_nanosleep[i64* %seconds]
</home/anonymous/eqlog-steensgaard-analysis-benchmark/benchmarks/coreutils-8.24/sleep.bc>:rpl_nanosleep:5	*stack_alloc@rpl_nanosleep[%struct.timespec* %intermediate]
</home/anonymous/eqlog-steensgaard-analysis-benchmark/benchmarks/coreutils-8.24/sleep.bc>:rpl_nanosleep:6	*stack_alloc@rpl_nanosleep[i32* %result]
</home/anonymous/eqlog-steensgaard-analysis-benchmark/benchmarks/coreutils-8.24/sleep.bc>:c_strcasecmp:0	*stack_alloc@c_strcasecmp[i32* %retval]
</home/anonymous/eqlog-steensgaard-analysis-benchmark/benchmarks/coreutils-8.24/sleep.bc>:c_strcasecmp:1	*stack_alloc@c_strcasecmp[i8** %s1.addr]
</home/anonymous/eqlog-steensgaard-analysis-benchmark/benchmarks/coreutils-8.24/sleep.bc>:c_strcasecmp:2	*stack_alloc@c_strcasecmp[i8** %s2.addr]
</home/anonymous/eqlog-steensgaard-analysis-benchmark/benchmarks/coreutils-8.24/sleep.bc>:c_strcasecmp:3	*stack_alloc@c_strcasecmp[i8** %p1]
</home/anonymous/eqlog-steensgaard-analysis-benchmark/benchmarks/coreutils-8.24/sleep.bc>:c_strcasecmp:4	*stack_alloc@c_strcasecmp[i8** %p2]
</home/anonymous/eqlog-steensgaard-analysis-benchmark/benchmarks/coreutils-8.24/sleep.bc>:c_strcasecmp:5	*stack_alloc@c_strcasecmp[i8* %c1]
</home/anonymous/eqlog-steensgaard-analysis-benchmark/benchmarks/coreutils-8.24/sleep.bc>:c_strcasecmp:6	*stack_alloc@c_strcasecmp[i8* %c2]
</home/anonymous/eqlog-steensgaard-analysis-benchmark/benchmarks/coreutils-8.24/sleep.bc>:dtotimespec:0	*stack_alloc@dtotimespec[%struct.timespec* %retval]
</home/anonymous/eqlog-steensgaard-analysis-benchmark/benchmarks/coreutils-8.24/sleep.bc>:dtotimespec:1	*stack_alloc@dtotimespec[double* %sec.addr]
</home/anonymous/eqlog-steensgaard-analysis-benchmark/benchmarks/coreutils-8.24/sleep.bc>:dtotimespec:2	*stack_alloc@dtotimespec[double* %min_representable]
</home/anonymous/eqlog-steensgaard-analysis-benchmark/benchmarks/coreutils-8.24/sleep.bc>:dtotimespec:3	*stack_alloc@dtotimespec[double* %max_representable]
</home/anonymous/eqlog-steensgaard-analysis-benchmark/benchmarks/coreutils-8.24/sleep.bc>:dtotimespec:4	*stack_alloc@dtotimespec[i64* %s]
</home/anonymous/eqlog-steensgaard-analysis-benchmark/benchmarks/coreutils-8.24/sleep.bc>:dtotimespec:5	*stack_alloc@dtotimespec[double* %frac]
</home/anonymous/eqlog-steensgaard-analysis-benchmark/benchmarks/coreutils-8.24/sleep.bc>:dtotimespec:6	*stack_alloc@dtotimespec[i64* %ns]
</home/anonymous/eqlog-steensgaard-analysis-benchmark/benchmarks/coreutils-8.24/sleep.bc>:locale_charset:0	*stack_alloc@locale_charset[i8** %codeset]
</home/anonymous/eqlog-steensgaard-analysis-benchmark/benchmarks/coreutils-8.24/sleep.bc>:locale_charset:1	*stack_alloc@locale_charset[i8** %aliases]
</home/anonymous/eqlog-steensgaard-analysis-benchmark/benchmarks/coreutils-8.24/sleep.bc>:get_charset_aliases:0	*stack_alloc@get_charset_aliases[i8** %cp]
</home/anonymous/eqlog-steensgaard-analysis-benchmark/benchmarks/coreutils-8.24/sleep.bc>:get_charset_aliases:1	*stack_alloc@get_charset_aliases[i8** %dir]
</home/anonymous/eqlog-steensgaard-analysis-benchmark/benchmarks/coreutils-8.24/sleep.bc>:get_charset_aliases:2	*stack_alloc@get_charset_aliases[i8** %base]
</home/anonymous/eqlog-steensgaard-analysis-benchmark/benchmarks/coreutils-8.24/sleep.bc>:get_charset_aliases:3	*stack_alloc@get_charset_aliases[i8** %file_name]
</home/anonymous/eqlog-steensgaard-analysis-benchmark/benchmarks/coreutils-8.24/sleep.bc>:get_charset_aliases:4	*stack_alloc@get_charset_aliases[i64* %dir_len]
</home/anonymous/eqlog-steensgaard-analysis-benchmark/benchmarks/coreutils-8.24/sleep.bc>:get_charset_aliases:5	*stack_alloc@get_charset_aliases[i64* %base_len]
</home/anonymous/eqlog-steensgaard-analysis-benchmark/benchmarks/coreutils-8.24/sleep.bc>:get_charset_aliases:6	*stack_alloc@get_charset_aliases[i32* %add_slash]
</home/anonymous/eqlog-steensgaard-analysis-benchmark/benchmarks/coreutils-8.24/sleep.bc>:get_charset_aliases:7	*stack_alloc@get_charset_aliases[i32* %fd]
</home/anonymous/eqlog-steensgaard-analysis-benchmark/benchmarks/coreutils-8.24/sleep.bc>:get_charset_aliases:8	*stack_alloc@get_charset_aliases[%struct._IO_FILE** %fp]
</home/anonymous/eqlog-steensgaard-analysis-benchmark/benchmarks/coreutils-8.24/sleep.bc>:get_charset_aliases:9	*stack_alloc@get_charset_aliases[i8** %res_ptr]
</home/anonymous/eqlog-steensgaard-analysis-benchmark/benchmarks/coreutils-8.24/sleep.bc>:get_charset_aliases:10	*stack_alloc@get_charset_aliases[i64* %res_size]
</home/anonymous/eqlog-steensgaard-analysis-benchmark/benchmarks/coreutils-8.24/sleep.bc>:get_charset_aliases:11	*stack_alloc@get_charset_aliases[i32* %c]
</home/anonymous/eqlog-steensgaard-analysis-benchmark/benchmarks/coreutils-8.24/sleep.bc>:get_charset_aliases:12	*stack_alloc@get_charset_aliases[[51 x i8]* %buf1]
</home/anonymous/eqlog-steensgaard-analysis-benchmark/benchmarks/coreutils-8.24/sleep.bc>:get_charset_aliases:13	*stack_alloc@get_charset_aliases[[51 x i8]* %buf2]
</home/anonymous/eqlog-steensgaard-analysis-benchmark/benchmarks/coreutils-8.24/sleep.bc>:get_charset_aliases:14	*stack_alloc@get_charset_aliases[i64* %l1]
</home/anonymous/eqlog-steensgaard-analysis-benchmark/benchmarks/coreutils-8.24/sleep.bc>:get_charset_aliases:15	*stack_alloc@get_charset_aliases[i64* %l2]
</home/anonymous/eqlog-steensgaard-analysis-benchmark/benchmarks/coreutils-8.24/sleep.bc>:get_charset_aliases:16	*stack_alloc@get_charset_aliases[i8** %old_res_ptr]
</home/anonymous/eqlog-steensgaard-analysis-benchmark/benchmarks/coreutils-8.24/sleep.bc>:make_timespec:0	*stack_alloc@make_timespec[%struct.timespec* %retval]
</home/anonymous/eqlog-steensgaard-analysis-benchmark/benchmarks/coreutils-8.24/sleep.bc>:make_timespec:1	*stack_alloc@make_timespec[i64* %s.addr]
</home/anonymous/eqlog-steensgaard-analysis-benchmark/benchmarks/coreutils-8.24/sleep.bc>:make_timespec:2	*stack_alloc@make_timespec[i64* %ns.addr]
</home/anonymous/eqlog-steensgaard-analysis-benchmark/benchmarks/coreutils-8.24/sleep.bc>:make_timespec:3	*stack_alloc@make_timespec[%struct.timespec* %r]
</home/anonymous/eqlog-steensgaard-analysis-benchmark/benchmarks/coreutils-8.24/sleep.bc>:rpl_fclose:0	*stack_alloc@rpl_fclose[i32* %retval]
</home/anonymous/eqlog-steensgaard-analysis-benchmark/benchmarks/coreutils-8.24/sleep.bc>:rpl_fclose:1	*stack_alloc@rpl_fclose[%struct._IO_FILE** %fp.addr]
</home/anonymous/eqlog-steensgaard-analysis-benchmark/benchmarks/coreutils-8.24/sleep.bc>:rpl_fclose:2	*stack_alloc@rpl_fclose[i32* %saved_errno]
</home/anonymous/eqlog-steensgaard-analysis-benchmark/benchmarks/coreutils-8.24/sleep.bc>:rpl_fclose:3	*stack_alloc@rpl_fclose[i32* %fd]
</home/anonymous/eqlog-steensgaard-analysis-benchmark/benchmarks/coreutils-8.24/sleep.bc>:rpl_fclose:4	*stack_alloc@rpl_fclose[i32* %result]
</home/anonymous/eqlog-steensgaard-analysis-benchmark/benchmarks/coreutils-8.24/sleep.bc>:rpl_fflush:0	*stack_alloc@rpl_fflush[i32* %retval]
</home/anonymous/eqlog-steensgaard-analysis-benchmark/benchmarks/coreutils-8.24/sleep.bc>:rpl_fflush:1	*stack_alloc@rpl_fflush[%struct._IO_FILE** %stream.addr]
</home/anonymous/eqlog-steensgaard-analysis-benchmark/benchmarks/coreutils-8.24/sleep.bc>:clear_ungetc_buffer_preserving_position:0	*stack_alloc@clear_ungetc_buffer_preserving_position[%struct._IO_FILE** %fp.addr]
</home/anonymous/eqlog-steensgaard-analysis-benchmark/benchmarks/coreutils-8.24/sleep.bc>:rpl_fseeko:0	*stack_alloc@rpl_fseeko[i32* %retval]
</home/anonymous/eqlog-steensgaard-analysis-benchmark/benchmarks/coreutils-8.24/sleep.bc>:rpl_fseeko:1	*stack_alloc@rpl_fseeko[%struct._IO_FILE** %fp.addr]
</home/anonymous/eqlog-steensgaard-analysis-benchmark/benchmarks/coreutils-8.24/sleep.bc>:rpl_fseeko:2	*stack_alloc@rpl_fseeko[i64* %offset.addr]
</home/anonymous/eqlog-steensgaard-analysis-benchmark/benchmarks/coreutils-8.24/sleep.bc>:rpl_fseeko:3	*stack_alloc@rpl_fseeko[i32* %whence.addr]
</home/anonymous/eqlog-steensgaard-analysis-benchmark/benchmarks/coreutils-8.24/sleep.bc>:rpl_fseeko:4	*stack_alloc@rpl_fseeko[i64* %pos]
</home/anonymous/eqlog-steensgaard-analysis-benchmark/benchmarks/coreutils-8.24/sleep.bc>:c_tolower:0	*stack_alloc@c_tolower[i32* %c.addr]
