</home/anonymous/eqlog-steensgaard-analysis-benchmark/benchmarks/coreutils-8.24/dir.bc>:main	2
</home/anonymous/eqlog-steensgaard-analysis-benchmark/benchmarks/coreutils-8.24/dir.bc>:usage	1
</home/anonymous/eqlog-steensgaard-analysis-benchmark/benchmarks/coreutils-8.24/dir.bc>:initialize_exit_failure	1
</home/anonymous/eqlog-steensgaard-analysis-benchmark/benchmarks/coreutils-8.24/dir.bc>:decode_switches	2
</home/anonymous/eqlog-steensgaard-analysis-benchmark/benchmarks/coreutils-8.24/dir.bc>:parse_ls_color	0
</home/anonymous/eqlog-steensgaard-analysis-benchmark/benchmarks/coreutils-8.24/dir.bc>:is_colored	1
</home/anonymous/eqlog-steensgaard-analysis-benchmark/benchmarks/coreutils-8.24/dir.bc>:stophandler	1
</home/anonymous/eqlog-steensgaard-analysis-benchmark/benchmarks/coreutils-8.24/dir.bc>:sighandler	1
</home/anonymous/eqlog-steensgaard-analysis-benchmark/benchmarks/coreutils-8.24/dir.bc>:dev_ino_hash	2
</home/anonymous/eqlog-steensgaard-analysis-benchmark/benchmarks/coreutils-8.24/dir.bc>:dev_ino_compare	2
</home/anonymous/eqlog-steensgaard-analysis-benchmark/benchmarks/coreutils-8.24/dir.bc>:dev_ino_free	1
</home/anonymous/eqlog-steensgaard-analysis-benchmark/benchmarks/coreutils-8.24/dir.bc>:clear_files	0
</home/anonymous/eqlog-steensgaard-analysis-benchmark/benchmarks/coreutils-8.24/dir.bc>:gobble_file	5
</home/anonymous/eqlog-steensgaard-analysis-benchmark/benchmarks/coreutils-8.24/dir.bc>:queue_directory	3
</home/anonymous/eqlog-steensgaard-analysis-benchmark/benchmarks/coreutils-8.24/dir.bc>:sort_files	0
</home/anonymous/eqlog-steensgaard-analysis-benchmark/benchmarks/coreutils-8.24/dir.bc>:extract_dirs_from_files	2
</home/anonymous/eqlog-steensgaard-analysis-benchmark/benchmarks/coreutils-8.24/dir.bc>:print_current_files	0
</home/anonymous/eqlog-steensgaard-analysis-benchmark/benchmarks/coreutils-8.24/dir.bc>:dev_ino_pop	0
</home/anonymous/eqlog-steensgaard-analysis-benchmark/benchmarks/coreutils-8.24/dir.bc>:free_pending_ent	1
</home/anonymous/eqlog-steensgaard-analysis-benchmark/benchmarks/coreutils-8.24/dir.bc>:print_dir	3
</home/anonymous/eqlog-steensgaard-analysis-benchmark/benchmarks/coreutils-8.24/dir.bc>:restore_default_color	0
</home/anonymous/eqlog-steensgaard-analysis-benchmark/benchmarks/coreutils-8.24/dir.bc>:dired_dump_obstack	2
</home/anonymous/eqlog-steensgaard-analysis-benchmark/benchmarks/coreutils-8.24/dir.bc>:emit_try_help	0
</home/anonymous/eqlog-steensgaard-analysis-benchmark/benchmarks/coreutils-8.24/dir.bc>:emit_mandatory_arg_note	0
</home/anonymous/eqlog-steensgaard-analysis-benchmark/benchmarks/coreutils-8.24/dir.bc>:emit_size_note	0
</home/anonymous/eqlog-steensgaard-analysis-benchmark/benchmarks/coreutils-8.24/dir.bc>:emit_ancillary_info	1
</home/anonymous/eqlog-steensgaard-analysis-benchmark/benchmarks/coreutils-8.24/dir.bc>:get_funky_string	4
</home/anonymous/eqlog-steensgaard-analysis-benchmark/benchmarks/coreutils-8.24/dir.bc>:put_indicator	1
</home/anonymous/eqlog-steensgaard-analysis-benchmark/benchmarks/coreutils-8.24/dir.bc>:prep_non_filename_text	0
</home/anonymous/eqlog-steensgaard-analysis-benchmark/benchmarks/coreutils-8.24/dir.bc>:getenv_quoting_style	0
</home/anonymous/eqlog-steensgaard-analysis-benchmark/benchmarks/coreutils-8.24/dir.bc>:add_ignore_pattern	1
</home/anonymous/eqlog-steensgaard-analysis-benchmark/benchmarks/coreutils-8.24/dir.bc>:bad_cast	1
</home/anonymous/eqlog-steensgaard-analysis-benchmark/benchmarks/coreutils-8.24/dir.bc>:abmon_init	0
</home/anonymous/eqlog-steensgaard-analysis-benchmark/benchmarks/coreutils-8.24/dir.bc>:known_term_type	0
</home/anonymous/eqlog-steensgaard-analysis-benchmark/benchmarks/coreutils-8.24/dir.bc>:file_failure	3
</home/anonymous/eqlog-steensgaard-analysis-benchmark/benchmarks/coreutils-8.24/dir.bc>:visit_dir	2
</home/anonymous/eqlog-steensgaard-analysis-benchmark/benchmarks/coreutils-8.24/dir.bc>:set_exit_status	1
</home/anonymous/eqlog-steensgaard-analysis-benchmark/benchmarks/coreutils-8.24/dir.bc>:dev_ino_push	2
</home/anonymous/eqlog-steensgaard-analysis-benchmark/benchmarks/coreutils-8.24/dir.bc>:quote_name	4
</home/anonymous/eqlog-steensgaard-analysis-benchmark/benchmarks/coreutils-8.24/dir.bc>:to_uchar	1
</home/anonymous/eqlog-steensgaard-analysis-benchmark/benchmarks/coreutils-8.24/dir.bc>:file_ignored	1
</home/anonymous/eqlog-steensgaard-analysis-benchmark/benchmarks/coreutils-8.24/dir.bc>:patterns_match	2
</home/anonymous/eqlog-steensgaard-analysis-benchmark/benchmarks/coreutils-8.24/dir.bc>:process_signals	0
</home/anonymous/eqlog-steensgaard-analysis-benchmark/benchmarks/coreutils-8.24/dir.bc>:free_ent	1
</home/anonymous/eqlog-steensgaard-analysis-benchmark/benchmarks/coreutils-8.24/dir.bc>:is_smack_enabled	0
</home/anonymous/eqlog-steensgaard-analysis-benchmark/benchmarks/coreutils-8.24/dir.bc>:attach	3
</home/anonymous/eqlog-steensgaard-analysis-benchmark/benchmarks/coreutils-8.24/dir.bc>:has_capability_cache	2
</home/anonymous/eqlog-steensgaard-analysis-benchmark/benchmarks/coreutils-8.24/dir.bc>:has_capability	1
</home/anonymous/eqlog-steensgaard-analysis-benchmark/benchmarks/coreutils-8.24/dir.bc>:errno_unsupported	1
</home/anonymous/eqlog-steensgaard-analysis-benchmark/benchmarks/coreutils-8.24/dir.bc>:getfilecon_cache	3
</home/anonymous/eqlog-steensgaard-analysis-benchmark/benchmarks/coreutils-8.24/dir.bc>:is_ENOTSUP	1
</home/anonymous/eqlog-steensgaard-analysis-benchmark/benchmarks/coreutils-8.24/dir.bc>:file_has_acl_cache	2
</home/anonymous/eqlog-steensgaard-analysis-benchmark/benchmarks/coreutils-8.24/dir.bc>:get_link_name	3
</home/anonymous/eqlog-steensgaard-analysis-benchmark/benchmarks/coreutils-8.24/dir.bc>:make_link_name	2
</home/anonymous/eqlog-steensgaard-analysis-benchmark/benchmarks/coreutils-8.24/dir.bc>:format_user_width	1
</home/anonymous/eqlog-steensgaard-analysis-benchmark/benchmarks/coreutils-8.24/dir.bc>:format_user_or_group_width	2
</home/anonymous/eqlog-steensgaard-analysis-benchmark/benchmarks/coreutils-8.24/dir.bc>:format_group_width	1
</home/anonymous/eqlog-steensgaard-analysis-benchmark/benchmarks/coreutils-8.24/dir.bc>:unsigned_file_size	1
</home/anonymous/eqlog-steensgaard-analysis-benchmark/benchmarks/coreutils-8.24/dir.bc>:is_directory	1
</home/anonymous/eqlog-steensgaard-analysis-benchmark/benchmarks/coreutils-8.24/dir.bc>:basename_is_dot_or_dotdot	1
</home/anonymous/eqlog-steensgaard-analysis-benchmark/benchmarks/coreutils-8.24/dir.bc>:dot_or_dotdot	1
</home/anonymous/eqlog-steensgaard-analysis-benchmark/benchmarks/coreutils-8.24/dir.bc>:initialize_ordering_vector	0
</home/anonymous/eqlog-steensgaard-analysis-benchmark/benchmarks/coreutils-8.24/dir.bc>:xstrcoll_name	2
</home/anonymous/eqlog-steensgaard-analysis-benchmark/benchmarks/coreutils-8.24/dir.bc>:cmp_name	3
</home/anonymous/eqlog-steensgaard-analysis-benchmark/benchmarks/coreutils-8.24/dir.bc>:xstrcoll	2
</home/anonymous/eqlog-steensgaard-analysis-benchmark/benchmarks/coreutils-8.24/dir.bc>:xstrcoll_df_name	2
</home/anonymous/eqlog-steensgaard-analysis-benchmark/benchmarks/coreutils-8.24/dir.bc>:rev_xstrcoll_name	2
</home/anonymous/eqlog-steensgaard-analysis-benchmark/benchmarks/coreutils-8.24/dir.bc>:rev_xstrcoll_df_name	2
</home/anonymous/eqlog-steensgaard-analysis-benchmark/benchmarks/coreutils-8.24/dir.bc>:strcmp_name	2
</home/anonymous/eqlog-steensgaard-analysis-benchmark/benchmarks/coreutils-8.24/dir.bc>:strcmp_df_name	2
</home/anonymous/eqlog-steensgaard-analysis-benchmark/benchmarks/coreutils-8.24/dir.bc>:rev_strcmp_name	2
</home/anonymous/eqlog-steensgaard-analysis-benchmark/benchmarks/coreutils-8.24/dir.bc>:rev_strcmp_df_name	2
</home/anonymous/eqlog-steensgaard-analysis-benchmark/benchmarks/coreutils-8.24/dir.bc>:xstrcoll_extension	2
</home/anonymous/eqlog-steensgaard-analysis-benchmark/benchmarks/coreutils-8.24/dir.bc>:cmp_extension	3
</home/anonymous/eqlog-steensgaard-analysis-benchmark/benchmarks/coreutils-8.24/dir.bc>:xstrcoll_df_extension	2
</home/anonymous/eqlog-steensgaard-analysis-benchmark/benchmarks/coreutils-8.24/dir.bc>:rev_xstrcoll_extension	2
</home/anonymous/eqlog-steensgaard-analysis-benchmark/benchmarks/coreutils-8.24/dir.bc>:rev_xstrcoll_df_extension	2
</home/anonymous/eqlog-steensgaard-analysis-benchmark/benchmarks/coreutils-8.24/dir.bc>:strcmp_extension	2
</home/anonymous/eqlog-steensgaard-analysis-benchmark/benchmarks/coreutils-8.24/dir.bc>:strcmp_df_extension	2
</home/anonymous/eqlog-steensgaard-analysis-benchmark/benchmarks/coreutils-8.24/dir.bc>:rev_strcmp_extension	2
</home/anonymous/eqlog-steensgaard-analysis-benchmark/benchmarks/coreutils-8.24/dir.bc>:rev_strcmp_df_extension	2
</home/anonymous/eqlog-steensgaard-analysis-benchmark/benchmarks/coreutils-8.24/dir.bc>:xstrcoll_size	2
</home/anonymous/eqlog-steensgaard-analysis-benchmark/benchmarks/coreutils-8.24/dir.bc>:cmp_size	3
</home/anonymous/eqlog-steensgaard-analysis-benchmark/benchmarks/coreutils-8.24/dir.bc>:xstrcoll_df_size	2
</home/anonymous/eqlog-steensgaard-analysis-benchmark/benchmarks/coreutils-8.24/dir.bc>:rev_xstrcoll_size	2
</home/anonymous/eqlog-steensgaard-analysis-benchmark/benchmarks/coreutils-8.24/dir.bc>:rev_xstrcoll_df_size	2
</home/anonymous/eqlog-steensgaard-analysis-benchmark/benchmarks/coreutils-8.24/dir.bc>:strcmp_size	2
</home/anonymous/eqlog-steensgaard-analysis-benchmark/benchmarks/coreutils-8.24/dir.bc>:strcmp_df_size	2
</home/anonymous/eqlog-steensgaard-analysis-benchmark/benchmarks/coreutils-8.24/dir.bc>:rev_strcmp_size	2
</home/anonymous/eqlog-steensgaard-analysis-benchmark/benchmarks/coreutils-8.24/dir.bc>:rev_strcmp_df_size	2
</home/anonymous/eqlog-steensgaard-analysis-benchmark/benchmarks/coreutils-8.24/dir.bc>:xstrcoll_version	2
</home/anonymous/eqlog-steensgaard-analysis-benchmark/benchmarks/coreutils-8.24/dir.bc>:cmp_version	2
</home/anonymous/eqlog-steensgaard-analysis-benchmark/benchmarks/coreutils-8.24/dir.bc>:xstrcoll_df_version	2
</home/anonymous/eqlog-steensgaard-analysis-benchmark/benchmarks/coreutils-8.24/dir.bc>:rev_xstrcoll_version	2
</home/anonymous/eqlog-steensgaard-analysis-benchmark/benchmarks/coreutils-8.24/dir.bc>:rev_xstrcoll_df_version	2
</home/anonymous/eqlog-steensgaard-analysis-benchmark/benchmarks/coreutils-8.24/dir.bc>:xstrcoll_mtime	2
</home/anonymous/eqlog-steensgaard-analysis-benchmark/benchmarks/coreutils-8.24/dir.bc>:cmp_mtime	3
</home/anonymous/eqlog-steensgaard-analysis-benchmark/benchmarks/coreutils-8.24/dir.bc>:xstrcoll_df_mtime	2
</home/anonymous/eqlog-steensgaard-analysis-benchmark/benchmarks/coreutils-8.24/dir.bc>:rev_xstrcoll_mtime	2
</home/anonymous/eqlog-steensgaard-analysis-benchmark/benchmarks/coreutils-8.24/dir.bc>:rev_xstrcoll_df_mtime	2
</home/anonymous/eqlog-steensgaard-analysis-benchmark/benchmarks/coreutils-8.24/dir.bc>:strcmp_mtime	2
</home/anonymous/eqlog-steensgaard-analysis-benchmark/benchmarks/coreutils-8.24/dir.bc>:strcmp_df_mtime	2
</home/anonymous/eqlog-steensgaard-analysis-benchmark/benchmarks/coreutils-8.24/dir.bc>:rev_strcmp_mtime	2
</home/anonymous/eqlog-steensgaard-analysis-benchmark/benchmarks/coreutils-8.24/dir.bc>:rev_strcmp_df_mtime	2
</home/anonymous/eqlog-steensgaard-analysis-benchmark/benchmarks/coreutils-8.24/dir.bc>:xstrcoll_ctime	2
</home/anonymous/eqlog-steensgaard-analysis-benchmark/benchmarks/coreutils-8.24/dir.bc>:cmp_ctime	3
</home/anonymous/eqlog-steensgaard-analysis-benchmark/benchmarks/coreutils-8.24/dir.bc>:xstrcoll_df_ctime	2
</home/anonymous/eqlog-steensgaard-analysis-benchmark/benchmarks/coreutils-8.24/dir.bc>:rev_xstrcoll_ctime	2
</home/anonymous/eqlog-steensgaard-analysis-benchmark/benchmarks/coreutils-8.24/dir.bc>:rev_xstrcoll_df_ctime	2
</home/anonymous/eqlog-steensgaard-analysis-benchmark/benchmarks/coreutils-8.24/dir.bc>:strcmp_ctime	2
</home/anonymous/eqlog-steensgaard-analysis-benchmark/benchmarks/coreutils-8.24/dir.bc>:strcmp_df_ctime	2
</home/anonymous/eqlog-steensgaard-analysis-benchmark/benchmarks/coreutils-8.24/dir.bc>:rev_strcmp_ctime	2
</home/anonymous/eqlog-steensgaard-analysis-benchmark/benchmarks/coreutils-8.24/dir.bc>:rev_strcmp_df_ctime	2
</home/anonymous/eqlog-steensgaard-analysis-benchmark/benchmarks/coreutils-8.24/dir.bc>:xstrcoll_atime	2
</home/anonymous/eqlog-steensgaard-analysis-benchmark/benchmarks/coreutils-8.24/dir.bc>:cmp_atime	3
</home/anonymous/eqlog-steensgaard-analysis-benchmark/benchmarks/coreutils-8.24/dir.bc>:xstrcoll_df_atime	2
</home/anonymous/eqlog-steensgaard-analysis-benchmark/benchmarks/coreutils-8.24/dir.bc>:rev_xstrcoll_atime	2
</home/anonymous/eqlog-steensgaard-analysis-benchmark/benchmarks/coreutils-8.24/dir.bc>:rev_xstrcoll_df_atime	2
</home/anonymous/eqlog-steensgaard-analysis-benchmark/benchmarks/coreutils-8.24/dir.bc>:strcmp_atime	2
</home/anonymous/eqlog-steensgaard-analysis-benchmark/benchmarks/coreutils-8.24/dir.bc>:strcmp_df_atime	2
</home/anonymous/eqlog-steensgaard-analysis-benchmark/benchmarks/coreutils-8.24/dir.bc>:rev_strcmp_atime	2
</home/anonymous/eqlog-steensgaard-analysis-benchmark/benchmarks/coreutils-8.24/dir.bc>:rev_strcmp_df_atime	2
</home/anonymous/eqlog-steensgaard-analysis-benchmark/benchmarks/coreutils-8.24/dir.bc>:print_file_name_and_frills	2
</home/anonymous/eqlog-steensgaard-analysis-benchmark/benchmarks/coreutils-8.24/dir.bc>:format_inode	3
</home/anonymous/eqlog-steensgaard-analysis-benchmark/benchmarks/coreutils-8.24/dir.bc>:print_name_with_quoting	4
</home/anonymous/eqlog-steensgaard-analysis-benchmark/benchmarks/coreutils-8.24/dir.bc>:print_color_indicator	2
</home/anonymous/eqlog-steensgaard-analysis-benchmark/benchmarks/coreutils-8.24/dir.bc>:print_type_indicator	3
</home/anonymous/eqlog-steensgaard-analysis-benchmark/benchmarks/coreutils-8.24/dir.bc>:get_type_indicator	3
</home/anonymous/eqlog-steensgaard-analysis-benchmark/benchmarks/coreutils-8.24/dir.bc>:print_many_per_line	0
</home/anonymous/eqlog-steensgaard-analysis-benchmark/benchmarks/coreutils-8.24/dir.bc>:calculate_columns	1
</home/anonymous/eqlog-steensgaard-analysis-benchmark/benchmarks/coreutils-8.24/dir.bc>:init_column_info	0
</home/anonymous/eqlog-steensgaard-analysis-benchmark/benchmarks/coreutils-8.24/dir.bc>:length_of_file_name_and_frills	1
</home/anonymous/eqlog-steensgaard-analysis-benchmark/benchmarks/coreutils-8.24/dir.bc>:indent	2
</home/anonymous/eqlog-steensgaard-analysis-benchmark/benchmarks/coreutils-8.24/dir.bc>:print_horizontal	0
</home/anonymous/eqlog-steensgaard-analysis-benchmark/benchmarks/coreutils-8.24/dir.bc>:print_with_commas	0
</home/anonymous/eqlog-steensgaard-analysis-benchmark/benchmarks/coreutils-8.24/dir.bc>:set_normal_color	0
</home/anonymous/eqlog-steensgaard-analysis-benchmark/benchmarks/coreutils-8.24/dir.bc>:print_long_format	1
</home/anonymous/eqlog-steensgaard-analysis-benchmark/benchmarks/coreutils-8.24/dir.bc>:format_user	3
</home/anonymous/eqlog-steensgaard-analysis-benchmark/benchmarks/coreutils-8.24/dir.bc>:format_group	3
</home/anonymous/eqlog-steensgaard-analysis-benchmark/benchmarks/coreutils-8.24/dir.bc>:format_user_or_group	3
</home/anonymous/eqlog-steensgaard-analysis-benchmark/benchmarks/coreutils-8.24/dir.bc>:align_nstrftime	6
</home/anonymous/eqlog-steensgaard-analysis-benchmark/benchmarks/coreutils-8.24/dir.bc>:long_time_expected_width	0
</home/anonymous/eqlog-steensgaard-analysis-benchmark/benchmarks/coreutils-8.24/dir.bc>:timetostr	2
</home/anonymous/eqlog-steensgaard-analysis-benchmark/benchmarks/coreutils-8.24/dir.bc>:areadlink_with_size	2
</home/anonymous/eqlog-steensgaard-analysis-benchmark/benchmarks/coreutils-8.24/dir.bc>:argmatch	4
</home/anonymous/eqlog-steensgaard-analysis-benchmark/benchmarks/coreutils-8.24/dir.bc>:argmatch_invalid	3
</home/anonymous/eqlog-steensgaard-analysis-benchmark/benchmarks/coreutils-8.24/dir.bc>:argmatch_valid	3
</home/anonymous/eqlog-steensgaard-analysis-benchmark/benchmarks/coreutils-8.24/dir.bc>:__xargmatch_internal	6
</home/anonymous/eqlog-steensgaard-analysis-benchmark/benchmarks/coreutils-8.24/dir.bc>:argmatch_to_argument	4
</home/anonymous/eqlog-steensgaard-analysis-benchmark/benchmarks/coreutils-8.24/dir.bc>:__argmatch_die	0
</home/anonymous/eqlog-steensgaard-analysis-benchmark/benchmarks/coreutils-8.24/dir.bc>:close_stdout_set_file_name	1
</home/anonymous/eqlog-steensgaard-analysis-benchmark/benchmarks/coreutils-8.24/dir.bc>:close_stdout_set_ignore_EPIPE	1
</home/anonymous/eqlog-steensgaard-analysis-benchmark/benchmarks/coreutils-8.24/dir.bc>:close_stdout	0
</home/anonymous/eqlog-steensgaard-analysis-benchmark/benchmarks/coreutils-8.24/dir.bc>:dir_len	1
</home/anonymous/eqlog-steensgaard-analysis-benchmark/benchmarks/coreutils-8.24/dir.bc>:mdir_name	1
</home/anonymous/eqlog-steensgaard-analysis-benchmark/benchmarks/coreutils-8.24/dir.bc>:last_component	1
</home/anonymous/eqlog-steensgaard-analysis-benchmark/benchmarks/coreutils-8.24/dir.bc>:base_len	1
</home/anonymous/eqlog-steensgaard-analysis-benchmark/benchmarks/coreutils-8.24/dir.bc>:file_has_acl	2
</home/anonymous/eqlog-steensgaard-analysis-benchmark/benchmarks/coreutils-8.24/dir.bc>:strmode	2
</home/anonymous/eqlog-steensgaard-analysis-benchmark/benchmarks/coreutils-8.24/dir.bc>:filemodestring	2
</home/anonymous/eqlog-steensgaard-analysis-benchmark/benchmarks/coreutils-8.24/dir.bc>:ftypelet	1
</home/anonymous/eqlog-steensgaard-analysis-benchmark/benchmarks/coreutils-8.24/dir.bc>:file_name_concat	3
</home/anonymous/eqlog-steensgaard-analysis-benchmark/benchmarks/coreutils-8.24/dir.bc>:mfile_name_concat	3
</home/anonymous/eqlog-steensgaard-analysis-benchmark/benchmarks/coreutils-8.24/dir.bc>:longest_relative_suffix	1
</home/anonymous/eqlog-steensgaard-analysis-benchmark/benchmarks/coreutils-8.24/dir.bc>:filevercmp	2
</home/anonymous/eqlog-steensgaard-analysis-benchmark/benchmarks/coreutils-8.24/dir.bc>:match_suffix	1
</home/anonymous/eqlog-steensgaard-analysis-benchmark/benchmarks/coreutils-8.24/dir.bc>:verrevcmp	4
</home/anonymous/eqlog-steensgaard-analysis-benchmark/benchmarks/coreutils-8.24/dir.bc>:order	1
</home/anonymous/eqlog-steensgaard-analysis-benchmark/benchmarks/coreutils-8.24/dir.bc>:gettime	1
</home/anonymous/eqlog-steensgaard-analysis-benchmark/benchmarks/coreutils-8.24/dir.bc>:hard_locale	1
</home/anonymous/eqlog-steensgaard-analysis-benchmark/benchmarks/coreutils-8.24/dir.bc>:hash_get_n_buckets	1
</home/anonymous/eqlog-steensgaard-analysis-benchmark/benchmarks/coreutils-8.24/dir.bc>:hash_get_n_buckets_used	1
</home/anonymous/eqlog-steensgaard-analysis-benchmark/benchmarks/coreutils-8.24/dir.bc>:hash_get_n_entries	1
</home/anonymous/eqlog-steensgaard-analysis-benchmark/benchmarks/coreutils-8.24/dir.bc>:hash_get_max_bucket_length	1
</home/anonymous/eqlog-steensgaard-analysis-benchmark/benchmarks/coreutils-8.24/dir.bc>:hash_table_ok	1
</home/anonymous/eqlog-steensgaard-analysis-benchmark/benchmarks/coreutils-8.24/dir.bc>:hash_print_statistics	2
</home/anonymous/eqlog-steensgaard-analysis-benchmark/benchmarks/coreutils-8.24/dir.bc>:hash_lookup	2
</home/anonymous/eqlog-steensgaard-analysis-benchmark/benchmarks/coreutils-8.24/dir.bc>:hash_get_first	1
</home/anonymous/eqlog-steensgaard-analysis-benchmark/benchmarks/coreutils-8.24/dir.bc>:hash_get_next	2
</home/anonymous/eqlog-steensgaard-analysis-benchmark/benchmarks/coreutils-8.24/dir.bc>:hash_get_entries	3
</home/anonymous/eqlog-steensgaard-analysis-benchmark/benchmarks/coreutils-8.24/dir.bc>:hash_do_for_each	3
</home/anonymous/eqlog-steensgaard-analysis-benchmark/benchmarks/coreutils-8.24/dir.bc>:hash_string	2
</home/anonymous/eqlog-steensgaard-analysis-benchmark/benchmarks/coreutils-8.24/dir.bc>:hash_reset_tuning	1
</home/anonymous/eqlog-steensgaard-analysis-benchmark/benchmarks/coreutils-8.24/dir.bc>:hash_initialize	5
</home/anonymous/eqlog-steensgaard-analysis-benchmark/benchmarks/coreutils-8.24/dir.bc>:hash_clear	1
</home/anonymous/eqlog-steensgaard-analysis-benchmark/benchmarks/coreutils-8.24/dir.bc>:hash_free	1
</home/anonymous/eqlog-steensgaard-analysis-benchmark/benchmarks/coreutils-8.24/dir.bc>:hash_rehash	2
</home/anonymous/eqlog-steensgaard-analysis-benchmark/benchmarks/coreutils-8.24/dir.bc>:hash_insert_if_absent	3
</home/anonymous/eqlog-steensgaard-analysis-benchmark/benchmarks/coreutils-8.24/dir.bc>:hash_insert	2
</home/anonymous/eqlog-steensgaard-analysis-benchmark/benchmarks/coreutils-8.24/dir.bc>:hash_delete	2
</home/anonymous/eqlog-steensgaard-analysis-benchmark/benchmarks/coreutils-8.24/dir.bc>:safe_hasher	2
</home/anonymous/eqlog-steensgaard-analysis-benchmark/benchmarks/coreutils-8.24/dir.bc>:raw_hasher	2
</home/anonymous/eqlog-steensgaard-analysis-benchmark/benchmarks/coreutils-8.24/dir.bc>:raw_comparator	2
</home/anonymous/eqlog-steensgaard-analysis-benchmark/benchmarks/coreutils-8.24/dir.bc>:check_tuning	1
</home/anonymous/eqlog-steensgaard-analysis-benchmark/benchmarks/coreutils-8.24/dir.bc>:compute_bucket_size	2
</home/anonymous/eqlog-steensgaard-analysis-benchmark/benchmarks/coreutils-8.24/dir.bc>:transfer_entries	3
</home/anonymous/eqlog-steensgaard-analysis-benchmark/benchmarks/coreutils-8.24/dir.bc>:hash_find_entry	4
</home/anonymous/eqlog-steensgaard-analysis-benchmark/benchmarks/coreutils-8.24/dir.bc>:allocate_entry	1
</home/anonymous/eqlog-steensgaard-analysis-benchmark/benchmarks/coreutils-8.24/dir.bc>:next_prime	1
</home/anonymous/eqlog-steensgaard-analysis-benchmark/benchmarks/coreutils-8.24/dir.bc>:is_prime	1
</home/anonymous/eqlog-steensgaard-analysis-benchmark/benchmarks/coreutils-8.24/dir.bc>:free_entry	2
</home/anonymous/eqlog-steensgaard-analysis-benchmark/benchmarks/coreutils-8.24/dir.bc>:human_readable	5
</home/anonymous/eqlog-steensgaard-analysis-benchmark/benchmarks/coreutils-8.24/dir.bc>:human_options	3
</home/anonymous/eqlog-steensgaard-analysis-benchmark/benchmarks/coreutils-8.24/dir.bc>:adjust_value	2
</home/anonymous/eqlog-steensgaard-analysis-benchmark/benchmarks/coreutils-8.24/dir.bc>:group_number	4
</home/anonymous/eqlog-steensgaard-analysis-benchmark/benchmarks/coreutils-8.24/dir.bc>:humblock	3
</home/anonymous/eqlog-steensgaard-analysis-benchmark/benchmarks/coreutils-8.24/dir.bc>:default_block_size	0
</home/anonymous/eqlog-steensgaard-analysis-benchmark/benchmarks/coreutils-8.24/dir.bc>:getuser	1
</home/anonymous/eqlog-steensgaard-analysis-benchmark/benchmarks/coreutils-8.24/dir.bc>:getuidbyname	1
</home/anonymous/eqlog-steensgaard-analysis-benchmark/benchmarks/coreutils-8.24/dir.bc>:getgroup	1
</home/anonymous/eqlog-steensgaard-analysis-benchmark/benchmarks/coreutils-8.24/dir.bc>:getgidbyname	1
</home/anonymous/eqlog-steensgaard-analysis-benchmark/benchmarks/coreutils-8.24/dir.bc>:imaxtostr	2
</home/anonymous/eqlog-steensgaard-analysis-benchmark/benchmarks/coreutils-8.24/dir.bc>:umaxtostr	2
</home/anonymous/eqlog-steensgaard-analysis-benchmark/benchmarks/coreutils-8.24/dir.bc>:mbsalign	6
</home/anonymous/eqlog-steensgaard-analysis-benchmark/benchmarks/coreutils-8.24/dir.bc>:ambsalign	4
</home/anonymous/eqlog-steensgaard-analysis-benchmark/benchmarks/coreutils-8.24/dir.bc>:wc_ensure_printable	1
</home/anonymous/eqlog-steensgaard-analysis-benchmark/benchmarks/coreutils-8.24/dir.bc>:wc_truncate	2
</home/anonymous/eqlog-steensgaard-analysis-benchmark/benchmarks/coreutils-8.24/dir.bc>:mbs_align_pad	3
</home/anonymous/eqlog-steensgaard-analysis-benchmark/benchmarks/coreutils-8.24/dir.bc>:gnu_mbswidth	2
</home/anonymous/eqlog-steensgaard-analysis-benchmark/benchmarks/coreutils-8.24/dir.bc>:mbsnwidth	3
</home/anonymous/eqlog-steensgaard-analysis-benchmark/benchmarks/coreutils-8.24/dir.bc>:mpsort	3
</home/anonymous/eqlog-steensgaard-analysis-benchmark/benchmarks/coreutils-8.24/dir.bc>:mpsort_with_tmp	4
</home/anonymous/eqlog-steensgaard-analysis-benchmark/benchmarks/coreutils-8.24/dir.bc>:mpsort_into_tmp	4
</home/anonymous/eqlog-steensgaard-analysis-benchmark/benchmarks/coreutils-8.24/dir.bc>:set_program_name	1
</home/anonymous/eqlog-steensgaard-analysis-benchmark/benchmarks/coreutils-8.24/dir.bc>:clone_quoting_options	1
</home/anonymous/eqlog-steensgaard-analysis-benchmark/benchmarks/coreutils-8.24/dir.bc>:get_quoting_style	1
</home/anonymous/eqlog-steensgaard-analysis-benchmark/benchmarks/coreutils-8.24/dir.bc>:set_quoting_style	2
</home/anonymous/eqlog-steensgaard-analysis-benchmark/benchmarks/coreutils-8.24/dir.bc>:set_char_quoting	3
</home/anonymous/eqlog-steensgaard-analysis-benchmark/benchmarks/coreutils-8.24/dir.bc>:set_quoting_flags	2
</home/anonymous/eqlog-steensgaard-analysis-benchmark/benchmarks/coreutils-8.24/dir.bc>:set_custom_quoting	3
</home/anonymous/eqlog-steensgaard-analysis-benchmark/benchmarks/coreutils-8.24/dir.bc>:quotearg_buffer	5
</home/anonymous/eqlog-steensgaard-analysis-benchmark/benchmarks/coreutils-8.24/dir.bc>:quotearg_alloc	3
</home/anonymous/eqlog-steensgaard-analysis-benchmark/benchmarks/coreutils-8.24/dir.bc>:quotearg_alloc_mem	4
</home/anonymous/eqlog-steensgaard-analysis-benchmark/benchmarks/coreutils-8.24/dir.bc>:quotearg_free	0
</home/anonymous/eqlog-steensgaard-analysis-benchmark/benchmarks/coreutils-8.24/dir.bc>:quotearg_n	2
</home/anonymous/eqlog-steensgaard-analysis-benchmark/benchmarks/coreutils-8.24/dir.bc>:quotearg_n_mem	3
</home/anonymous/eqlog-steensgaard-analysis-benchmark/benchmarks/coreutils-8.24/dir.bc>:quotearg	1
</home/anonymous/eqlog-steensgaard-analysis-benchmark/benchmarks/coreutils-8.24/dir.bc>:quotearg_mem	2
</home/anonymous/eqlog-steensgaard-analysis-benchmark/benchmarks/coreutils-8.24/dir.bc>:quotearg_n_style	3
</home/anonymous/eqlog-steensgaard-analysis-benchmark/benchmarks/coreutils-8.24/dir.bc>:quotearg_n_style_mem	4
</home/anonymous/eqlog-steensgaard-analysis-benchmark/benchmarks/coreutils-8.24/dir.bc>:quotearg_style	2
</home/anonymous/eqlog-steensgaard-analysis-benchmark/benchmarks/coreutils-8.24/dir.bc>:quotearg_style_mem	3
</home/anonymous/eqlog-steensgaard-analysis-benchmark/benchmarks/coreutils-8.24/dir.bc>:quotearg_char_mem	3
</home/anonymous/eqlog-steensgaard-analysis-benchmark/benchmarks/coreutils-8.24/dir.bc>:quotearg_char	2
</home/anonymous/eqlog-steensgaard-analysis-benchmark/benchmarks/coreutils-8.24/dir.bc>:quotearg_colon	1
</home/anonymous/eqlog-steensgaard-analysis-benchmark/benchmarks/coreutils-8.24/dir.bc>:quotearg_colon_mem	2
</home/anonymous/eqlog-steensgaard-analysis-benchmark/benchmarks/coreutils-8.24/dir.bc>:quotearg_n_custom	4
</home/anonymous/eqlog-steensgaard-analysis-benchmark/benchmarks/coreutils-8.24/dir.bc>:quotearg_n_custom_mem	5
</home/anonymous/eqlog-steensgaard-analysis-benchmark/benchmarks/coreutils-8.24/dir.bc>:quotearg_custom	3
</home/anonymous/eqlog-steensgaard-analysis-benchmark/benchmarks/coreutils-8.24/dir.bc>:quotearg_custom_mem	4
</home/anonymous/eqlog-steensgaard-analysis-benchmark/benchmarks/coreutils-8.24/dir.bc>:quote_n_mem	3
</home/anonymous/eqlog-steensgaard-analysis-benchmark/benchmarks/coreutils-8.24/dir.bc>:quote_mem	2
</home/anonymous/eqlog-steensgaard-analysis-benchmark/benchmarks/coreutils-8.24/dir.bc>:quote_n	2
</home/anonymous/eqlog-steensgaard-analysis-benchmark/benchmarks/coreutils-8.24/dir.bc>:quote	1
</home/anonymous/eqlog-steensgaard-analysis-benchmark/benchmarks/coreutils-8.24/dir.bc>:quotearg_buffer_restyled	9
</home/anonymous/eqlog-steensgaard-analysis-benchmark/benchmarks/coreutils-8.24/dir.bc>:quotearg_n_options	4
</home/anonymous/eqlog-steensgaard-analysis-benchmark/benchmarks/coreutils-8.24/dir.bc>:quoting_options_from_style	2
</home/anonymous/eqlog-steensgaard-analysis-benchmark/benchmarks/coreutils-8.24/dir.bc>:gettext_quote	2
</home/anonymous/eqlog-steensgaard-analysis-benchmark/benchmarks/coreutils-8.24/dir.bc>:get_stat_atime_ns	1
</home/anonymous/eqlog-steensgaard-analysis-benchmark/benchmarks/coreutils-8.24/dir.bc>:get_stat_ctime_ns	1
</home/anonymous/eqlog-steensgaard-analysis-benchmark/benchmarks/coreutils-8.24/dir.bc>:get_stat_mtime_ns	1
</home/anonymous/eqlog-steensgaard-analysis-benchmark/benchmarks/coreutils-8.24/dir.bc>:get_stat_birthtime_ns	1
</home/anonymous/eqlog-steensgaard-analysis-benchmark/benchmarks/coreutils-8.24/dir.bc>:get_stat_atime	1
</home/anonymous/eqlog-steensgaard-analysis-benchmark/benchmarks/coreutils-8.24/dir.bc>:get_stat_ctime	1
</home/anonymous/eqlog-steensgaard-analysis-benchmark/benchmarks/coreutils-8.24/dir.bc>:get_stat_mtime	1
</home/anonymous/eqlog-steensgaard-analysis-benchmark/benchmarks/coreutils-8.24/dir.bc>:get_stat_birthtime	1
</home/anonymous/eqlog-steensgaard-analysis-benchmark/benchmarks/coreutils-8.24/dir.bc>:nstrftime	6
</home/anonymous/eqlog-steensgaard-analysis-benchmark/benchmarks/coreutils-8.24/dir.bc>:strftime_case_	7
</home/anonymous/eqlog-steensgaard-analysis-benchmark/benchmarks/coreutils-8.24/dir.bc>:memcpy_lowcase	3
</home/anonymous/eqlog-steensgaard-analysis-benchmark/benchmarks/coreutils-8.24/dir.bc>:memcpy_uppcase	3
</home/anonymous/eqlog-steensgaard-analysis-benchmark/benchmarks/coreutils-8.24/dir.bc>:iso_week_days	2
</home/anonymous/eqlog-steensgaard-analysis-benchmark/benchmarks/coreutils-8.24/dir.bc>:make_timespec	2
</home/anonymous/eqlog-steensgaard-analysis-benchmark/benchmarks/coreutils-8.24/dir.bc>:timespec_cmp	4
</home/anonymous/eqlog-steensgaard-analysis-benchmark/benchmarks/coreutils-8.24/dir.bc>:timespec_sign	2
</home/anonymous/eqlog-steensgaard-analysis-benchmark/benchmarks/coreutils-8.24/dir.bc>:timespectod	2
</home/anonymous/eqlog-steensgaard-analysis-benchmark/benchmarks/coreutils-8.24/dir.bc>:version_etc_arn	6
</home/anonymous/eqlog-steensgaard-analysis-benchmark/benchmarks/coreutils-8.24/dir.bc>:version_etc_ar	5
</home/anonymous/eqlog-steensgaard-analysis-benchmark/benchmarks/coreutils-8.24/dir.bc>:version_etc_va	5
</home/anonymous/eqlog-steensgaard-analysis-benchmark/benchmarks/coreutils-8.24/dir.bc>:version_etc	4
</home/anonymous/eqlog-steensgaard-analysis-benchmark/benchmarks/coreutils-8.24/dir.bc>:emit_bug_reporting_address	0
</home/anonymous/eqlog-steensgaard-analysis-benchmark/benchmarks/coreutils-8.24/dir.bc>:xnmalloc	2
</home/anonymous/eqlog-steensgaard-analysis-benchmark/benchmarks/coreutils-8.24/dir.bc>:xmalloc	1
</home/anonymous/eqlog-steensgaard-analysis-benchmark/benchmarks/coreutils-8.24/dir.bc>:xnrealloc	3
</home/anonymous/eqlog-steensgaard-analysis-benchmark/benchmarks/coreutils-8.24/dir.bc>:xrealloc	2
</home/anonymous/eqlog-steensgaard-analysis-benchmark/benchmarks/coreutils-8.24/dir.bc>:x2nrealloc	3
</home/anonymous/eqlog-steensgaard-analysis-benchmark/benchmarks/coreutils-8.24/dir.bc>:xcharalloc	1
</home/anonymous/eqlog-steensgaard-analysis-benchmark/benchmarks/coreutils-8.24/dir.bc>:x2realloc	2
</home/anonymous/eqlog-steensgaard-analysis-benchmark/benchmarks/coreutils-8.24/dir.bc>:xzalloc	1
</home/anonymous/eqlog-steensgaard-analysis-benchmark/benchmarks/coreutils-8.24/dir.bc>:xcalloc	2
</home/anonymous/eqlog-steensgaard-analysis-benchmark/benchmarks/coreutils-8.24/dir.bc>:xmemdup	2
</home/anonymous/eqlog-steensgaard-analysis-benchmark/benchmarks/coreutils-8.24/dir.bc>:xstrdup	1
</home/anonymous/eqlog-steensgaard-analysis-benchmark/benchmarks/coreutils-8.24/dir.bc>:xalloc_die	0
</home/anonymous/eqlog-steensgaard-analysis-benchmark/benchmarks/coreutils-8.24/dir.bc>:xnumtoumax	7
</home/anonymous/eqlog-steensgaard-analysis-benchmark/benchmarks/coreutils-8.24/dir.bc>:xdectoumax	6
</home/anonymous/eqlog-steensgaard-analysis-benchmark/benchmarks/coreutils-8.24/dir.bc>:xstrtoul	5
</home/anonymous/eqlog-steensgaard-analysis-benchmark/benchmarks/coreutils-8.24/dir.bc>:bkm_scale	2
</home/anonymous/eqlog-steensgaard-analysis-benchmark/benchmarks/coreutils-8.24/dir.bc>:bkm_scale_by_power	3
</home/anonymous/eqlog-steensgaard-analysis-benchmark/benchmarks/coreutils-8.24/dir.bc>:xstrtol_fatal	5
</home/anonymous/eqlog-steensgaard-analysis-benchmark/benchmarks/coreutils-8.24/dir.bc>:xstrtol_error	6
</home/anonymous/eqlog-steensgaard-analysis-benchmark/benchmarks/coreutils-8.24/dir.bc>:xstrtoumax	5
</home/anonymous/eqlog-steensgaard-analysis-benchmark/benchmarks/coreutils-8.24/dir.bc>:bkm_scale.447	2
</home/anonymous/eqlog-steensgaard-analysis-benchmark/benchmarks/coreutils-8.24/dir.bc>:bkm_scale_by_power.448	3
</home/anonymous/eqlog-steensgaard-analysis-benchmark/benchmarks/coreutils-8.24/dir.bc>:rpl_calloc	2
</home/anonymous/eqlog-steensgaard-analysis-benchmark/benchmarks/coreutils-8.24/dir.bc>:rpl_getfilecon	2
</home/anonymous/eqlog-steensgaard-analysis-benchmark/benchmarks/coreutils-8.24/dir.bc>:rpl_lgetfilecon	2
</home/anonymous/eqlog-steensgaard-analysis-benchmark/benchmarks/coreutils-8.24/dir.bc>:rpl_fgetfilecon	2
</home/anonymous/eqlog-steensgaard-analysis-benchmark/benchmarks/coreutils-8.24/dir.bc>:map_to_failure	2
</home/anonymous/eqlog-steensgaard-analysis-benchmark/benchmarks/coreutils-8.24/dir.bc>:rpl_mbrtowc	4
</home/anonymous/eqlog-steensgaard-analysis-benchmark/benchmarks/coreutils-8.24/dir.bc>:_obstack_begin	5
</home/anonymous/eqlog-steensgaard-analysis-benchmark/benchmarks/coreutils-8.24/dir.bc>:_obstack_begin_1	6
</home/anonymous/eqlog-steensgaard-analysis-benchmark/benchmarks/coreutils-8.24/dir.bc>:_obstack_newchunk	2
</home/anonymous/eqlog-steensgaard-analysis-benchmark/benchmarks/coreutils-8.24/dir.bc>:_obstack_allocated_p	2
</home/anonymous/eqlog-steensgaard-analysis-benchmark/benchmarks/coreutils-8.24/dir.bc>:_obstack_free	2
</home/anonymous/eqlog-steensgaard-analysis-benchmark/benchmarks/coreutils-8.24/dir.bc>:_obstack_memory_used	1
</home/anonymous/eqlog-steensgaard-analysis-benchmark/benchmarks/coreutils-8.24/dir.bc>:_obstack_begin_worker	3
</home/anonymous/eqlog-steensgaard-analysis-benchmark/benchmarks/coreutils-8.24/dir.bc>:call_chunkfun	2
</home/anonymous/eqlog-steensgaard-analysis-benchmark/benchmarks/coreutils-8.24/dir.bc>:call_freefun	2
</home/anonymous/eqlog-steensgaard-analysis-benchmark/benchmarks/coreutils-8.24/dir.bc>:print_and_abort	0
</home/anonymous/eqlog-steensgaard-analysis-benchmark/benchmarks/coreutils-8.24/dir.bc>:rotl64	2
</home/anonymous/eqlog-steensgaard-analysis-benchmark/benchmarks/coreutils-8.24/dir.bc>:rotr64	2
</home/anonymous/eqlog-steensgaard-analysis-benchmark/benchmarks/coreutils-8.24/dir.bc>:rotl32	2
</home/anonymous/eqlog-steensgaard-analysis-benchmark/benchmarks/coreutils-8.24/dir.bc>:rotr32	2
</home/anonymous/eqlog-steensgaard-analysis-benchmark/benchmarks/coreutils-8.24/dir.bc>:rotl_sz	2
</home/anonymous/eqlog-steensgaard-analysis-benchmark/benchmarks/coreutils-8.24/dir.bc>:rotr_sz	2
</home/anonymous/eqlog-steensgaard-analysis-benchmark/benchmarks/coreutils-8.24/dir.bc>:rotl16	2
</home/anonymous/eqlog-steensgaard-analysis-benchmark/benchmarks/coreutils-8.24/dir.bc>:rotr16	2
</home/anonymous/eqlog-steensgaard-analysis-benchmark/benchmarks/coreutils-8.24/dir.bc>:rotl8	2
</home/anonymous/eqlog-steensgaard-analysis-benchmark/benchmarks/coreutils-8.24/dir.bc>:rotr8	2
</home/anonymous/eqlog-steensgaard-analysis-benchmark/benchmarks/coreutils-8.24/dir.bc>:c_isascii	1
</home/anonymous/eqlog-steensgaard-analysis-benchmark/benchmarks/coreutils-8.24/dir.bc>:c_isalnum	1
</home/anonymous/eqlog-steensgaard-analysis-benchmark/benchmarks/coreutils-8.24/dir.bc>:c_isalpha	1
</home/anonymous/eqlog-steensgaard-analysis-benchmark/benchmarks/coreutils-8.24/dir.bc>:c_isblank	1
</home/anonymous/eqlog-steensgaard-analysis-benchmark/benchmarks/coreutils-8.24/dir.bc>:c_iscntrl	1
</home/anonymous/eqlog-steensgaard-analysis-benchmark/benchmarks/coreutils-8.24/dir.bc>:c_isdigit	1
</home/anonymous/eqlog-steensgaard-analysis-benchmark/benchmarks/coreutils-8.24/dir.bc>:c_islower	1
</home/anonymous/eqlog-steensgaard-analysis-benchmark/benchmarks/coreutils-8.24/dir.bc>:c_isgraph	1
</home/anonymous/eqlog-steensgaard-analysis-benchmark/benchmarks/coreutils-8.24/dir.bc>:c_isprint	1
</home/anonymous/eqlog-steensgaard-analysis-benchmark/benchmarks/coreutils-8.24/dir.bc>:c_ispunct	1
</home/anonymous/eqlog-steensgaard-analysis-benchmark/benchmarks/coreutils-8.24/dir.bc>:c_isspace	1
</home/anonymous/eqlog-steensgaard-analysis-benchmark/benchmarks/coreutils-8.24/dir.bc>:c_isupper	1
</home/anonymous/eqlog-steensgaard-analysis-benchmark/benchmarks/coreutils-8.24/dir.bc>:c_isxdigit	1
</home/anonymous/eqlog-steensgaard-analysis-benchmark/benchmarks/coreutils-8.24/dir.bc>:c_tolower	1
</home/anonymous/eqlog-steensgaard-analysis-benchmark/benchmarks/coreutils-8.24/dir.bc>:c_toupper	1
</home/anonymous/eqlog-steensgaard-analysis-benchmark/benchmarks/coreutils-8.24/dir.bc>:c_strcasecmp	2
</home/anonymous/eqlog-steensgaard-analysis-benchmark/benchmarks/coreutils-8.24/dir.bc>:close_stream	1
</home/anonymous/eqlog-steensgaard-analysis-benchmark/benchmarks/coreutils-8.24/dir.bc>:locale_charset	0
</home/anonymous/eqlog-steensgaard-analysis-benchmark/benchmarks/coreutils-8.24/dir.bc>:get_charset_aliases	0
</home/anonymous/eqlog-steensgaard-analysis-benchmark/benchmarks/coreutils-8.24/dir.bc>:rpl_fclose	1
</home/anonymous/eqlog-steensgaard-analysis-benchmark/benchmarks/coreutils-8.24/dir.bc>:rpl_fflush	1
</home/anonymous/eqlog-steensgaard-analysis-benchmark/benchmarks/coreutils-8.24/dir.bc>:clear_ungetc_buffer_preserving_position	1
</home/anonymous/eqlog-steensgaard-analysis-benchmark/benchmarks/coreutils-8.24/dir.bc>:rpl_fseeko	3
