</home/anonymous/eqlog-steensgaard-analysis-benchmark/benchmarks/postgresql-9.5.2/pg_receivexlog.bc>:main:344	</home/anonymous/eqlog-steensgaard-analysis-benchmark/benchmarks/postgresql-9.5.2/pg_receivexlog.bc>:main:%108
</home/anonymous/eqlog-steensgaard-analysis-benchmark/benchmarks/postgresql-9.5.2/pg_receivexlog.bc>:get_destination_dir:25	</home/anonymous/eqlog-steensgaard-analysis-benchmark/benchmarks/postgresql-9.5.2/pg_receivexlog.bc>:get_destination_dir:%8
</home/anonymous/eqlog-steensgaard-analysis-benchmark/benchmarks/postgresql-9.5.2/pg_receivexlog.bc>:FindStreamingStart:203	</home/anonymous/eqlog-steensgaard-analysis-benchmark/benchmarks/postgresql-9.5.2/pg_receivexlog.bc>:FindStreamingStart:%54
</home/anonymous/eqlog-steensgaard-analysis-benchmark/benchmarks/postgresql-9.5.2/pg_receivexlog.bc>:stop_streaming:56	</home/anonymous/eqlog-steensgaard-analysis-benchmark/benchmarks/postgresql-9.5.2/pg_receivexlog.bc>:stop_streaming:%20
</home/anonymous/eqlog-steensgaard-analysis-benchmark/benchmarks/postgresql-9.5.2/pg_receivexlog.bc>:CheckServerVersionForStreaming:56	</home/anonymous/eqlog-steensgaard-analysis-benchmark/benchmarks/postgresql-9.5.2/pg_receivexlog.bc>:CheckServerVersionForStreaming:%15
</home/anonymous/eqlog-steensgaard-analysis-benchmark/benchmarks/postgresql-9.5.2/pg_receivexlog.bc>:ReceiveXlogStream:331	</home/anonymous/eqlog-steensgaard-analysis-benchmark/benchmarks/postgresql-9.5.2/pg_receivexlog.bc>:ReceiveXlogStream:%120
</home/anonymous/eqlog-steensgaard-analysis-benchmark/benchmarks/postgresql-9.5.2/pg_receivexlog.bc>:existsTimeLineHistoryFile:45	</home/anonymous/eqlog-steensgaard-analysis-benchmark/benchmarks/postgresql-9.5.2/pg_receivexlog.bc>:existsTimeLineHistoryFile:%9
</home/anonymous/eqlog-steensgaard-analysis-benchmark/benchmarks/postgresql-9.5.2/pg_receivexlog.bc>:writeTimeLineHistoryFile:147	</home/anonymous/eqlog-steensgaard-analysis-benchmark/benchmarks/postgresql-9.5.2/pg_receivexlog.bc>:writeTimeLineHistoryFile:%36
</home/anonymous/eqlog-steensgaard-analysis-benchmark/benchmarks/postgresql-9.5.2/pg_receivexlog.bc>:HandleCopyStream:211	</home/anonymous/eqlog-steensgaard-analysis-benchmark/benchmarks/postgresql-9.5.2/pg_receivexlog.bc>:HandleCopyStream:%79
</home/anonymous/eqlog-steensgaard-analysis-benchmark/benchmarks/postgresql-9.5.2/pg_receivexlog.bc>:ReadEndOfStreamingResult:54	</home/anonymous/eqlog-steensgaard-analysis-benchmark/benchmarks/postgresql-9.5.2/pg_receivexlog.bc>:ReadEndOfStreamingResult:%15
</home/anonymous/eqlog-steensgaard-analysis-benchmark/benchmarks/postgresql-9.5.2/pg_receivexlog.bc>:CheckCopyStreamStop:57	</home/anonymous/eqlog-steensgaard-analysis-benchmark/benchmarks/postgresql-9.5.2/pg_receivexlog.bc>:CheckCopyStreamStop:%13
</home/anonymous/eqlog-steensgaard-analysis-benchmark/benchmarks/postgresql-9.5.2/pg_receivexlog.bc>:sendFeedback:91	</home/anonymous/eqlog-steensgaard-analysis-benchmark/benchmarks/postgresql-9.5.2/pg_receivexlog.bc>:sendFeedback:%24
</home/anonymous/eqlog-steensgaard-analysis-benchmark/benchmarks/postgresql-9.5.2/pg_receivexlog.bc>:CalculateCopyStreamSleeptime:49	</home/anonymous/eqlog-steensgaard-analysis-benchmark/benchmarks/postgresql-9.5.2/pg_receivexlog.bc>:CalculateCopyStreamSleeptime:%10
</home/anonymous/eqlog-steensgaard-analysis-benchmark/benchmarks/postgresql-9.5.2/pg_receivexlog.bc>:CopyStreamReceive:83	</home/anonymous/eqlog-steensgaard-analysis-benchmark/benchmarks/postgresql-9.5.2/pg_receivexlog.bc>:CopyStreamReceive:%26
</home/anonymous/eqlog-steensgaard-analysis-benchmark/benchmarks/postgresql-9.5.2/pg_receivexlog.bc>:HandleEndOfCopyStream:73	</home/anonymous/eqlog-steensgaard-analysis-benchmark/benchmarks/postgresql-9.5.2/pg_receivexlog.bc>:HandleEndOfCopyStream:%20
</home/anonymous/eqlog-steensgaard-analysis-benchmark/benchmarks/postgresql-9.5.2/pg_receivexlog.bc>:ProcessKeepaliveMsg:89	</home/anonymous/eqlog-steensgaard-analysis-benchmark/benchmarks/postgresql-9.5.2/pg_receivexlog.bc>:ProcessKeepaliveMsg:%26
</home/anonymous/eqlog-steensgaard-analysis-benchmark/benchmarks/postgresql-9.5.2/pg_receivexlog.bc>:ProcessXLogDataMsg:216	</home/anonymous/eqlog-steensgaard-analysis-benchmark/benchmarks/postgresql-9.5.2/pg_receivexlog.bc>:ProcessXLogDataMsg:%73
</home/anonymous/eqlog-steensgaard-analysis-benchmark/benchmarks/postgresql-9.5.2/pg_receivexlog.bc>:open_walfile:143	</home/anonymous/eqlog-steensgaard-analysis-benchmark/benchmarks/postgresql-9.5.2/pg_receivexlog.bc>:open_walfile:%39
</home/anonymous/eqlog-steensgaard-analysis-benchmark/benchmarks/postgresql-9.5.2/pg_receivexlog.bc>:close_walfile:112	</home/anonymous/eqlog-steensgaard-analysis-benchmark/benchmarks/postgresql-9.5.2/pg_receivexlog.bc>:close_walfile:%30
</home/anonymous/eqlog-steensgaard-analysis-benchmark/benchmarks/postgresql-9.5.2/pg_receivexlog.bc>:mark_file_as_archived:41	</home/anonymous/eqlog-steensgaard-analysis-benchmark/benchmarks/postgresql-9.5.2/pg_receivexlog.bc>:mark_file_as_archived:%12
</home/anonymous/eqlog-steensgaard-analysis-benchmark/benchmarks/postgresql-9.5.2/pg_receivexlog.bc>:CopyStreamPoll:95	</home/anonymous/eqlog-steensgaard-analysis-benchmark/benchmarks/postgresql-9.5.2/pg_receivexlog.bc>:CopyStreamPoll:%22
</home/anonymous/eqlog-steensgaard-analysis-benchmark/benchmarks/postgresql-9.5.2/pg_receivexlog.bc>:GetConnection:386	</home/anonymous/eqlog-steensgaard-analysis-benchmark/benchmarks/postgresql-9.5.2/pg_receivexlog.bc>:GetConnection:%135
</home/anonymous/eqlog-steensgaard-analysis-benchmark/benchmarks/postgresql-9.5.2/pg_receivexlog.bc>:RunIdentifySystem:134	</home/anonymous/eqlog-steensgaard-analysis-benchmark/benchmarks/postgresql-9.5.2/pg_receivexlog.bc>:RunIdentifySystem:%41
</home/anonymous/eqlog-steensgaard-analysis-benchmark/benchmarks/postgresql-9.5.2/pg_receivexlog.bc>:CreateReplicationSlot:101	</home/anonymous/eqlog-steensgaard-analysis-benchmark/benchmarks/postgresql-9.5.2/pg_receivexlog.bc>:CreateReplicationSlot:%34
</home/anonymous/eqlog-steensgaard-analysis-benchmark/benchmarks/postgresql-9.5.2/pg_receivexlog.bc>:DropReplicationSlot:65	</home/anonymous/eqlog-steensgaard-analysis-benchmark/benchmarks/postgresql-9.5.2/pg_receivexlog.bc>:DropReplicationSlot:%24
</home/anonymous/eqlog-steensgaard-analysis-benchmark/benchmarks/postgresql-9.5.2/pg_receivexlog.bc>:feGetCurrentTimestamp:14	</home/anonymous/eqlog-steensgaard-analysis-benchmark/benchmarks/postgresql-9.5.2/pg_receivexlog.bc>:feGetCurrentTimestamp:%3
</home/anonymous/eqlog-steensgaard-analysis-benchmark/benchmarks/postgresql-9.5.2/pg_receivexlog.bc>:feTimestampDifferenceExceeds:18	</home/anonymous/eqlog-steensgaard-analysis-benchmark/benchmarks/postgresql-9.5.2/pg_receivexlog.bc>:feTimestampDifferenceExceeds:%conv2
</home/anonymous/eqlog-steensgaard-analysis-benchmark/benchmarks/postgresql-9.5.2/pg_receivexlog.bc>:fe_recvint64:30	</home/anonymous/eqlog-steensgaard-analysis-benchmark/benchmarks/postgresql-9.5.2/pg_receivexlog.bc>:fe_recvint64:%10
</home/anonymous/eqlog-steensgaard-analysis-benchmark/benchmarks/postgresql-9.5.2/pg_receivexlog.bc>:PQencryptPassword:29	</home/anonymous/eqlog-steensgaard-analysis-benchmark/benchmarks/postgresql-9.5.2/pg_receivexlog.bc>:PQencryptPassword:%7
</home/anonymous/eqlog-steensgaard-analysis-benchmark/benchmarks/postgresql-9.5.2/pg_receivexlog.bc>:PQconnectdbParams:24	</home/anonymous/eqlog-steensgaard-analysis-benchmark/benchmarks/postgresql-9.5.2/pg_receivexlog.bc>:PQconnectdbParams:%7
</home/anonymous/eqlog-steensgaard-analysis-benchmark/benchmarks/postgresql-9.5.2/pg_receivexlog.bc>:PQconnectStartParams:63	</home/anonymous/eqlog-steensgaard-analysis-benchmark/benchmarks/postgresql-9.5.2/pg_receivexlog.bc>:PQconnectStartParams:%18
</home/anonymous/eqlog-steensgaard-analysis-benchmark/benchmarks/postgresql-9.5.2/pg_receivexlog.bc>:PQpingParams:19	</home/anonymous/eqlog-steensgaard-analysis-benchmark/benchmarks/postgresql-9.5.2/pg_receivexlog.bc>:PQpingParams:%5
</home/anonymous/eqlog-steensgaard-analysis-benchmark/benchmarks/postgresql-9.5.2/pg_receivexlog.bc>:PQconnectdb:18	</home/anonymous/eqlog-steensgaard-analysis-benchmark/benchmarks/postgresql-9.5.2/pg_receivexlog.bc>:PQconnectdb:%5
</home/anonymous/eqlog-steensgaard-analysis-benchmark/benchmarks/postgresql-9.5.2/pg_receivexlog.bc>:PQconnectStart:38	</home/anonymous/eqlog-steensgaard-analysis-benchmark/benchmarks/postgresql-9.5.2/pg_receivexlog.bc>:PQconnectStart:%9
</home/anonymous/eqlog-steensgaard-analysis-benchmark/benchmarks/postgresql-9.5.2/pg_receivexlog.bc>:PQping:13	</home/anonymous/eqlog-steensgaard-analysis-benchmark/benchmarks/postgresql-9.5.2/pg_receivexlog.bc>:PQping:%3
</home/anonymous/eqlog-steensgaard-analysis-benchmark/benchmarks/postgresql-9.5.2/pg_receivexlog.bc>:PQconndefaults:29	</home/anonymous/eqlog-steensgaard-analysis-benchmark/benchmarks/postgresql-9.5.2/pg_receivexlog.bc>:PQconndefaults:%5
</home/anonymous/eqlog-steensgaard-analysis-benchmark/benchmarks/postgresql-9.5.2/pg_receivexlog.bc>:PQsetdbLogin:292	</home/anonymous/eqlog-steensgaard-analysis-benchmark/benchmarks/postgresql-9.5.2/pg_receivexlog.bc>:PQsetdbLogin:%93
</home/anonymous/eqlog-steensgaard-analysis-benchmark/benchmarks/postgresql-9.5.2/pg_receivexlog.bc>:PQconnectPoll:924	</home/anonymous/eqlog-steensgaard-analysis-benchmark/benchmarks/postgresql-9.5.2/pg_receivexlog.bc>:PQconnectPoll:%290
</home/anonymous/eqlog-steensgaard-analysis-benchmark/benchmarks/postgresql-9.5.2/pg_receivexlog.bc>:PQresetStart:15	</home/anonymous/eqlog-steensgaard-analysis-benchmark/benchmarks/postgresql-9.5.2/pg_receivexlog.bc>:PQresetStart:%3
</home/anonymous/eqlog-steensgaard-analysis-benchmark/benchmarks/postgresql-9.5.2/pg_receivexlog.bc>:PQresetPoll:74	</home/anonymous/eqlog-steensgaard-analysis-benchmark/benchmarks/postgresql-9.5.2/pg_receivexlog.bc>:PQresetPoll:%24
</home/anonymous/eqlog-steensgaard-analysis-benchmark/benchmarks/postgresql-9.5.2/pg_receivexlog.bc>:PQgetCancel:47	</home/anonymous/eqlog-steensgaard-analysis-benchmark/benchmarks/postgresql-9.5.2/pg_receivexlog.bc>:PQgetCancel:%16
</home/anonymous/eqlog-steensgaard-analysis-benchmark/benchmarks/postgresql-9.5.2/pg_receivexlog.bc>:PQcancel:30	</home/anonymous/eqlog-steensgaard-analysis-benchmark/benchmarks/postgresql-9.5.2/pg_receivexlog.bc>:PQcancel:%10
</home/anonymous/eqlog-steensgaard-analysis-benchmark/benchmarks/postgresql-9.5.2/pg_receivexlog.bc>:PQrequestCancel:70	</home/anonymous/eqlog-steensgaard-analysis-benchmark/benchmarks/postgresql-9.5.2/pg_receivexlog.bc>:PQrequestCancel:%24
</home/anonymous/eqlog-steensgaard-analysis-benchmark/benchmarks/postgresql-9.5.2/pg_receivexlog.bc>:PQconninfoParse:40	</home/anonymous/eqlog-steensgaard-analysis-benchmark/benchmarks/postgresql-9.5.2/pg_receivexlog.bc>:PQconninfoParse:%9
</home/anonymous/eqlog-steensgaard-analysis-benchmark/benchmarks/postgresql-9.5.2/pg_receivexlog.bc>:PQconninfo:68	</home/anonymous/eqlog-steensgaard-analysis-benchmark/benchmarks/postgresql-9.5.2/pg_receivexlog.bc>:PQconninfo:%21
</home/anonymous/eqlog-steensgaard-analysis-benchmark/benchmarks/postgresql-9.5.2/pg_receivexlog.bc>:PQdb:14	</home/anonymous/eqlog-steensgaard-analysis-benchmark/benchmarks/postgresql-9.5.2/pg_receivexlog.bc>:PQdb:%3
</home/anonymous/eqlog-steensgaard-analysis-benchmark/benchmarks/postgresql-9.5.2/pg_receivexlog.bc>:PQuser:14	</home/anonymous/eqlog-steensgaard-analysis-benchmark/benchmarks/postgresql-9.5.2/pg_receivexlog.bc>:PQuser:%3
</home/anonymous/eqlog-steensgaard-analysis-benchmark/benchmarks/postgresql-9.5.2/pg_receivexlog.bc>:PQpass:14	</home/anonymous/eqlog-steensgaard-analysis-benchmark/benchmarks/postgresql-9.5.2/pg_receivexlog.bc>:PQpass:%3
</home/anonymous/eqlog-steensgaard-analysis-benchmark/benchmarks/postgresql-9.5.2/pg_receivexlog.bc>:PQhost:32	</home/anonymous/eqlog-steensgaard-analysis-benchmark/benchmarks/postgresql-9.5.2/pg_receivexlog.bc>:PQhost:%10
</home/anonymous/eqlog-steensgaard-analysis-benchmark/benchmarks/postgresql-9.5.2/pg_receivexlog.bc>:PQport:14	</home/anonymous/eqlog-steensgaard-analysis-benchmark/benchmarks/postgresql-9.5.2/pg_receivexlog.bc>:PQport:%3
</home/anonymous/eqlog-steensgaard-analysis-benchmark/benchmarks/postgresql-9.5.2/pg_receivexlog.bc>:PQtty:14	</home/anonymous/eqlog-steensgaard-analysis-benchmark/benchmarks/postgresql-9.5.2/pg_receivexlog.bc>:PQtty:%3
</home/anonymous/eqlog-steensgaard-analysis-benchmark/benchmarks/postgresql-9.5.2/pg_receivexlog.bc>:PQoptions:14	</home/anonymous/eqlog-steensgaard-analysis-benchmark/benchmarks/postgresql-9.5.2/pg_receivexlog.bc>:PQoptions:%3
</home/anonymous/eqlog-steensgaard-analysis-benchmark/benchmarks/postgresql-9.5.2/pg_receivexlog.bc>:PQstatus:14	</home/anonymous/eqlog-steensgaard-analysis-benchmark/benchmarks/postgresql-9.5.2/pg_receivexlog.bc>:PQstatus:%3
</home/anonymous/eqlog-steensgaard-analysis-benchmark/benchmarks/postgresql-9.5.2/pg_receivexlog.bc>:PQtransactionStatus:26	</home/anonymous/eqlog-steensgaard-analysis-benchmark/benchmarks/postgresql-9.5.2/pg_receivexlog.bc>:PQtransactionStatus:%7
</home/anonymous/eqlog-steensgaard-analysis-benchmark/benchmarks/postgresql-9.5.2/pg_receivexlog.bc>:PQparameterStatus:43	</home/anonymous/eqlog-steensgaard-analysis-benchmark/benchmarks/postgresql-9.5.2/pg_receivexlog.bc>:PQparameterStatus:%12
</home/anonymous/eqlog-steensgaard-analysis-benchmark/benchmarks/postgresql-9.5.2/pg_receivexlog.bc>:PQprotocolVersion:22	</home/anonymous/eqlog-steensgaard-analysis-benchmark/benchmarks/postgresql-9.5.2/pg_receivexlog.bc>:PQprotocolVersion:%5
</home/anonymous/eqlog-steensgaard-analysis-benchmark/benchmarks/postgresql-9.5.2/pg_receivexlog.bc>:PQserverVersion:21	</home/anonymous/eqlog-steensgaard-analysis-benchmark/benchmarks/postgresql-9.5.2/pg_receivexlog.bc>:PQserverVersion:%5
</home/anonymous/eqlog-steensgaard-analysis-benchmark/benchmarks/postgresql-9.5.2/pg_receivexlog.bc>:PQerrorMessage:15	</home/anonymous/eqlog-steensgaard-analysis-benchmark/benchmarks/postgresql-9.5.2/pg_receivexlog.bc>:PQerrorMessage:%3
</home/anonymous/eqlog-steensgaard-analysis-benchmark/benchmarks/postgresql-9.5.2/pg_receivexlog.bc>:PQsocket:22	</home/anonymous/eqlog-steensgaard-analysis-benchmark/benchmarks/postgresql-9.5.2/pg_receivexlog.bc>:PQsocket:%5
</home/anonymous/eqlog-steensgaard-analysis-benchmark/benchmarks/postgresql-9.5.2/pg_receivexlog.bc>:PQbackendPID:19	</home/anonymous/eqlog-steensgaard-analysis-benchmark/benchmarks/postgresql-9.5.2/pg_receivexlog.bc>:PQbackendPID:%5
</home/anonymous/eqlog-steensgaard-analysis-benchmark/benchmarks/postgresql-9.5.2/pg_receivexlog.bc>:PQconnectionNeedsPassword:32	</home/anonymous/eqlog-steensgaard-analysis-benchmark/benchmarks/postgresql-9.5.2/pg_receivexlog.bc>:PQconnectionNeedsPassword:%8
</home/anonymous/eqlog-steensgaard-analysis-benchmark/benchmarks/postgresql-9.5.2/pg_receivexlog.bc>:PQconnectionUsedPassword:18	</home/anonymous/eqlog-steensgaard-analysis-benchmark/benchmarks/postgresql-9.5.2/pg_receivexlog.bc>:PQconnectionUsedPassword:%3
</home/anonymous/eqlog-steensgaard-analysis-benchmark/benchmarks/postgresql-9.5.2/pg_receivexlog.bc>:PQclientEncoding:19	</home/anonymous/eqlog-steensgaard-analysis-benchmark/benchmarks/postgresql-9.5.2/pg_receivexlog.bc>:PQclientEncoding:%5
</home/anonymous/eqlog-steensgaard-analysis-benchmark/benchmarks/postgresql-9.5.2/pg_receivexlog.bc>:PQsetClientEncoding:75	</home/anonymous/eqlog-steensgaard-analysis-benchmark/benchmarks/postgresql-9.5.2/pg_receivexlog.bc>:PQsetClientEncoding:%17
</home/anonymous/eqlog-steensgaard-analysis-benchmark/benchmarks/postgresql-9.5.2/pg_receivexlog.bc>:PQsetErrorVerbosity:23	</home/anonymous/eqlog-steensgaard-analysis-benchmark/benchmarks/postgresql-9.5.2/pg_receivexlog.bc>:PQsetErrorVerbosity:%6
</home/anonymous/eqlog-steensgaard-analysis-benchmark/benchmarks/postgresql-9.5.2/pg_receivexlog.bc>:PQsetNoticeReceiver:36	</home/anonymous/eqlog-steensgaard-analysis-benchmark/benchmarks/postgresql-9.5.2/pg_receivexlog.bc>:PQsetNoticeReceiver:%9
</home/anonymous/eqlog-steensgaard-analysis-benchmark/benchmarks/postgresql-9.5.2/pg_receivexlog.bc>:PQsetNoticeProcessor:36	</home/anonymous/eqlog-steensgaard-analysis-benchmark/benchmarks/postgresql-9.5.2/pg_receivexlog.bc>:PQsetNoticeProcessor:%9
</home/anonymous/eqlog-steensgaard-analysis-benchmark/benchmarks/postgresql-9.5.2/pg_receivexlog.bc>:PQregisterThreadLock:14	</home/anonymous/eqlog-steensgaard-analysis-benchmark/benchmarks/postgresql-9.5.2/pg_receivexlog.bc>:PQregisterThreadLock:%3
</home/anonymous/eqlog-steensgaard-analysis-benchmark/benchmarks/postgresql-9.5.2/pg_receivexlog.bc>:PQmakeEmptyPGresult:153	</home/anonymous/eqlog-steensgaard-analysis-benchmark/benchmarks/postgresql-9.5.2/pg_receivexlog.bc>:PQmakeEmptyPGresult:%52
</home/anonymous/eqlog-steensgaard-analysis-benchmark/benchmarks/postgresql-9.5.2/pg_receivexlog.bc>:PQsetResultAttrs:142	</home/anonymous/eqlog-steensgaard-analysis-benchmark/benchmarks/postgresql-9.5.2/pg_receivexlog.bc>:PQsetResultAttrs:%49
</home/anonymous/eqlog-steensgaard-analysis-benchmark/benchmarks/postgresql-9.5.2/pg_receivexlog.bc>:PQresultAlloc:7	</home/anonymous/eqlog-steensgaard-analysis-benchmark/benchmarks/postgresql-9.5.2/pg_receivexlog.bc>:PQresultAlloc:%call
</home/anonymous/eqlog-steensgaard-analysis-benchmark/benchmarks/postgresql-9.5.2/pg_receivexlog.bc>:PQcopyResult:232	</home/anonymous/eqlog-steensgaard-analysis-benchmark/benchmarks/postgresql-9.5.2/pg_receivexlog.bc>:PQcopyResult:%82
</home/anonymous/eqlog-steensgaard-analysis-benchmark/benchmarks/postgresql-9.5.2/pg_receivexlog.bc>:PQsetvalue:166	</home/anonymous/eqlog-steensgaard-analysis-benchmark/benchmarks/postgresql-9.5.2/pg_receivexlog.bc>:PQsetvalue:%53
</home/anonymous/eqlog-steensgaard-analysis-benchmark/benchmarks/postgresql-9.5.2/pg_receivexlog.bc>:PQresultErrorMessage:19	</home/anonymous/eqlog-steensgaard-analysis-benchmark/benchmarks/postgresql-9.5.2/pg_receivexlog.bc>:PQresultErrorMessage:%5
</home/anonymous/eqlog-steensgaard-analysis-benchmark/benchmarks/postgresql-9.5.2/pg_receivexlog.bc>:PQsendQuery:68	</home/anonymous/eqlog-steensgaard-analysis-benchmark/benchmarks/postgresql-9.5.2/pg_receivexlog.bc>:PQsendQuery:%18
</home/anonymous/eqlog-steensgaard-analysis-benchmark/benchmarks/postgresql-9.5.2/pg_receivexlog.bc>:PQsendQueryParams:54	</home/anonymous/eqlog-steensgaard-analysis-benchmark/benchmarks/postgresql-9.5.2/pg_receivexlog.bc>:PQsendQueryParams:%14
</home/anonymous/eqlog-steensgaard-analysis-benchmark/benchmarks/postgresql-9.5.2/pg_receivexlog.bc>:PQsendPrepare:158	</home/anonymous/eqlog-steensgaard-analysis-benchmark/benchmarks/postgresql-9.5.2/pg_receivexlog.bc>:PQsendPrepare:%41
</home/anonymous/eqlog-steensgaard-analysis-benchmark/benchmarks/postgresql-9.5.2/pg_receivexlog.bc>:PQsendQueryPrepared:51	</home/anonymous/eqlog-steensgaard-analysis-benchmark/benchmarks/postgresql-9.5.2/pg_receivexlog.bc>:PQsendQueryPrepared:%13
</home/anonymous/eqlog-steensgaard-analysis-benchmark/benchmarks/postgresql-9.5.2/pg_receivexlog.bc>:PQsetSingleRowMode:40	</home/anonymous/eqlog-steensgaard-analysis-benchmark/benchmarks/postgresql-9.5.2/pg_receivexlog.bc>:PQsetSingleRowMode:%10
</home/anonymous/eqlog-steensgaard-analysis-benchmark/benchmarks/postgresql-9.5.2/pg_receivexlog.bc>:PQconsumeInput:29	</home/anonymous/eqlog-steensgaard-analysis-benchmark/benchmarks/postgresql-9.5.2/pg_receivexlog.bc>:PQconsumeInput:%5
</home/anonymous/eqlog-steensgaard-analysis-benchmark/benchmarks/postgresql-9.5.2/pg_receivexlog.bc>:PQisBusy:18	</home/anonymous/eqlog-steensgaard-analysis-benchmark/benchmarks/postgresql-9.5.2/pg_receivexlog.bc>:PQisBusy:%4
</home/anonymous/eqlog-steensgaard-analysis-benchmark/benchmarks/postgresql-9.5.2/pg_receivexlog.bc>:PQgetResult:167	</home/anonymous/eqlog-steensgaard-analysis-benchmark/benchmarks/postgresql-9.5.2/pg_receivexlog.bc>:PQgetResult:%53
</home/anonymous/eqlog-steensgaard-analysis-benchmark/benchmarks/postgresql-9.5.2/pg_receivexlog.bc>:PQexec:23	</home/anonymous/eqlog-steensgaard-analysis-benchmark/benchmarks/postgresql-9.5.2/pg_receivexlog.bc>:PQexec:%4
</home/anonymous/eqlog-steensgaard-analysis-benchmark/benchmarks/postgresql-9.5.2/pg_receivexlog.bc>:PQexecParams:41	</home/anonymous/eqlog-steensgaard-analysis-benchmark/benchmarks/postgresql-9.5.2/pg_receivexlog.bc>:PQexecParams:%10
</home/anonymous/eqlog-steensgaard-analysis-benchmark/benchmarks/postgresql-9.5.2/pg_receivexlog.bc>:PQprepare:32	</home/anonymous/eqlog-steensgaard-analysis-benchmark/benchmarks/postgresql-9.5.2/pg_receivexlog.bc>:PQprepare:%7
</home/anonymous/eqlog-steensgaard-analysis-benchmark/benchmarks/postgresql-9.5.2/pg_receivexlog.bc>:PQexecPrepared:38	</home/anonymous/eqlog-steensgaard-analysis-benchmark/benchmarks/postgresql-9.5.2/pg_receivexlog.bc>:PQexecPrepared:%9
</home/anonymous/eqlog-steensgaard-analysis-benchmark/benchmarks/postgresql-9.5.2/pg_receivexlog.bc>:PQdescribePrepared:23	</home/anonymous/eqlog-steensgaard-analysis-benchmark/benchmarks/postgresql-9.5.2/pg_receivexlog.bc>:PQdescribePrepared:%4
</home/anonymous/eqlog-steensgaard-analysis-benchmark/benchmarks/postgresql-9.5.2/pg_receivexlog.bc>:PQdescribePortal:23	</home/anonymous/eqlog-steensgaard-analysis-benchmark/benchmarks/postgresql-9.5.2/pg_receivexlog.bc>:PQdescribePortal:%4
</home/anonymous/eqlog-steensgaard-analysis-benchmark/benchmarks/postgresql-9.5.2/pg_receivexlog.bc>:PQsendDescribePrepared:7	</home/anonymous/eqlog-steensgaard-analysis-benchmark/benchmarks/postgresql-9.5.2/pg_receivexlog.bc>:PQsendDescribePrepared:%call
</home/anonymous/eqlog-steensgaard-analysis-benchmark/benchmarks/postgresql-9.5.2/pg_receivexlog.bc>:PQsendDescribePortal:7	</home/anonymous/eqlog-steensgaard-analysis-benchmark/benchmarks/postgresql-9.5.2/pg_receivexlog.bc>:PQsendDescribePortal:%call
</home/anonymous/eqlog-steensgaard-analysis-benchmark/benchmarks/postgresql-9.5.2/pg_receivexlog.bc>:PQnotifies:41	</home/anonymous/eqlog-steensgaard-analysis-benchmark/benchmarks/postgresql-9.5.2/pg_receivexlog.bc>:PQnotifies:%13
</home/anonymous/eqlog-steensgaard-analysis-benchmark/benchmarks/postgresql-9.5.2/pg_receivexlog.bc>:PQputCopyData:116	</home/anonymous/eqlog-steensgaard-analysis-benchmark/benchmarks/postgresql-9.5.2/pg_receivexlog.bc>:PQputCopyData:%32
</home/anonymous/eqlog-steensgaard-analysis-benchmark/benchmarks/postgresql-9.5.2/pg_receivexlog.bc>:PQputCopyEnd:127	</home/anonymous/eqlog-steensgaard-analysis-benchmark/benchmarks/postgresql-9.5.2/pg_receivexlog.bc>:PQputCopyEnd:%30
</home/anonymous/eqlog-steensgaard-analysis-benchmark/benchmarks/postgresql-9.5.2/pg_receivexlog.bc>:PQgetCopyData:48	</home/anonymous/eqlog-steensgaard-analysis-benchmark/benchmarks/postgresql-9.5.2/pg_receivexlog.bc>:PQgetCopyData:%15
</home/anonymous/eqlog-steensgaard-analysis-benchmark/benchmarks/postgresql-9.5.2/pg_receivexlog.bc>:PQgetline:46	</home/anonymous/eqlog-steensgaard-analysis-benchmark/benchmarks/postgresql-9.5.2/pg_receivexlog.bc>:PQgetline:%13
</home/anonymous/eqlog-steensgaard-analysis-benchmark/benchmarks/postgresql-9.5.2/pg_receivexlog.bc>:PQgetlineAsync:31	</home/anonymous/eqlog-steensgaard-analysis-benchmark/benchmarks/postgresql-9.5.2/pg_receivexlog.bc>:PQgetlineAsync:%9
</home/anonymous/eqlog-steensgaard-analysis-benchmark/benchmarks/postgresql-9.5.2/pg_receivexlog.bc>:PQputline:10	</home/anonymous/eqlog-steensgaard-analysis-benchmark/benchmarks/postgresql-9.5.2/pg_receivexlog.bc>:PQputline:%call1
</home/anonymous/eqlog-steensgaard-analysis-benchmark/benchmarks/postgresql-9.5.2/pg_receivexlog.bc>:PQputnbytes:18	</home/anonymous/eqlog-steensgaard-analysis-benchmark/benchmarks/postgresql-9.5.2/pg_receivexlog.bc>:PQputnbytes:%3
</home/anonymous/eqlog-steensgaard-analysis-benchmark/benchmarks/postgresql-9.5.2/pg_receivexlog.bc>:PQendcopy:23	</home/anonymous/eqlog-steensgaard-analysis-benchmark/benchmarks/postgresql-9.5.2/pg_receivexlog.bc>:PQendcopy:%5
</home/anonymous/eqlog-steensgaard-analysis-benchmark/benchmarks/postgresql-9.5.2/pg_receivexlog.bc>:PQfn:72	</home/anonymous/eqlog-steensgaard-analysis-benchmark/benchmarks/postgresql-9.5.2/pg_receivexlog.bc>:PQfn:%26
</home/anonymous/eqlog-steensgaard-analysis-benchmark/benchmarks/postgresql-9.5.2/pg_receivexlog.bc>:PQresultStatus:14	</home/anonymous/eqlog-steensgaard-analysis-benchmark/benchmarks/postgresql-9.5.2/pg_receivexlog.bc>:PQresultStatus:%3
</home/anonymous/eqlog-steensgaard-analysis-benchmark/benchmarks/postgresql-9.5.2/pg_receivexlog.bc>:PQresStatus:16	</home/anonymous/eqlog-steensgaard-analysis-benchmark/benchmarks/postgresql-9.5.2/pg_receivexlog.bc>:PQresStatus:%3
</home/anonymous/eqlog-steensgaard-analysis-benchmark/benchmarks/postgresql-9.5.2/pg_receivexlog.bc>:PQresultErrorField:40	</home/anonymous/eqlog-steensgaard-analysis-benchmark/benchmarks/postgresql-9.5.2/pg_receivexlog.bc>:PQresultErrorField:%10
</home/anonymous/eqlog-steensgaard-analysis-benchmark/benchmarks/postgresql-9.5.2/pg_receivexlog.bc>:PQntuples:14	</home/anonymous/eqlog-steensgaard-analysis-benchmark/benchmarks/postgresql-9.5.2/pg_receivexlog.bc>:PQntuples:%3
</home/anonymous/eqlog-steensgaard-analysis-benchmark/benchmarks/postgresql-9.5.2/pg_receivexlog.bc>:PQnfields:14	</home/anonymous/eqlog-steensgaard-analysis-benchmark/benchmarks/postgresql-9.5.2/pg_receivexlog.bc>:PQnfields:%3
</home/anonymous/eqlog-steensgaard-analysis-benchmark/benchmarks/postgresql-9.5.2/pg_receivexlog.bc>:PQbinaryTuples:14	</home/anonymous/eqlog-steensgaard-analysis-benchmark/benchmarks/postgresql-9.5.2/pg_receivexlog.bc>:PQbinaryTuples:%3
</home/anonymous/eqlog-steensgaard-analysis-benchmark/benchmarks/postgresql-9.5.2/pg_receivexlog.bc>:PQfname:30	</home/anonymous/eqlog-steensgaard-analysis-benchmark/benchmarks/postgresql-9.5.2/pg_receivexlog.bc>:PQfname:%8
</home/anonymous/eqlog-steensgaard-analysis-benchmark/benchmarks/postgresql-9.5.2/pg_receivexlog.bc>:PQfnumber:205	</home/anonymous/eqlog-steensgaard-analysis-benchmark/benchmarks/postgresql-9.5.2/pg_receivexlog.bc>:PQfnumber:%60
</home/anonymous/eqlog-steensgaard-analysis-benchmark/benchmarks/postgresql-9.5.2/pg_receivexlog.bc>:PQftable:30	</home/anonymous/eqlog-steensgaard-analysis-benchmark/benchmarks/postgresql-9.5.2/pg_receivexlog.bc>:PQftable:%8
</home/anonymous/eqlog-steensgaard-analysis-benchmark/benchmarks/postgresql-9.5.2/pg_receivexlog.bc>:PQftablecol:30	</home/anonymous/eqlog-steensgaard-analysis-benchmark/benchmarks/postgresql-9.5.2/pg_receivexlog.bc>:PQftablecol:%8
</home/anonymous/eqlog-steensgaard-analysis-benchmark/benchmarks/postgresql-9.5.2/pg_receivexlog.bc>:PQfformat:30	</home/anonymous/eqlog-steensgaard-analysis-benchmark/benchmarks/postgresql-9.5.2/pg_receivexlog.bc>:PQfformat:%8
</home/anonymous/eqlog-steensgaard-analysis-benchmark/benchmarks/postgresql-9.5.2/pg_receivexlog.bc>:PQftype:30	</home/anonymous/eqlog-steensgaard-analysis-benchmark/benchmarks/postgresql-9.5.2/pg_receivexlog.bc>:PQftype:%8
</home/anonymous/eqlog-steensgaard-analysis-benchmark/benchmarks/postgresql-9.5.2/pg_receivexlog.bc>:PQfsize:30	</home/anonymous/eqlog-steensgaard-analysis-benchmark/benchmarks/postgresql-9.5.2/pg_receivexlog.bc>:PQfsize:%8
</home/anonymous/eqlog-steensgaard-analysis-benchmark/benchmarks/postgresql-9.5.2/pg_receivexlog.bc>:PQfmod:30	</home/anonymous/eqlog-steensgaard-analysis-benchmark/benchmarks/postgresql-9.5.2/pg_receivexlog.bc>:PQfmod:%8
</home/anonymous/eqlog-steensgaard-analysis-benchmark/benchmarks/postgresql-9.5.2/pg_receivexlog.bc>:PQcmdStatus:14	</home/anonymous/eqlog-steensgaard-analysis-benchmark/benchmarks/postgresql-9.5.2/pg_receivexlog.bc>:PQcmdStatus:%2
</home/anonymous/eqlog-steensgaard-analysis-benchmark/benchmarks/postgresql-9.5.2/pg_receivexlog.bc>:PQoidStatus:38	</home/anonymous/eqlog-steensgaard-analysis-benchmark/benchmarks/postgresql-9.5.2/pg_receivexlog.bc>:PQoidStatus:%7
</home/anonymous/eqlog-steensgaard-analysis-benchmark/benchmarks/postgresql-9.5.2/pg_receivexlog.bc>:PQoidValue:57	</home/anonymous/eqlog-steensgaard-analysis-benchmark/benchmarks/postgresql-9.5.2/pg_receivexlog.bc>:PQoidValue:%13
</home/anonymous/eqlog-steensgaard-analysis-benchmark/benchmarks/postgresql-9.5.2/pg_receivexlog.bc>:PQcmdTuples:149	</home/anonymous/eqlog-steensgaard-analysis-benchmark/benchmarks/postgresql-9.5.2/pg_receivexlog.bc>:PQcmdTuples:%34
</home/anonymous/eqlog-steensgaard-analysis-benchmark/benchmarks/postgresql-9.5.2/pg_receivexlog.bc>:PQgetvalue:30	</home/anonymous/eqlog-steensgaard-analysis-benchmark/benchmarks/postgresql-9.5.2/pg_receivexlog.bc>:PQgetvalue:%9
</home/anonymous/eqlog-steensgaard-analysis-benchmark/benchmarks/postgresql-9.5.2/pg_receivexlog.bc>:PQgetlength:46	</home/anonymous/eqlog-steensgaard-analysis-benchmark/benchmarks/postgresql-9.5.2/pg_receivexlog.bc>:PQgetlength:%15
</home/anonymous/eqlog-steensgaard-analysis-benchmark/benchmarks/postgresql-9.5.2/pg_receivexlog.bc>:PQgetisnull:34	</home/anonymous/eqlog-steensgaard-analysis-benchmark/benchmarks/postgresql-9.5.2/pg_receivexlog.bc>:PQgetisnull:%9
</home/anonymous/eqlog-steensgaard-analysis-benchmark/benchmarks/postgresql-9.5.2/pg_receivexlog.bc>:PQnparams:14	</home/anonymous/eqlog-steensgaard-analysis-benchmark/benchmarks/postgresql-9.5.2/pg_receivexlog.bc>:PQnparams:%3
</home/anonymous/eqlog-steensgaard-analysis-benchmark/benchmarks/postgresql-9.5.2/pg_receivexlog.bc>:PQparamtype:30	</home/anonymous/eqlog-steensgaard-analysis-benchmark/benchmarks/postgresql-9.5.2/pg_receivexlog.bc>:PQparamtype:%8
</home/anonymous/eqlog-steensgaard-analysis-benchmark/benchmarks/postgresql-9.5.2/pg_receivexlog.bc>:PQsetnonblocking:44	</home/anonymous/eqlog-steensgaard-analysis-benchmark/benchmarks/postgresql-9.5.2/pg_receivexlog.bc>:PQsetnonblocking:%10
</home/anonymous/eqlog-steensgaard-analysis-benchmark/benchmarks/postgresql-9.5.2/pg_receivexlog.bc>:PQisnonblocking:6	</home/anonymous/eqlog-steensgaard-analysis-benchmark/benchmarks/postgresql-9.5.2/pg_receivexlog.bc>:PQisnonblocking:%conv
</home/anonymous/eqlog-steensgaard-analysis-benchmark/benchmarks/postgresql-9.5.2/pg_receivexlog.bc>:PQisthreadsafe:0	</home/anonymous/eqlog-steensgaard-analysis-benchmark/benchmarks/postgresql-9.5.2/pg_receivexlog.bc>:PQisthreadsafe:0:0:1
</home/anonymous/eqlog-steensgaard-analysis-benchmark/benchmarks/postgresql-9.5.2/pg_receivexlog.bc>:PQflush:4	</home/anonymous/eqlog-steensgaard-analysis-benchmark/benchmarks/postgresql-9.5.2/pg_receivexlog.bc>:PQflush:%call
</home/anonymous/eqlog-steensgaard-analysis-benchmark/benchmarks/postgresql-9.5.2/pg_receivexlog.bc>:PQescapeStringConn:39	</home/anonymous/eqlog-steensgaard-analysis-benchmark/benchmarks/postgresql-9.5.2/pg_receivexlog.bc>:PQescapeStringConn:%13
</home/anonymous/eqlog-steensgaard-analysis-benchmark/benchmarks/postgresql-9.5.2/pg_receivexlog.bc>:PQescapeString:12	</home/anonymous/eqlog-steensgaard-analysis-benchmark/benchmarks/postgresql-9.5.2/pg_receivexlog.bc>:PQescapeString:%call
</home/anonymous/eqlog-steensgaard-analysis-benchmark/benchmarks/postgresql-9.5.2/pg_receivexlog.bc>:PQescapeLiteral:10	</home/anonymous/eqlog-steensgaard-analysis-benchmark/benchmarks/postgresql-9.5.2/pg_receivexlog.bc>:PQescapeLiteral:%call
</home/anonymous/eqlog-steensgaard-analysis-benchmark/benchmarks/postgresql-9.5.2/pg_receivexlog.bc>:PQescapeIdentifier:10	</home/anonymous/eqlog-steensgaard-analysis-benchmark/benchmarks/postgresql-9.5.2/pg_receivexlog.bc>:PQescapeIdentifier:%call
</home/anonymous/eqlog-steensgaard-analysis-benchmark/benchmarks/postgresql-9.5.2/pg_receivexlog.bc>:PQescapeByteaConn:31	</home/anonymous/eqlog-steensgaard-analysis-benchmark/benchmarks/postgresql-9.5.2/pg_receivexlog.bc>:PQescapeByteaConn:%9
</home/anonymous/eqlog-steensgaard-analysis-benchmark/benchmarks/postgresql-9.5.2/pg_receivexlog.bc>:PQescapeBytea:11	</home/anonymous/eqlog-steensgaard-analysis-benchmark/benchmarks/postgresql-9.5.2/pg_receivexlog.bc>:PQescapeBytea:%call
</home/anonymous/eqlog-steensgaard-analysis-benchmark/benchmarks/postgresql-9.5.2/pg_receivexlog.bc>:PQunescapeBytea:280	</home/anonymous/eqlog-steensgaard-analysis-benchmark/benchmarks/postgresql-9.5.2/pg_receivexlog.bc>:PQunescapeBytea:%88
</home/anonymous/eqlog-steensgaard-analysis-benchmark/benchmarks/postgresql-9.5.2/pg_receivexlog.bc>:PQlibVersion:0	</home/anonymous/eqlog-steensgaard-analysis-benchmark/benchmarks/postgresql-9.5.2/pg_receivexlog.bc>:PQlibVersion:0:0:90502
</home/anonymous/eqlog-steensgaard-analysis-benchmark/benchmarks/postgresql-9.5.2/pg_receivexlog.bc>:PQmblen:7	</home/anonymous/eqlog-steensgaard-analysis-benchmark/benchmarks/postgresql-9.5.2/pg_receivexlog.bc>:PQmblen:%call
</home/anonymous/eqlog-steensgaard-analysis-benchmark/benchmarks/postgresql-9.5.2/pg_receivexlog.bc>:PQdsplen:7	</home/anonymous/eqlog-steensgaard-analysis-benchmark/benchmarks/postgresql-9.5.2/pg_receivexlog.bc>:PQdsplen:%call
</home/anonymous/eqlog-steensgaard-analysis-benchmark/benchmarks/postgresql-9.5.2/pg_receivexlog.bc>:PQenv2encoding:23	</home/anonymous/eqlog-steensgaard-analysis-benchmark/benchmarks/postgresql-9.5.2/pg_receivexlog.bc>:PQenv2encoding:%5
</home/anonymous/eqlog-steensgaard-analysis-benchmark/benchmarks/postgresql-9.5.2/pg_receivexlog.bc>:lo_open:71	</home/anonymous/eqlog-steensgaard-analysis-benchmark/benchmarks/postgresql-9.5.2/pg_receivexlog.bc>:lo_open:%14
</home/anonymous/eqlog-steensgaard-analysis-benchmark/benchmarks/postgresql-9.5.2/pg_receivexlog.bc>:lo_close:58	</home/anonymous/eqlog-steensgaard-analysis-benchmark/benchmarks/postgresql-9.5.2/pg_receivexlog.bc>:lo_close:%13
</home/anonymous/eqlog-steensgaard-analysis-benchmark/benchmarks/postgresql-9.5.2/pg_receivexlog.bc>:lo_truncate:92	</home/anonymous/eqlog-steensgaard-analysis-benchmark/benchmarks/postgresql-9.5.2/pg_receivexlog.bc>:lo_truncate:%20
</home/anonymous/eqlog-steensgaard-analysis-benchmark/benchmarks/postgresql-9.5.2/pg_receivexlog.bc>:lo_truncate64:86	</home/anonymous/eqlog-steensgaard-analysis-benchmark/benchmarks/postgresql-9.5.2/pg_receivexlog.bc>:lo_truncate64:%19
</home/anonymous/eqlog-steensgaard-analysis-benchmark/benchmarks/postgresql-9.5.2/pg_receivexlog.bc>:lo_read:83	</home/anonymous/eqlog-steensgaard-analysis-benchmark/benchmarks/postgresql-9.5.2/pg_receivexlog.bc>:lo_read:%18
</home/anonymous/eqlog-steensgaard-analysis-benchmark/benchmarks/postgresql-9.5.2/pg_receivexlog.bc>:lo_write:84	</home/anonymous/eqlog-steensgaard-analysis-benchmark/benchmarks/postgresql-9.5.2/pg_receivexlog.bc>:lo_write:%18
</home/anonymous/eqlog-steensgaard-analysis-benchmark/benchmarks/postgresql-9.5.2/pg_receivexlog.bc>:lo_lseek:84	</home/anonymous/eqlog-steensgaard-analysis-benchmark/benchmarks/postgresql-9.5.2/pg_receivexlog.bc>:lo_lseek:%15
</home/anonymous/eqlog-steensgaard-analysis-benchmark/benchmarks/postgresql-9.5.2/pg_receivexlog.bc>:lo_lseek64:105	</home/anonymous/eqlog-steensgaard-analysis-benchmark/benchmarks/postgresql-9.5.2/pg_receivexlog.bc>:lo_lseek64:%23
</home/anonymous/eqlog-steensgaard-analysis-benchmark/benchmarks/postgresql-9.5.2/pg_receivexlog.bc>:lo_creat:58	</home/anonymous/eqlog-steensgaard-analysis-benchmark/benchmarks/postgresql-9.5.2/pg_receivexlog.bc>:lo_creat:%13
</home/anonymous/eqlog-steensgaard-analysis-benchmark/benchmarks/postgresql-9.5.2/pg_receivexlog.bc>:lo_create:70	</home/anonymous/eqlog-steensgaard-analysis-benchmark/benchmarks/postgresql-9.5.2/pg_receivexlog.bc>:lo_create:%17
</home/anonymous/eqlog-steensgaard-analysis-benchmark/benchmarks/postgresql-9.5.2/pg_receivexlog.bc>:lo_tell:58	</home/anonymous/eqlog-steensgaard-analysis-benchmark/benchmarks/postgresql-9.5.2/pg_receivexlog.bc>:lo_tell:%13
</home/anonymous/eqlog-steensgaard-analysis-benchmark/benchmarks/postgresql-9.5.2/pg_receivexlog.bc>:lo_tell64:76	</home/anonymous/eqlog-steensgaard-analysis-benchmark/benchmarks/postgresql-9.5.2/pg_receivexlog.bc>:lo_tell64:%20
</home/anonymous/eqlog-steensgaard-analysis-benchmark/benchmarks/postgresql-9.5.2/pg_receivexlog.bc>:lo_unlink:58	</home/anonymous/eqlog-steensgaard-analysis-benchmark/benchmarks/postgresql-9.5.2/pg_receivexlog.bc>:lo_unlink:%13
</home/anonymous/eqlog-steensgaard-analysis-benchmark/benchmarks/postgresql-9.5.2/pg_receivexlog.bc>:lo_import:7	</home/anonymous/eqlog-steensgaard-analysis-benchmark/benchmarks/postgresql-9.5.2/pg_receivexlog.bc>:lo_import:%call
</home/anonymous/eqlog-steensgaard-analysis-benchmark/benchmarks/postgresql-9.5.2/pg_receivexlog.bc>:lo_import_with_oid:10	</home/anonymous/eqlog-steensgaard-analysis-benchmark/benchmarks/postgresql-9.5.2/pg_receivexlog.bc>:lo_import_with_oid:%call
</home/anonymous/eqlog-steensgaard-analysis-benchmark/benchmarks/postgresql-9.5.2/pg_receivexlog.bc>:lo_export:115	</home/anonymous/eqlog-steensgaard-analysis-benchmark/benchmarks/postgresql-9.5.2/pg_receivexlog.bc>:lo_export:%33
</home/anonymous/eqlog-steensgaard-analysis-benchmark/benchmarks/postgresql-9.5.2/pg_receivexlog.bc>:createPQExpBuffer:11	</home/anonymous/eqlog-steensgaard-analysis-benchmark/benchmarks/postgresql-9.5.2/pg_receivexlog.bc>:createPQExpBuffer:%3
</home/anonymous/eqlog-steensgaard-analysis-benchmark/benchmarks/postgresql-9.5.2/pg_receivexlog.bc>:enlargePQExpBuffer:94	</home/anonymous/eqlog-steensgaard-analysis-benchmark/benchmarks/postgresql-9.5.2/pg_receivexlog.bc>:enlargePQExpBuffer:%30
</home/anonymous/eqlog-steensgaard-analysis-benchmark/benchmarks/postgresql-9.5.2/pg_receivexlog.bc>:PQsslInUse:2	</home/anonymous/eqlog-steensgaard-analysis-benchmark/benchmarks/postgresql-9.5.2/pg_receivexlog.bc>:PQsslInUse:2:0:0
</home/anonymous/eqlog-steensgaard-analysis-benchmark/benchmarks/postgresql-9.5.2/pg_receivexlog.bc>:PQgetssl:2	</home/anonymous/eqlog-steensgaard-analysis-benchmark/benchmarks/postgresql-9.5.2/pg_receivexlog.bc>:PQgetssl:2:0:null
</home/anonymous/eqlog-steensgaard-analysis-benchmark/benchmarks/postgresql-9.5.2/pg_receivexlog.bc>:PQsslStruct:4	</home/anonymous/eqlog-steensgaard-analysis-benchmark/benchmarks/postgresql-9.5.2/pg_receivexlog.bc>:PQsslStruct:4:0:null
</home/anonymous/eqlog-steensgaard-analysis-benchmark/benchmarks/postgresql-9.5.2/pg_receivexlog.bc>:PQsslAttribute:4	</home/anonymous/eqlog-steensgaard-analysis-benchmark/benchmarks/postgresql-9.5.2/pg_receivexlog.bc>:PQsslAttribute:4:0:null
</home/anonymous/eqlog-steensgaard-analysis-benchmark/benchmarks/postgresql-9.5.2/pg_receivexlog.bc>:PQsslAttributeNames:2	</home/anonymous/eqlog-steensgaard-analysis-benchmark/benchmarks/postgresql-9.5.2/pg_receivexlog.bc>:PQsslAttributeNames:2:0:getelementptr inbounds ([1 x i8*], [1 x i8*]* @PQsslAttributeNames.result, i32 0, i32 0)
</home/anonymous/eqlog-steensgaard-analysis-benchmark/benchmarks/postgresql-9.5.2/pg_receivexlog.bc>:PQregisterEventProc:215	</home/anonymous/eqlog-steensgaard-analysis-benchmark/benchmarks/postgresql-9.5.2/pg_receivexlog.bc>:PQregisterEventProc:%77
</home/anonymous/eqlog-steensgaard-analysis-benchmark/benchmarks/postgresql-9.5.2/pg_receivexlog.bc>:PQsetInstanceData:54	</home/anonymous/eqlog-steensgaard-analysis-benchmark/benchmarks/postgresql-9.5.2/pg_receivexlog.bc>:PQsetInstanceData:%15
</home/anonymous/eqlog-steensgaard-analysis-benchmark/benchmarks/postgresql-9.5.2/pg_receivexlog.bc>:PQinstanceData:51	</home/anonymous/eqlog-steensgaard-analysis-benchmark/benchmarks/postgresql-9.5.2/pg_receivexlog.bc>:PQinstanceData:%15
</home/anonymous/eqlog-steensgaard-analysis-benchmark/benchmarks/postgresql-9.5.2/pg_receivexlog.bc>:PQresultSetInstanceData:54	</home/anonymous/eqlog-steensgaard-analysis-benchmark/benchmarks/postgresql-9.5.2/pg_receivexlog.bc>:PQresultSetInstanceData:%15
</home/anonymous/eqlog-steensgaard-analysis-benchmark/benchmarks/postgresql-9.5.2/pg_receivexlog.bc>:PQresultInstanceData:51	</home/anonymous/eqlog-steensgaard-analysis-benchmark/benchmarks/postgresql-9.5.2/pg_receivexlog.bc>:PQresultInstanceData:%15
</home/anonymous/eqlog-steensgaard-analysis-benchmark/benchmarks/postgresql-9.5.2/pg_receivexlog.bc>:PQfireResultCreateEvents:75	</home/anonymous/eqlog-steensgaard-analysis-benchmark/benchmarks/postgresql-9.5.2/pg_receivexlog.bc>:PQfireResultCreateEvents:%23
</home/anonymous/eqlog-steensgaard-analysis-benchmark/benchmarks/postgresql-9.5.2/pg_receivexlog.bc>:pqsignal:35	</home/anonymous/eqlog-steensgaard-analysis-benchmark/benchmarks/postgresql-9.5.2/pg_receivexlog.bc>:pqsignal:%5
</home/anonymous/eqlog-steensgaard-analysis-benchmark/benchmarks/postgresql-9.5.2/pg_receivexlog.bc>:pg_char_to_encoding:100	</home/anonymous/eqlog-steensgaard-analysis-benchmark/benchmarks/postgresql-9.5.2/pg_receivexlog.bc>:pg_char_to_encoding:%28
</home/anonymous/eqlog-steensgaard-analysis-benchmark/benchmarks/postgresql-9.5.2/pg_receivexlog.bc>:pg_valid_server_encoding:23	</home/anonymous/eqlog-steensgaard-analysis-benchmark/benchmarks/postgresql-9.5.2/pg_receivexlog.bc>:pg_valid_server_encoding:%4
</home/anonymous/eqlog-steensgaard-analysis-benchmark/benchmarks/postgresql-9.5.2/pg_receivexlog.bc>:pg_valid_server_encoding_id:10	</home/anonymous/eqlog-steensgaard-analysis-benchmark/benchmarks/postgresql-9.5.2/pg_receivexlog.bc>:pg_valid_server_encoding_id:%land.ext
</home/anonymous/eqlog-steensgaard-analysis-benchmark/benchmarks/postgresql-9.5.2/pg_receivexlog.bc>:pg_encoding_to_char:22	</home/anonymous/eqlog-steensgaard-analysis-benchmark/benchmarks/postgresql-9.5.2/pg_receivexlog.bc>:pg_encoding_to_char:%5
</home/anonymous/eqlog-steensgaard-analysis-benchmark/benchmarks/postgresql-9.5.2/pg_receivexlog.bc>:pg_utf_mblen:41	</home/anonymous/eqlog-steensgaard-analysis-benchmark/benchmarks/postgresql-9.5.2/pg_receivexlog.bc>:pg_utf_mblen:%8
</home/anonymous/eqlog-steensgaard-analysis-benchmark/benchmarks/postgresql-9.5.2/pg_receivexlog.bc>:pg_md5_encrypt:52	</home/anonymous/eqlog-steensgaard-analysis-benchmark/benchmarks/postgresql-9.5.2/pg_receivexlog.bc>:pg_md5_encrypt:%18
</home/anonymous/eqlog-steensgaard-analysis-benchmark/benchmarks/postgresql-9.5.2/pg_receivexlog.bc>:connectDBComplete:83	</home/anonymous/eqlog-steensgaard-analysis-benchmark/benchmarks/postgresql-9.5.2/pg_receivexlog.bc>:connectDBComplete:%20
</home/anonymous/eqlog-steensgaard-analysis-benchmark/benchmarks/postgresql-9.5.2/pg_receivexlog.bc>:makeEmptyPGconn:195	</home/anonymous/eqlog-steensgaard-analysis-benchmark/benchmarks/postgresql-9.5.2/pg_receivexlog.bc>:makeEmptyPGconn:%67
</home/anonymous/eqlog-steensgaard-analysis-benchmark/benchmarks/postgresql-9.5.2/pg_receivexlog.bc>:conninfo_array_parse:302	</home/anonymous/eqlog-steensgaard-analysis-benchmark/benchmarks/postgresql-9.5.2/pg_receivexlog.bc>:conninfo_array_parse:%98
</home/anonymous/eqlog-steensgaard-analysis-benchmark/benchmarks/postgresql-9.5.2/pg_receivexlog.bc>:fillPGconn:68	</home/anonymous/eqlog-steensgaard-analysis-benchmark/benchmarks/postgresql-9.5.2/pg_receivexlog.bc>:fillPGconn:%23
</home/anonymous/eqlog-steensgaard-analysis-benchmark/benchmarks/postgresql-9.5.2/pg_receivexlog.bc>:connectOptions2:298	</home/anonymous/eqlog-steensgaard-analysis-benchmark/benchmarks/postgresql-9.5.2/pg_receivexlog.bc>:connectOptions2:%105
</home/anonymous/eqlog-steensgaard-analysis-benchmark/benchmarks/postgresql-9.5.2/pg_receivexlog.bc>:connectDBStart:285	</home/anonymous/eqlog-steensgaard-analysis-benchmark/benchmarks/postgresql-9.5.2/pg_receivexlog.bc>:connectDBStart:%89
</home/anonymous/eqlog-steensgaard-analysis-benchmark/benchmarks/postgresql-9.5.2/pg_receivexlog.bc>:internal_ping:54	</home/anonymous/eqlog-steensgaard-analysis-benchmark/benchmarks/postgresql-9.5.2/pg_receivexlog.bc>:internal_ping:%12
</home/anonymous/eqlog-steensgaard-analysis-benchmark/benchmarks/postgresql-9.5.2/pg_receivexlog.bc>:connectOptions1:36	</home/anonymous/eqlog-steensgaard-analysis-benchmark/benchmarks/postgresql-9.5.2/pg_receivexlog.bc>:connectOptions1:%9
</home/anonymous/eqlog-steensgaard-analysis-benchmark/benchmarks/postgresql-9.5.2/pg_receivexlog.bc>:conninfo_init:95	</home/anonymous/eqlog-steensgaard-analysis-benchmark/benchmarks/postgresql-9.5.2/pg_receivexlog.bc>:conninfo_init:%33
</home/anonymous/eqlog-steensgaard-analysis-benchmark/benchmarks/postgresql-9.5.2/pg_receivexlog.bc>:conninfo_add_defaults:108	</home/anonymous/eqlog-steensgaard-analysis-benchmark/benchmarks/postgresql-9.5.2/pg_receivexlog.bc>:conninfo_add_defaults:%31
</home/anonymous/eqlog-steensgaard-analysis-benchmark/benchmarks/postgresql-9.5.2/pg_receivexlog.bc>:recognized_connection_string:13	</home/anonymous/eqlog-steensgaard-analysis-benchmark/benchmarks/postgresql-9.5.2/pg_receivexlog.bc>:recognized_connection_string:%conv
</home/anonymous/eqlog-steensgaard-analysis-benchmark/benchmarks/postgresql-9.5.2/pg_receivexlog.bc>:pqReadData:259	</home/anonymous/eqlog-steensgaard-analysis-benchmark/benchmarks/postgresql-9.5.2/pg_receivexlog.bc>:pqReadData:%88
</home/anonymous/eqlog-steensgaard-analysis-benchmark/benchmarks/postgresql-9.5.2/pg_receivexlog.bc>:pqStrerror:10	</home/anonymous/eqlog-steensgaard-analysis-benchmark/benchmarks/postgresql-9.5.2/pg_receivexlog.bc>:pqStrerror:%call
</home/anonymous/eqlog-steensgaard-analysis-benchmark/benchmarks/postgresql-9.5.2/pg_receivexlog.bc>:connectNoDelay:25	</home/anonymous/eqlog-steensgaard-analysis-benchmark/benchmarks/postgresql-9.5.2/pg_receivexlog.bc>:connectNoDelay:%5
</home/anonymous/eqlog-steensgaard-analysis-benchmark/benchmarks/postgresql-9.5.2/pg_receivexlog.bc>:pg_set_noblock:7	</home/anonymous/eqlog-steensgaard-analysis-benchmark/benchmarks/postgresql-9.5.2/pg_receivexlog.bc>:pg_set_noblock:%conv1
</home/anonymous/eqlog-steensgaard-analysis-benchmark/benchmarks/postgresql-9.5.2/pg_receivexlog.bc>:useKeepalives:30	</home/anonymous/eqlog-steensgaard-analysis-benchmark/benchmarks/postgresql-9.5.2/pg_receivexlog.bc>:useKeepalives:%7
</home/anonymous/eqlog-steensgaard-analysis-benchmark/benchmarks/postgresql-9.5.2/pg_receivexlog.bc>:setKeepalivesIdle:41	</home/anonymous/eqlog-steensgaard-analysis-benchmark/benchmarks/postgresql-9.5.2/pg_receivexlog.bc>:setKeepalivesIdle:%10
</home/anonymous/eqlog-steensgaard-analysis-benchmark/benchmarks/postgresql-9.5.2/pg_receivexlog.bc>:setKeepalivesInterval:41	</home/anonymous/eqlog-steensgaard-analysis-benchmark/benchmarks/postgresql-9.5.2/pg_receivexlog.bc>:setKeepalivesInterval:%10
</home/anonymous/eqlog-steensgaard-analysis-benchmark/benchmarks/postgresql-9.5.2/pg_receivexlog.bc>:setKeepalivesCount:41	</home/anonymous/eqlog-steensgaard-analysis-benchmark/benchmarks/postgresql-9.5.2/pg_receivexlog.bc>:setKeepalivesCount:%10
</home/anonymous/eqlog-steensgaard-analysis-benchmark/benchmarks/postgresql-9.5.2/pg_receivexlog.bc>:getpeereid:32	</home/anonymous/eqlog-steensgaard-analysis-benchmark/benchmarks/postgresql-9.5.2/pg_receivexlog.bc>:getpeereid:%7
</home/anonymous/eqlog-steensgaard-analysis-benchmark/benchmarks/postgresql-9.5.2/pg_receivexlog.bc>:pqGetpwuid:16	</home/anonymous/eqlog-steensgaard-analysis-benchmark/benchmarks/postgresql-9.5.2/pg_receivexlog.bc>:pqGetpwuid:%call
</home/anonymous/eqlog-steensgaard-analysis-benchmark/benchmarks/postgresql-9.5.2/pg_receivexlog.bc>:pqBuildStartupPacket3:33	</home/anonymous/eqlog-steensgaard-analysis-benchmark/benchmarks/postgresql-9.5.2/pg_receivexlog.bc>:pqBuildStartupPacket3:%11
</home/anonymous/eqlog-steensgaard-analysis-benchmark/benchmarks/postgresql-9.5.2/pg_receivexlog.bc>:pqBuildStartupPacket2:117	</home/anonymous/eqlog-steensgaard-analysis-benchmark/benchmarks/postgresql-9.5.2/pg_receivexlog.bc>:pqBuildStartupPacket2:%42
</home/anonymous/eqlog-steensgaard-analysis-benchmark/benchmarks/postgresql-9.5.2/pg_receivexlog.bc>:pqPacketSend:39	</home/anonymous/eqlog-steensgaard-analysis-benchmark/benchmarks/postgresql-9.5.2/pg_receivexlog.bc>:pqPacketSend:%7
</home/anonymous/eqlog-steensgaard-analysis-benchmark/benchmarks/postgresql-9.5.2/pg_receivexlog.bc>:pqGetc:44	</home/anonymous/eqlog-steensgaard-analysis-benchmark/benchmarks/postgresql-9.5.2/pg_receivexlog.bc>:pqGetc:%16
</home/anonymous/eqlog-steensgaard-analysis-benchmark/benchmarks/postgresql-9.5.2/pg_receivexlog.bc>:pqGetInt:96	</home/anonymous/eqlog-steensgaard-analysis-benchmark/benchmarks/postgresql-9.5.2/pg_receivexlog.bc>:pqGetInt:%36
</home/anonymous/eqlog-steensgaard-analysis-benchmark/benchmarks/postgresql-9.5.2/pg_receivexlog.bc>:pqGets_append:7	</home/anonymous/eqlog-steensgaard-analysis-benchmark/benchmarks/postgresql-9.5.2/pg_receivexlog.bc>:pqGets_append:%call
</home/anonymous/eqlog-steensgaard-analysis-benchmark/benchmarks/postgresql-9.5.2/pg_receivexlog.bc>:pqCheckInBufferSpace:194	</home/anonymous/eqlog-steensgaard-analysis-benchmark/benchmarks/postgresql-9.5.2/pg_receivexlog.bc>:pqCheckInBufferSpace:%72
</home/anonymous/eqlog-steensgaard-analysis-benchmark/benchmarks/postgresql-9.5.2/pg_receivexlog.bc>:pqGetErrorNotice3:374	</home/anonymous/eqlog-steensgaard-analysis-benchmark/benchmarks/postgresql-9.5.2/pg_receivexlog.bc>:pqGetErrorNotice3:%117
</home/anonymous/eqlog-steensgaard-analysis-benchmark/benchmarks/postgresql-9.5.2/pg_receivexlog.bc>:pqGetnchar:63	</home/anonymous/eqlog-steensgaard-analysis-benchmark/benchmarks/postgresql-9.5.2/pg_receivexlog.bc>:pqGetnchar:%25
</home/anonymous/eqlog-steensgaard-analysis-benchmark/benchmarks/postgresql-9.5.2/pg_receivexlog.bc>:pg_fe_sendauth:84	</home/anonymous/eqlog-steensgaard-analysis-benchmark/benchmarks/postgresql-9.5.2/pg_receivexlog.bc>:pg_fe_sendauth:%21
</home/anonymous/eqlog-steensgaard-analysis-benchmark/benchmarks/postgresql-9.5.2/pg_receivexlog.bc>:pqFlush:28	</home/anonymous/eqlog-steensgaard-analysis-benchmark/benchmarks/postgresql-9.5.2/pg_receivexlog.bc>:pqFlush:%9
</home/anonymous/eqlog-steensgaard-analysis-benchmark/benchmarks/postgresql-9.5.2/pg_receivexlog.bc>:pqSetenvPoll:389	</home/anonymous/eqlog-steensgaard-analysis-benchmark/benchmarks/postgresql-9.5.2/pg_receivexlog.bc>:pqSetenvPoll:%109
</home/anonymous/eqlog-steensgaard-analysis-benchmark/benchmarks/postgresql-9.5.2/pg_receivexlog.bc>:strlcpy:62	</home/anonymous/eqlog-steensgaard-analysis-benchmark/benchmarks/postgresql-9.5.2/pg_receivexlog.bc>:strlcpy:%sub
</home/anonymous/eqlog-steensgaard-analysis-benchmark/benchmarks/postgresql-9.5.2/pg_receivexlog.bc>:internal_cancel:146	</home/anonymous/eqlog-steensgaard-analysis-benchmark/benchmarks/postgresql-9.5.2/pg_receivexlog.bc>:internal_cancel:%36
</home/anonymous/eqlog-steensgaard-analysis-benchmark/benchmarks/postgresql-9.5.2/pg_receivexlog.bc>:parse_connection_string:24	</home/anonymous/eqlog-steensgaard-analysis-benchmark/benchmarks/postgresql-9.5.2/pg_receivexlog.bc>:parse_connection_string:%7
</home/anonymous/eqlog-steensgaard-analysis-benchmark/benchmarks/postgresql-9.5.2/pg_receivexlog.bc>:conninfo_storeval:89	</home/anonymous/eqlog-steensgaard-analysis-benchmark/benchmarks/postgresql-9.5.2/pg_receivexlog.bc>:conninfo_storeval:%23
</home/anonymous/eqlog-steensgaard-analysis-benchmark/benchmarks/postgresql-9.5.2/pg_receivexlog.bc>:pg_get_encoding_from_locale:140	</home/anonymous/eqlog-steensgaard-analysis-benchmark/benchmarks/postgresql-9.5.2/pg_receivexlog.bc>:pg_get_encoding_from_locale:%34
</home/anonymous/eqlog-steensgaard-analysis-benchmark/benchmarks/postgresql-9.5.2/pg_receivexlog.bc>:dupEvents:117	</home/anonymous/eqlog-steensgaard-analysis-benchmark/benchmarks/postgresql-9.5.2/pg_receivexlog.bc>:dupEvents:%37
</home/anonymous/eqlog-steensgaard-analysis-benchmark/benchmarks/postgresql-9.5.2/pg_receivexlog.bc>:pqResultStrdup:19	</home/anonymous/eqlog-steensgaard-analysis-benchmark/benchmarks/postgresql-9.5.2/pg_receivexlog.bc>:pqResultStrdup:%5
</home/anonymous/eqlog-steensgaard-analysis-benchmark/benchmarks/postgresql-9.5.2/pg_receivexlog.bc>:pqResultAlloc:203	</home/anonymous/eqlog-steensgaard-analysis-benchmark/benchmarks/postgresql-9.5.2/pg_receivexlog.bc>:pqResultAlloc:%68
</home/anonymous/eqlog-steensgaard-analysis-benchmark/benchmarks/postgresql-9.5.2/pg_receivexlog.bc>:check_field_number:32	</home/anonymous/eqlog-steensgaard-analysis-benchmark/benchmarks/postgresql-9.5.2/pg_receivexlog.bc>:check_field_number:%9
</home/anonymous/eqlog-steensgaard-analysis-benchmark/benchmarks/postgresql-9.5.2/pg_receivexlog.bc>:pqAddTuple:83	</home/anonymous/eqlog-steensgaard-analysis-benchmark/benchmarks/postgresql-9.5.2/pg_receivexlog.bc>:pqAddTuple:%29
</home/anonymous/eqlog-steensgaard-analysis-benchmark/benchmarks/postgresql-9.5.2/pg_receivexlog.bc>:PQsendQueryStart:43	</home/anonymous/eqlog-steensgaard-analysis-benchmark/benchmarks/postgresql-9.5.2/pg_receivexlog.bc>:PQsendQueryStart:%11
</home/anonymous/eqlog-steensgaard-analysis-benchmark/benchmarks/postgresql-9.5.2/pg_receivexlog.bc>:pqPutMsgStart:93	</home/anonymous/eqlog-steensgaard-analysis-benchmark/benchmarks/postgresql-9.5.2/pg_receivexlog.bc>:pqPutMsgStart:%28
</home/anonymous/eqlog-steensgaard-analysis-benchmark/benchmarks/postgresql-9.5.2/pg_receivexlog.bc>:pqPuts:29	</home/anonymous/eqlog-steensgaard-analysis-benchmark/benchmarks/postgresql-9.5.2/pg_receivexlog.bc>:pqPuts:%8
</home/anonymous/eqlog-steensgaard-analysis-benchmark/benchmarks/postgresql-9.5.2/pg_receivexlog.bc>:pqPutMsgEnd:80	</home/anonymous/eqlog-steensgaard-analysis-benchmark/benchmarks/postgresql-9.5.2/pg_receivexlog.bc>:pqPutMsgEnd:%31
</home/anonymous/eqlog-steensgaard-analysis-benchmark/benchmarks/postgresql-9.5.2/pg_receivexlog.bc>:PQsendQueryGuts:334	</home/anonymous/eqlog-steensgaard-analysis-benchmark/benchmarks/postgresql-9.5.2/pg_receivexlog.bc>:PQsendQueryGuts:%93
</home/anonymous/eqlog-steensgaard-analysis-benchmark/benchmarks/postgresql-9.5.2/pg_receivexlog.bc>:pqPutInt:55	</home/anonymous/eqlog-steensgaard-analysis-benchmark/benchmarks/postgresql-9.5.2/pg_receivexlog.bc>:pqPutInt:%15
</home/anonymous/eqlog-steensgaard-analysis-benchmark/benchmarks/postgresql-9.5.2/pg_receivexlog.bc>:pqWait:10	</home/anonymous/eqlog-steensgaard-analysis-benchmark/benchmarks/postgresql-9.5.2/pg_receivexlog.bc>:pqWait:%call
</home/anonymous/eqlog-steensgaard-analysis-benchmark/benchmarks/postgresql-9.5.2/pg_receivexlog.bc>:pqPrepareAsyncResult:33	</home/anonymous/eqlog-steensgaard-analysis-benchmark/benchmarks/postgresql-9.5.2/pg_receivexlog.bc>:pqPrepareAsyncResult:%11
</home/anonymous/eqlog-steensgaard-analysis-benchmark/benchmarks/postgresql-9.5.2/pg_receivexlog.bc>:getCopyResult:42	</home/anonymous/eqlog-steensgaard-analysis-benchmark/benchmarks/postgresql-9.5.2/pg_receivexlog.bc>:getCopyResult:%14
</home/anonymous/eqlog-steensgaard-analysis-benchmark/benchmarks/postgresql-9.5.2/pg_receivexlog.bc>:PQexecStart:84	</home/anonymous/eqlog-steensgaard-analysis-benchmark/benchmarks/postgresql-9.5.2/pg_receivexlog.bc>:PQexecStart:%19
</home/anonymous/eqlog-steensgaard-analysis-benchmark/benchmarks/postgresql-9.5.2/pg_receivexlog.bc>:PQexecFinish:72	</home/anonymous/eqlog-steensgaard-analysis-benchmark/benchmarks/postgresql-9.5.2/pg_receivexlog.bc>:PQexecFinish:%25
</home/anonymous/eqlog-steensgaard-analysis-benchmark/benchmarks/postgresql-9.5.2/pg_receivexlog.bc>:PQsendDescribe:88	</home/anonymous/eqlog-steensgaard-analysis-benchmark/benchmarks/postgresql-9.5.2/pg_receivexlog.bc>:PQsendDescribe:%22
</home/anonymous/eqlog-steensgaard-analysis-benchmark/benchmarks/postgresql-9.5.2/pg_receivexlog.bc>:pqCheckOutBufferSpace:116	</home/anonymous/eqlog-steensgaard-analysis-benchmark/benchmarks/postgresql-9.5.2/pg_receivexlog.bc>:pqCheckOutBufferSpace:%39
</home/anonymous/eqlog-steensgaard-analysis-benchmark/benchmarks/postgresql-9.5.2/pg_receivexlog.bc>:pqPutnchar:38	</home/anonymous/eqlog-steensgaard-analysis-benchmark/benchmarks/postgresql-9.5.2/pg_receivexlog.bc>:pqPutnchar:%13
</home/anonymous/eqlog-steensgaard-analysis-benchmark/benchmarks/postgresql-9.5.2/pg_receivexlog.bc>:pqGetCopyData3:96	</home/anonymous/eqlog-steensgaard-analysis-benchmark/benchmarks/postgresql-9.5.2/pg_receivexlog.bc>:pqGetCopyData3:%32
</home/anonymous/eqlog-steensgaard-analysis-benchmark/benchmarks/postgresql-9.5.2/pg_receivexlog.bc>:pqGetCopyData2:143	</home/anonymous/eqlog-steensgaard-analysis-benchmark/benchmarks/postgresql-9.5.2/pg_receivexlog.bc>:pqGetCopyData2:%49
</home/anonymous/eqlog-steensgaard-analysis-benchmark/benchmarks/postgresql-9.5.2/pg_receivexlog.bc>:pqGetline3:90	</home/anonymous/eqlog-steensgaard-analysis-benchmark/benchmarks/postgresql-9.5.2/pg_receivexlog.bc>:pqGetline3:%25
</home/anonymous/eqlog-steensgaard-analysis-benchmark/benchmarks/postgresql-9.5.2/pg_receivexlog.bc>:pqGetline2:81	</home/anonymous/eqlog-steensgaard-analysis-benchmark/benchmarks/postgresql-9.5.2/pg_receivexlog.bc>:pqGetline2:%23
</home/anonymous/eqlog-steensgaard-analysis-benchmark/benchmarks/postgresql-9.5.2/pg_receivexlog.bc>:pqGetlineAsync3:101	</home/anonymous/eqlog-steensgaard-analysis-benchmark/benchmarks/postgresql-9.5.2/pg_receivexlog.bc>:pqGetlineAsync3:%38
</home/anonymous/eqlog-steensgaard-analysis-benchmark/benchmarks/postgresql-9.5.2/pg_receivexlog.bc>:pqGetlineAsync2:113	</home/anonymous/eqlog-steensgaard-analysis-benchmark/benchmarks/postgresql-9.5.2/pg_receivexlog.bc>:pqGetlineAsync2:%38
</home/anonymous/eqlog-steensgaard-analysis-benchmark/benchmarks/postgresql-9.5.2/pg_receivexlog.bc>:pqEndcopy3:166	</home/anonymous/eqlog-steensgaard-analysis-benchmark/benchmarks/postgresql-9.5.2/pg_receivexlog.bc>:pqEndcopy3:%51
</home/anonymous/eqlog-steensgaard-analysis-benchmark/benchmarks/postgresql-9.5.2/pg_receivexlog.bc>:pqEndcopy2:138	</home/anonymous/eqlog-steensgaard-analysis-benchmark/benchmarks/postgresql-9.5.2/pg_receivexlog.bc>:pqEndcopy2:%44
</home/anonymous/eqlog-steensgaard-analysis-benchmark/benchmarks/postgresql-9.5.2/pg_receivexlog.bc>:pqFunctionCall3:390	</home/anonymous/eqlog-steensgaard-analysis-benchmark/benchmarks/postgresql-9.5.2/pg_receivexlog.bc>:pqFunctionCall3:%121
</home/anonymous/eqlog-steensgaard-analysis-benchmark/benchmarks/postgresql-9.5.2/pg_receivexlog.bc>:pqFunctionCall2:294	</home/anonymous/eqlog-steensgaard-analysis-benchmark/benchmarks/postgresql-9.5.2/pg_receivexlog.bc>:pqFunctionCall2:%87
</home/anonymous/eqlog-steensgaard-analysis-benchmark/benchmarks/postgresql-9.5.2/pg_receivexlog.bc>:pg_tolower:40	</home/anonymous/eqlog-steensgaard-analysis-benchmark/benchmarks/postgresql-9.5.2/pg_receivexlog.bc>:pg_tolower:%8
</home/anonymous/eqlog-steensgaard-analysis-benchmark/benchmarks/postgresql-9.5.2/pg_receivexlog.bc>:check_tuple_field_number:53	</home/anonymous/eqlog-steensgaard-analysis-benchmark/benchmarks/postgresql-9.5.2/pg_receivexlog.bc>:check_tuple_field_number:%17
</home/anonymous/eqlog-steensgaard-analysis-benchmark/benchmarks/postgresql-9.5.2/pg_receivexlog.bc>:check_param_number:32	</home/anonymous/eqlog-steensgaard-analysis-benchmark/benchmarks/postgresql-9.5.2/pg_receivexlog.bc>:check_param_number:%9
</home/anonymous/eqlog-steensgaard-analysis-benchmark/benchmarks/postgresql-9.5.2/pg_receivexlog.bc>:PQescapeStringInternal:165	</home/anonymous/eqlog-steensgaard-analysis-benchmark/benchmarks/postgresql-9.5.2/pg_receivexlog.bc>:PQescapeStringInternal:%sub.ptr.sub55
</home/anonymous/eqlog-steensgaard-analysis-benchmark/benchmarks/postgresql-9.5.2/pg_receivexlog.bc>:PQescapeInternal:291	</home/anonymous/eqlog-steensgaard-analysis-benchmark/benchmarks/postgresql-9.5.2/pg_receivexlog.bc>:PQescapeInternal:%90
</home/anonymous/eqlog-steensgaard-analysis-benchmark/benchmarks/postgresql-9.5.2/pg_receivexlog.bc>:PQescapeByteaInternal:284	</home/anonymous/eqlog-steensgaard-analysis-benchmark/benchmarks/postgresql-9.5.2/pg_receivexlog.bc>:PQescapeByteaInternal:%74
</home/anonymous/eqlog-steensgaard-analysis-benchmark/benchmarks/postgresql-9.5.2/pg_receivexlog.bc>:get_hex:21	</home/anonymous/eqlog-steensgaard-analysis-benchmark/benchmarks/postgresql-9.5.2/pg_receivexlog.bc>:get_hex:%conv6
</home/anonymous/eqlog-steensgaard-analysis-benchmark/benchmarks/postgresql-9.5.2/pg_receivexlog.bc>:pg_encoding_mblen:23	</home/anonymous/eqlog-steensgaard-analysis-benchmark/benchmarks/postgresql-9.5.2/pg_receivexlog.bc>:pg_encoding_mblen:%cond
</home/anonymous/eqlog-steensgaard-analysis-benchmark/benchmarks/postgresql-9.5.2/pg_receivexlog.bc>:pg_encoding_dsplen:23	</home/anonymous/eqlog-steensgaard-analysis-benchmark/benchmarks/postgresql-9.5.2/pg_receivexlog.bc>:pg_encoding_dsplen:%cond
</home/anonymous/eqlog-steensgaard-analysis-benchmark/benchmarks/postgresql-9.5.2/pg_receivexlog.bc>:pq_block_sigpipe:44	</home/anonymous/eqlog-steensgaard-analysis-benchmark/benchmarks/postgresql-9.5.2/pg_receivexlog.bc>:pq_block_sigpipe:%6
</home/anonymous/eqlog-steensgaard-analysis-benchmark/benchmarks/postgresql-9.5.2/pg_receivexlog.bc>:do_header:325	</home/anonymous/eqlog-steensgaard-analysis-benchmark/benchmarks/postgresql-9.5.2/pg_receivexlog.bc>:do_header:%109
</home/anonymous/eqlog-steensgaard-analysis-benchmark/benchmarks/postgresql-9.5.2/pg_receivexlog.bc>:lo_initialize:377	</home/anonymous/eqlog-steensgaard-analysis-benchmark/benchmarks/postgresql-9.5.2/pg_receivexlog.bc>:lo_initialize:%126
</home/anonymous/eqlog-steensgaard-analysis-benchmark/benchmarks/postgresql-9.5.2/pg_receivexlog.bc>:lo_hton64:23	</home/anonymous/eqlog-steensgaard-analysis-benchmark/benchmarks/postgresql-9.5.2/pg_receivexlog.bc>:lo_hton64:%4
</home/anonymous/eqlog-steensgaard-analysis-benchmark/benchmarks/postgresql-9.5.2/pg_receivexlog.bc>:lo_ntoh64:25	</home/anonymous/eqlog-steensgaard-analysis-benchmark/benchmarks/postgresql-9.5.2/pg_receivexlog.bc>:lo_ntoh64:%5
</home/anonymous/eqlog-steensgaard-analysis-benchmark/benchmarks/postgresql-9.5.2/pg_receivexlog.bc>:lo_import_internal:118	</home/anonymous/eqlog-steensgaard-analysis-benchmark/benchmarks/postgresql-9.5.2/pg_receivexlog.bc>:lo_import_internal:%34
</home/anonymous/eqlog-steensgaard-analysis-benchmark/benchmarks/postgresql-9.5.2/pg_receivexlog.bc>:appendPQExpBufferVA:118	</home/anonymous/eqlog-steensgaard-analysis-benchmark/benchmarks/postgresql-9.5.2/pg_receivexlog.bc>:appendPQExpBufferVA:%35
</home/anonymous/eqlog-steensgaard-analysis-benchmark/benchmarks/postgresql-9.5.2/pg_receivexlog.bc>:clean_encoding_name:65	</home/anonymous/eqlog-steensgaard-analysis-benchmark/benchmarks/postgresql-9.5.2/pg_receivexlog.bc>:clean_encoding_name:%20
</home/anonymous/eqlog-steensgaard-analysis-benchmark/benchmarks/postgresql-9.5.2/pg_receivexlog.bc>:pg_ascii2wchar_with_len:38	</home/anonymous/eqlog-steensgaard-analysis-benchmark/benchmarks/postgresql-9.5.2/pg_receivexlog.bc>:pg_ascii2wchar_with_len:%10
</home/anonymous/eqlog-steensgaard-analysis-benchmark/benchmarks/postgresql-9.5.2/pg_receivexlog.bc>:pg_wchar2single_with_len:37	</home/anonymous/eqlog-steensgaard-analysis-benchmark/benchmarks/postgresql-9.5.2/pg_receivexlog.bc>:pg_wchar2single_with_len:%10
</home/anonymous/eqlog-steensgaard-analysis-benchmark/benchmarks/postgresql-9.5.2/pg_receivexlog.bc>:pg_ascii_mblen:2	</home/anonymous/eqlog-steensgaard-analysis-benchmark/benchmarks/postgresql-9.5.2/pg_receivexlog.bc>:pg_ascii_mblen:2:0:1
</home/anonymous/eqlog-steensgaard-analysis-benchmark/benchmarks/postgresql-9.5.2/pg_receivexlog.bc>:pg_ascii_dsplen:25	</home/anonymous/eqlog-steensgaard-analysis-benchmark/benchmarks/postgresql-9.5.2/pg_receivexlog.bc>:pg_ascii_dsplen:%6
</home/anonymous/eqlog-steensgaard-analysis-benchmark/benchmarks/postgresql-9.5.2/pg_receivexlog.bc>:pg_ascii_verifier:4	</home/anonymous/eqlog-steensgaard-analysis-benchmark/benchmarks/postgresql-9.5.2/pg_receivexlog.bc>:pg_ascii_verifier:4:0:1
</home/anonymous/eqlog-steensgaard-analysis-benchmark/benchmarks/postgresql-9.5.2/pg_receivexlog.bc>:pg_eucjp2wchar_with_len:10	</home/anonymous/eqlog-steensgaard-analysis-benchmark/benchmarks/postgresql-9.5.2/pg_receivexlog.bc>:pg_eucjp2wchar_with_len:%call
</home/anonymous/eqlog-steensgaard-analysis-benchmark/benchmarks/postgresql-9.5.2/pg_receivexlog.bc>:pg_wchar2euc_with_len:141	</home/anonymous/eqlog-steensgaard-analysis-benchmark/benchmarks/postgresql-9.5.2/pg_receivexlog.bc>:pg_wchar2euc_with_len:%44
</home/anonymous/eqlog-steensgaard-analysis-benchmark/benchmarks/postgresql-9.5.2/pg_receivexlog.bc>:pg_eucjp_mblen:4	</home/anonymous/eqlog-steensgaard-analysis-benchmark/benchmarks/postgresql-9.5.2/pg_receivexlog.bc>:pg_eucjp_mblen:%call
</home/anonymous/eqlog-steensgaard-analysis-benchmark/benchmarks/postgresql-9.5.2/pg_receivexlog.bc>:pg_eucjp_dsplen:32	</home/anonymous/eqlog-steensgaard-analysis-benchmark/benchmarks/postgresql-9.5.2/pg_receivexlog.bc>:pg_eucjp_dsplen:%7
</home/anonymous/eqlog-steensgaard-analysis-benchmark/benchmarks/postgresql-9.5.2/pg_receivexlog.bc>:pg_eucjp_verifier:122	</home/anonymous/eqlog-steensgaard-analysis-benchmark/benchmarks/postgresql-9.5.2/pg_receivexlog.bc>:pg_eucjp_verifier:%29
</home/anonymous/eqlog-steensgaard-analysis-benchmark/benchmarks/postgresql-9.5.2/pg_receivexlog.bc>:pg_euccn2wchar_with_len:138	</home/anonymous/eqlog-steensgaard-analysis-benchmark/benchmarks/postgresql-9.5.2/pg_receivexlog.bc>:pg_euccn2wchar_with_len:%46
</home/anonymous/eqlog-steensgaard-analysis-benchmark/benchmarks/postgresql-9.5.2/pg_receivexlog.bc>:pg_euccn_mblen:14	</home/anonymous/eqlog-steensgaard-analysis-benchmark/benchmarks/postgresql-9.5.2/pg_receivexlog.bc>:pg_euccn_mblen:%2
</home/anonymous/eqlog-steensgaard-analysis-benchmark/benchmarks/postgresql-9.5.2/pg_receivexlog.bc>:pg_euccn_dsplen:16	</home/anonymous/eqlog-steensgaard-analysis-benchmark/benchmarks/postgresql-9.5.2/pg_receivexlog.bc>:pg_euccn_dsplen:%3
</home/anonymous/eqlog-steensgaard-analysis-benchmark/benchmarks/postgresql-9.5.2/pg_receivexlog.bc>:pg_euckr_verifier:57	</home/anonymous/eqlog-steensgaard-analysis-benchmark/benchmarks/postgresql-9.5.2/pg_receivexlog.bc>:pg_euckr_verifier:%12
</home/anonymous/eqlog-steensgaard-analysis-benchmark/benchmarks/postgresql-9.5.2/pg_receivexlog.bc>:pg_euckr2wchar_with_len:10	</home/anonymous/eqlog-steensgaard-analysis-benchmark/benchmarks/postgresql-9.5.2/pg_receivexlog.bc>:pg_euckr2wchar_with_len:%call
</home/anonymous/eqlog-steensgaard-analysis-benchmark/benchmarks/postgresql-9.5.2/pg_receivexlog.bc>:pg_euckr_mblen:4	</home/anonymous/eqlog-steensgaard-analysis-benchmark/benchmarks/postgresql-9.5.2/pg_receivexlog.bc>:pg_euckr_mblen:%call
</home/anonymous/eqlog-steensgaard-analysis-benchmark/benchmarks/postgresql-9.5.2/pg_receivexlog.bc>:pg_euckr_dsplen:4	</home/anonymous/eqlog-steensgaard-analysis-benchmark/benchmarks/postgresql-9.5.2/pg_receivexlog.bc>:pg_euckr_dsplen:%call
</home/anonymous/eqlog-steensgaard-analysis-benchmark/benchmarks/postgresql-9.5.2/pg_receivexlog.bc>:pg_euctw2wchar_with_len:148	</home/anonymous/eqlog-steensgaard-analysis-benchmark/benchmarks/postgresql-9.5.2/pg_receivexlog.bc>:pg_euctw2wchar_with_len:%50
</home/anonymous/eqlog-steensgaard-analysis-benchmark/benchmarks/postgresql-9.5.2/pg_receivexlog.bc>:pg_euctw_mblen:30	</home/anonymous/eqlog-steensgaard-analysis-benchmark/benchmarks/postgresql-9.5.2/pg_receivexlog.bc>:pg_euctw_mblen:%6
</home/anonymous/eqlog-steensgaard-analysis-benchmark/benchmarks/postgresql-9.5.2/pg_receivexlog.bc>:pg_euctw_dsplen:32	</home/anonymous/eqlog-steensgaard-analysis-benchmark/benchmarks/postgresql-9.5.2/pg_receivexlog.bc>:pg_euctw_dsplen:%7
</home/anonymous/eqlog-steensgaard-analysis-benchmark/benchmarks/postgresql-9.5.2/pg_receivexlog.bc>:pg_euctw_verifier:106	</home/anonymous/eqlog-steensgaard-analysis-benchmark/benchmarks/postgresql-9.5.2/pg_receivexlog.bc>:pg_euctw_verifier:%25
</home/anonymous/eqlog-steensgaard-analysis-benchmark/benchmarks/postgresql-9.5.2/pg_receivexlog.bc>:pg_utf2wchar_with_len:196	</home/anonymous/eqlog-steensgaard-analysis-benchmark/benchmarks/postgresql-9.5.2/pg_receivexlog.bc>:pg_utf2wchar_with_len:%59
</home/anonymous/eqlog-steensgaard-analysis-benchmark/benchmarks/postgresql-9.5.2/pg_receivexlog.bc>:pg_wchar2utf_with_len:45	</home/anonymous/eqlog-steensgaard-analysis-benchmark/benchmarks/postgresql-9.5.2/pg_receivexlog.bc>:pg_wchar2utf_with_len:%15
</home/anonymous/eqlog-steensgaard-analysis-benchmark/benchmarks/postgresql-9.5.2/pg_receivexlog.bc>:pg_utf_dsplen:5	</home/anonymous/eqlog-steensgaard-analysis-benchmark/benchmarks/postgresql-9.5.2/pg_receivexlog.bc>:pg_utf_dsplen:%call1
</home/anonymous/eqlog-steensgaard-analysis-benchmark/benchmarks/postgresql-9.5.2/pg_receivexlog.bc>:pg_utf8_verifier:26	</home/anonymous/eqlog-steensgaard-analysis-benchmark/benchmarks/postgresql-9.5.2/pg_receivexlog.bc>:pg_utf8_verifier:%6
</home/anonymous/eqlog-steensgaard-analysis-benchmark/benchmarks/postgresql-9.5.2/pg_receivexlog.bc>:pg_mule2wchar_with_len:205	</home/anonymous/eqlog-steensgaard-analysis-benchmark/benchmarks/postgresql-9.5.2/pg_receivexlog.bc>:pg_mule2wchar_with_len:%73
</home/anonymous/eqlog-steensgaard-analysis-benchmark/benchmarks/postgresql-9.5.2/pg_receivexlog.bc>:pg_wchar2mule_with_len:245	</home/anonymous/eqlog-steensgaard-analysis-benchmark/benchmarks/postgresql-9.5.2/pg_receivexlog.bc>:pg_wchar2mule_with_len:%74
</home/anonymous/eqlog-steensgaard-analysis-benchmark/benchmarks/postgresql-9.5.2/pg_receivexlog.bc>:pg_mule_mblen:57	</home/anonymous/eqlog-steensgaard-analysis-benchmark/benchmarks/postgresql-9.5.2/pg_receivexlog.bc>:pg_mule_mblen:%16
</home/anonymous/eqlog-steensgaard-analysis-benchmark/benchmarks/postgresql-9.5.2/pg_receivexlog.bc>:pg_mule_dsplen:57	</home/anonymous/eqlog-steensgaard-analysis-benchmark/benchmarks/postgresql-9.5.2/pg_receivexlog.bc>:pg_mule_dsplen:%16
</home/anonymous/eqlog-steensgaard-analysis-benchmark/benchmarks/postgresql-9.5.2/pg_receivexlog.bc>:pg_mule_verifier:41	</home/anonymous/eqlog-steensgaard-analysis-benchmark/benchmarks/postgresql-9.5.2/pg_receivexlog.bc>:pg_mule_verifier:%8
</home/anonymous/eqlog-steensgaard-analysis-benchmark/benchmarks/postgresql-9.5.2/pg_receivexlog.bc>:pg_latin12wchar_with_len:38	</home/anonymous/eqlog-steensgaard-analysis-benchmark/benchmarks/postgresql-9.5.2/pg_receivexlog.bc>:pg_latin12wchar_with_len:%10
</home/anonymous/eqlog-steensgaard-analysis-benchmark/benchmarks/postgresql-9.5.2/pg_receivexlog.bc>:pg_latin1_mblen:2	</home/anonymous/eqlog-steensgaard-analysis-benchmark/benchmarks/postgresql-9.5.2/pg_receivexlog.bc>:pg_latin1_mblen:2:0:1
</home/anonymous/eqlog-steensgaard-analysis-benchmark/benchmarks/postgresql-9.5.2/pg_receivexlog.bc>:pg_latin1_dsplen:4	</home/anonymous/eqlog-steensgaard-analysis-benchmark/benchmarks/postgresql-9.5.2/pg_receivexlog.bc>:pg_latin1_dsplen:%call
</home/anonymous/eqlog-steensgaard-analysis-benchmark/benchmarks/postgresql-9.5.2/pg_receivexlog.bc>:pg_latin1_verifier:4	</home/anonymous/eqlog-steensgaard-analysis-benchmark/benchmarks/postgresql-9.5.2/pg_receivexlog.bc>:pg_latin1_verifier:4:0:1
</home/anonymous/eqlog-steensgaard-analysis-benchmark/benchmarks/postgresql-9.5.2/pg_receivexlog.bc>:pg_sjis_mblen:27	</home/anonymous/eqlog-steensgaard-analysis-benchmark/benchmarks/postgresql-9.5.2/pg_receivexlog.bc>:pg_sjis_mblen:%6
</home/anonymous/eqlog-steensgaard-analysis-benchmark/benchmarks/postgresql-9.5.2/pg_receivexlog.bc>:pg_sjis_dsplen:29	</home/anonymous/eqlog-steensgaard-analysis-benchmark/benchmarks/postgresql-9.5.2/pg_receivexlog.bc>:pg_sjis_dsplen:%7
</home/anonymous/eqlog-steensgaard-analysis-benchmark/benchmarks/postgresql-9.5.2/pg_receivexlog.bc>:pg_sjis_verifier:71	</home/anonymous/eqlog-steensgaard-analysis-benchmark/benchmarks/postgresql-9.5.2/pg_receivexlog.bc>:pg_sjis_verifier:%18
</home/anonymous/eqlog-steensgaard-analysis-benchmark/benchmarks/postgresql-9.5.2/pg_receivexlog.bc>:pg_big5_mblen:14	</home/anonymous/eqlog-steensgaard-analysis-benchmark/benchmarks/postgresql-9.5.2/pg_receivexlog.bc>:pg_big5_mblen:%2
</home/anonymous/eqlog-steensgaard-analysis-benchmark/benchmarks/postgresql-9.5.2/pg_receivexlog.bc>:pg_big5_dsplen:16	</home/anonymous/eqlog-steensgaard-analysis-benchmark/benchmarks/postgresql-9.5.2/pg_receivexlog.bc>:pg_big5_dsplen:%3
</home/anonymous/eqlog-steensgaard-analysis-benchmark/benchmarks/postgresql-9.5.2/pg_receivexlog.bc>:pg_big5_verifier:37	</home/anonymous/eqlog-steensgaard-analysis-benchmark/benchmarks/postgresql-9.5.2/pg_receivexlog.bc>:pg_big5_verifier:%7
</home/anonymous/eqlog-steensgaard-analysis-benchmark/benchmarks/postgresql-9.5.2/pg_receivexlog.bc>:pg_gbk_mblen:14	</home/anonymous/eqlog-steensgaard-analysis-benchmark/benchmarks/postgresql-9.5.2/pg_receivexlog.bc>:pg_gbk_mblen:%2
</home/anonymous/eqlog-steensgaard-analysis-benchmark/benchmarks/postgresql-9.5.2/pg_receivexlog.bc>:pg_gbk_dsplen:16	</home/anonymous/eqlog-steensgaard-analysis-benchmark/benchmarks/postgresql-9.5.2/pg_receivexlog.bc>:pg_gbk_dsplen:%3
</home/anonymous/eqlog-steensgaard-analysis-benchmark/benchmarks/postgresql-9.5.2/pg_receivexlog.bc>:pg_gbk_verifier:37	</home/anonymous/eqlog-steensgaard-analysis-benchmark/benchmarks/postgresql-9.5.2/pg_receivexlog.bc>:pg_gbk_verifier:%7
</home/anonymous/eqlog-steensgaard-analysis-benchmark/benchmarks/postgresql-9.5.2/pg_receivexlog.bc>:pg_uhc_mblen:14	</home/anonymous/eqlog-steensgaard-analysis-benchmark/benchmarks/postgresql-9.5.2/pg_receivexlog.bc>:pg_uhc_mblen:%2
</home/anonymous/eqlog-steensgaard-analysis-benchmark/benchmarks/postgresql-9.5.2/pg_receivexlog.bc>:pg_uhc_dsplen:16	</home/anonymous/eqlog-steensgaard-analysis-benchmark/benchmarks/postgresql-9.5.2/pg_receivexlog.bc>:pg_uhc_dsplen:%3
</home/anonymous/eqlog-steensgaard-analysis-benchmark/benchmarks/postgresql-9.5.2/pg_receivexlog.bc>:pg_uhc_verifier:37	</home/anonymous/eqlog-steensgaard-analysis-benchmark/benchmarks/postgresql-9.5.2/pg_receivexlog.bc>:pg_uhc_verifier:%7
</home/anonymous/eqlog-steensgaard-analysis-benchmark/benchmarks/postgresql-9.5.2/pg_receivexlog.bc>:pg_gb18030_mblen:29	</home/anonymous/eqlog-steensgaard-analysis-benchmark/benchmarks/postgresql-9.5.2/pg_receivexlog.bc>:pg_gb18030_mblen:%6
</home/anonymous/eqlog-steensgaard-analysis-benchmark/benchmarks/postgresql-9.5.2/pg_receivexlog.bc>:pg_gb18030_dsplen:16	</home/anonymous/eqlog-steensgaard-analysis-benchmark/benchmarks/postgresql-9.5.2/pg_receivexlog.bc>:pg_gb18030_dsplen:%3
</home/anonymous/eqlog-steensgaard-analysis-benchmark/benchmarks/postgresql-9.5.2/pg_receivexlog.bc>:pg_gb18030_verifier:114	</home/anonymous/eqlog-steensgaard-analysis-benchmark/benchmarks/postgresql-9.5.2/pg_receivexlog.bc>:pg_gb18030_verifier:%32
</home/anonymous/eqlog-steensgaard-analysis-benchmark/benchmarks/postgresql-9.5.2/pg_receivexlog.bc>:pg_johab_mblen:4	</home/anonymous/eqlog-steensgaard-analysis-benchmark/benchmarks/postgresql-9.5.2/pg_receivexlog.bc>:pg_johab_mblen:%call
</home/anonymous/eqlog-steensgaard-analysis-benchmark/benchmarks/postgresql-9.5.2/pg_receivexlog.bc>:pg_johab_dsplen:4	</home/anonymous/eqlog-steensgaard-analysis-benchmark/benchmarks/postgresql-9.5.2/pg_receivexlog.bc>:pg_johab_dsplen:%call
</home/anonymous/eqlog-steensgaard-analysis-benchmark/benchmarks/postgresql-9.5.2/pg_receivexlog.bc>:pg_johab_verifier:53	</home/anonymous/eqlog-steensgaard-analysis-benchmark/benchmarks/postgresql-9.5.2/pg_receivexlog.bc>:pg_johab_verifier:%12
</home/anonymous/eqlog-steensgaard-analysis-benchmark/benchmarks/postgresql-9.5.2/pg_receivexlog.bc>:pg_euc_dsplen:32	</home/anonymous/eqlog-steensgaard-analysis-benchmark/benchmarks/postgresql-9.5.2/pg_receivexlog.bc>:pg_euc_dsplen:%7
</home/anonymous/eqlog-steensgaard-analysis-benchmark/benchmarks/postgresql-9.5.2/pg_receivexlog.bc>:pg_euc_mblen:30	</home/anonymous/eqlog-steensgaard-analysis-benchmark/benchmarks/postgresql-9.5.2/pg_receivexlog.bc>:pg_euc_mblen:%6
</home/anonymous/eqlog-steensgaard-analysis-benchmark/benchmarks/postgresql-9.5.2/pg_receivexlog.bc>:pg_utf8_islegal:127	</home/anonymous/eqlog-steensgaard-analysis-benchmark/benchmarks/postgresql-9.5.2/pg_receivexlog.bc>:pg_utf8_islegal:%28
</home/anonymous/eqlog-steensgaard-analysis-benchmark/benchmarks/postgresql-9.5.2/pg_receivexlog.bc>:utf8_to_unicode:99	</home/anonymous/eqlog-steensgaard-analysis-benchmark/benchmarks/postgresql-9.5.2/pg_receivexlog.bc>:utf8_to_unicode:%28
</home/anonymous/eqlog-steensgaard-analysis-benchmark/benchmarks/postgresql-9.5.2/pg_receivexlog.bc>:ucs_wcwidth:93	</home/anonymous/eqlog-steensgaard-analysis-benchmark/benchmarks/postgresql-9.5.2/pg_receivexlog.bc>:ucs_wcwidth:%27
</home/anonymous/eqlog-steensgaard-analysis-benchmark/benchmarks/postgresql-9.5.2/pg_receivexlog.bc>:mbbisearch:75	</home/anonymous/eqlog-steensgaard-analysis-benchmark/benchmarks/postgresql-9.5.2/pg_receivexlog.bc>:mbbisearch:%21
</home/anonymous/eqlog-steensgaard-analysis-benchmark/benchmarks/postgresql-9.5.2/pg_receivexlog.bc>:unicode_to_utf8:94	</home/anonymous/eqlog-steensgaard-analysis-benchmark/benchmarks/postgresql-9.5.2/pg_receivexlog.bc>:unicode_to_utf8:%23
</home/anonymous/eqlog-steensgaard-analysis-benchmark/benchmarks/postgresql-9.5.2/pg_receivexlog.bc>:pg_euc2wchar_with_len:128	</home/anonymous/eqlog-steensgaard-analysis-benchmark/benchmarks/postgresql-9.5.2/pg_receivexlog.bc>:pg_euc2wchar_with_len:%42
</home/anonymous/eqlog-steensgaard-analysis-benchmark/benchmarks/postgresql-9.5.2/pg_receivexlog.bc>:pqGetErrorNotice2:211	</home/anonymous/eqlog-steensgaard-analysis-benchmark/benchmarks/postgresql-9.5.2/pg_receivexlog.bc>:pqGetErrorNotice2:%66
</home/anonymous/eqlog-steensgaard-analysis-benchmark/benchmarks/postgresql-9.5.2/pg_receivexlog.bc>:getNotify:92	</home/anonymous/eqlog-steensgaard-analysis-benchmark/benchmarks/postgresql-9.5.2/pg_receivexlog.bc>:getNotify:%31
</home/anonymous/eqlog-steensgaard-analysis-benchmark/benchmarks/postgresql-9.5.2/pg_receivexlog.bc>:pqGets:7	</home/anonymous/eqlog-steensgaard-analysis-benchmark/benchmarks/postgresql-9.5.2/pg_receivexlog.bc>:pqGets:%call
</home/anonymous/eqlog-steensgaard-analysis-benchmark/benchmarks/postgresql-9.5.2/pg_receivexlog.bc>:pqGets_internal:92	</home/anonymous/eqlog-steensgaard-analysis-benchmark/benchmarks/postgresql-9.5.2/pg_receivexlog.bc>:pqGets_internal:%33
</home/anonymous/eqlog-steensgaard-analysis-benchmark/benchmarks/postgresql-9.5.2/pg_receivexlog.bc>:getNotify.395:130	</home/anonymous/eqlog-steensgaard-analysis-benchmark/benchmarks/postgresql-9.5.2/pg_receivexlog.bc>:getNotify.395:%43
</home/anonymous/eqlog-steensgaard-analysis-benchmark/benchmarks/postgresql-9.5.2/pg_receivexlog.bc>:getReadyForQuery:32	</home/anonymous/eqlog-steensgaard-analysis-benchmark/benchmarks/postgresql-9.5.2/pg_receivexlog.bc>:getReadyForQuery:%6
</home/anonymous/eqlog-steensgaard-analysis-benchmark/benchmarks/postgresql-9.5.2/pg_receivexlog.bc>:getParameterStatus:32	</home/anonymous/eqlog-steensgaard-analysis-benchmark/benchmarks/postgresql-9.5.2/pg_receivexlog.bc>:getParameterStatus:%7
</home/anonymous/eqlog-steensgaard-analysis-benchmark/benchmarks/postgresql-9.5.2/pg_receivexlog.bc>:getCopyDataMessage:122	</home/anonymous/eqlog-steensgaard-analysis-benchmark/benchmarks/postgresql-9.5.2/pg_receivexlog.bc>:getCopyDataMessage:%35
</home/anonymous/eqlog-steensgaard-analysis-benchmark/benchmarks/postgresql-9.5.2/pg_receivexlog.bc>:pqPutMsgBytes:41	</home/anonymous/eqlog-steensgaard-analysis-benchmark/benchmarks/postgresql-9.5.2/pg_receivexlog.bc>:pqPutMsgBytes:%13
</home/anonymous/eqlog-steensgaard-analysis-benchmark/benchmarks/postgresql-9.5.2/pg_receivexlog.bc>:pqPutc:26	</home/anonymous/eqlog-steensgaard-analysis-benchmark/benchmarks/postgresql-9.5.2/pg_receivexlog.bc>:pqPutc:%6
</home/anonymous/eqlog-steensgaard-analysis-benchmark/benchmarks/postgresql-9.5.2/pg_receivexlog.bc>:pqWaitTimed:32	</home/anonymous/eqlog-steensgaard-analysis-benchmark/benchmarks/postgresql-9.5.2/pg_receivexlog.bc>:pqWaitTimed:%7
</home/anonymous/eqlog-steensgaard-analysis-benchmark/benchmarks/postgresql-9.5.2/pg_receivexlog.bc>:pqSocketCheck:60	</home/anonymous/eqlog-steensgaard-analysis-benchmark/benchmarks/postgresql-9.5.2/pg_receivexlog.bc>:pqSocketCheck:%16
</home/anonymous/eqlog-steensgaard-analysis-benchmark/benchmarks/postgresql-9.5.2/pg_receivexlog.bc>:pqSocketPoll:73	</home/anonymous/eqlog-steensgaard-analysis-benchmark/benchmarks/postgresql-9.5.2/pg_receivexlog.bc>:pqSocketPoll:%13
</home/anonymous/eqlog-steensgaard-analysis-benchmark/benchmarks/postgresql-9.5.2/pg_receivexlog.bc>:getRowDescriptions:271	</home/anonymous/eqlog-steensgaard-analysis-benchmark/benchmarks/postgresql-9.5.2/pg_receivexlog.bc>:getRowDescriptions:%95
</home/anonymous/eqlog-steensgaard-analysis-benchmark/benchmarks/postgresql-9.5.2/pg_receivexlog.bc>:getAnotherTuple:274	</home/anonymous/eqlog-steensgaard-analysis-benchmark/benchmarks/postgresql-9.5.2/pg_receivexlog.bc>:getAnotherTuple:%83
</home/anonymous/eqlog-steensgaard-analysis-benchmark/benchmarks/postgresql-9.5.2/pg_receivexlog.bc>:pqSkipnchar:57	</home/anonymous/eqlog-steensgaard-analysis-benchmark/benchmarks/postgresql-9.5.2/pg_receivexlog.bc>:pqSkipnchar:%22
</home/anonymous/eqlog-steensgaard-analysis-benchmark/benchmarks/postgresql-9.5.2/pg_receivexlog.bc>:pqRowProcessor:182	</home/anonymous/eqlog-steensgaard-analysis-benchmark/benchmarks/postgresql-9.5.2/pg_receivexlog.bc>:pqRowProcessor:%62
</home/anonymous/eqlog-steensgaard-analysis-benchmark/benchmarks/postgresql-9.5.2/pg_receivexlog.bc>:getRowDescriptions.398:352	</home/anonymous/eqlog-steensgaard-analysis-benchmark/benchmarks/postgresql-9.5.2/pg_receivexlog.bc>:getRowDescriptions.398:%120
</home/anonymous/eqlog-steensgaard-analysis-benchmark/benchmarks/postgresql-9.5.2/pg_receivexlog.bc>:getParamDescriptions:182	</home/anonymous/eqlog-steensgaard-analysis-benchmark/benchmarks/postgresql-9.5.2/pg_receivexlog.bc>:getParamDescriptions:%62
</home/anonymous/eqlog-steensgaard-analysis-benchmark/benchmarks/postgresql-9.5.2/pg_receivexlog.bc>:getAnotherTuple.399:165	</home/anonymous/eqlog-steensgaard-analysis-benchmark/benchmarks/postgresql-9.5.2/pg_receivexlog.bc>:getAnotherTuple.399:%54
</home/anonymous/eqlog-steensgaard-analysis-benchmark/benchmarks/postgresql-9.5.2/pg_receivexlog.bc>:getCopyStart:159	</home/anonymous/eqlog-steensgaard-analysis-benchmark/benchmarks/postgresql-9.5.2/pg_receivexlog.bc>:getCopyStart:%53
</home/anonymous/eqlog-steensgaard-analysis-benchmark/benchmarks/postgresql-9.5.2/pg_receivexlog.bc>:pqSendSome:113	</home/anonymous/eqlog-steensgaard-analysis-benchmark/benchmarks/postgresql-9.5.2/pg_receivexlog.bc>:pqSendSome:%34
</home/anonymous/eqlog-steensgaard-analysis-benchmark/benchmarks/postgresql-9.5.2/pg_receivexlog.bc>:pqsecure_write:13	</home/anonymous/eqlog-steensgaard-analysis-benchmark/benchmarks/postgresql-9.5.2/pg_receivexlog.bc>:pqsecure_write:%3
</home/anonymous/eqlog-steensgaard-analysis-benchmark/benchmarks/postgresql-9.5.2/pg_receivexlog.bc>:pqsecure_raw_write:121	</home/anonymous/eqlog-steensgaard-analysis-benchmark/benchmarks/postgresql-9.5.2/pg_receivexlog.bc>:pqsecure_raw_write:%29
</home/anonymous/eqlog-steensgaard-analysis-benchmark/benchmarks/postgresql-9.5.2/pg_receivexlog.bc>:pg_strcasecmp:121	</home/anonymous/eqlog-steensgaard-analysis-benchmark/benchmarks/postgresql-9.5.2/pg_receivexlog.bc>:pg_strcasecmp:%27
</home/anonymous/eqlog-steensgaard-analysis-benchmark/benchmarks/postgresql-9.5.2/pg_receivexlog.bc>:conninfo_find:32	</home/anonymous/eqlog-steensgaard-analysis-benchmark/benchmarks/postgresql-9.5.2/pg_receivexlog.bc>:conninfo_find:%8
</home/anonymous/eqlog-steensgaard-analysis-benchmark/benchmarks/postgresql-9.5.2/pg_receivexlog.bc>:conninfo_uri_decode:98	</home/anonymous/eqlog-steensgaard-analysis-benchmark/benchmarks/postgresql-9.5.2/pg_receivexlog.bc>:conninfo_uri_decode:%27
</home/anonymous/eqlog-steensgaard-analysis-benchmark/benchmarks/postgresql-9.5.2/pg_receivexlog.bc>:get_hexdigit:56	</home/anonymous/eqlog-steensgaard-analysis-benchmark/benchmarks/postgresql-9.5.2/pg_receivexlog.bc>:get_hexdigit:%12
</home/anonymous/eqlog-steensgaard-analysis-benchmark/benchmarks/postgresql-9.5.2/pg_receivexlog.bc>:uri_prefix_length:18	</home/anonymous/eqlog-steensgaard-analysis-benchmark/benchmarks/postgresql-9.5.2/pg_receivexlog.bc>:uri_prefix_length:%2
</home/anonymous/eqlog-steensgaard-analysis-benchmark/benchmarks/postgresql-9.5.2/pg_receivexlog.bc>:conninfo_uri_parse:43	</home/anonymous/eqlog-steensgaard-analysis-benchmark/benchmarks/postgresql-9.5.2/pg_receivexlog.bc>:conninfo_uri_parse:%11
</home/anonymous/eqlog-steensgaard-analysis-benchmark/benchmarks/postgresql-9.5.2/pg_receivexlog.bc>:conninfo_parse:314	</home/anonymous/eqlog-steensgaard-analysis-benchmark/benchmarks/postgresql-9.5.2/pg_receivexlog.bc>:conninfo_parse:%102
</home/anonymous/eqlog-steensgaard-analysis-benchmark/benchmarks/postgresql-9.5.2/pg_receivexlog.bc>:conninfo_uri_parse_options:400	</home/anonymous/eqlog-steensgaard-analysis-benchmark/benchmarks/postgresql-9.5.2/pg_receivexlog.bc>:conninfo_uri_parse_options:%143
</home/anonymous/eqlog-steensgaard-analysis-benchmark/benchmarks/postgresql-9.5.2/pg_receivexlog.bc>:conninfo_uri_parse_params:155	</home/anonymous/eqlog-steensgaard-analysis-benchmark/benchmarks/postgresql-9.5.2/pg_receivexlog.bc>:conninfo_uri_parse_params:%48
</home/anonymous/eqlog-steensgaard-analysis-benchmark/benchmarks/postgresql-9.5.2/pg_receivexlog.bc>:getPgPassFilename:26	</home/anonymous/eqlog-steensgaard-analysis-benchmark/benchmarks/postgresql-9.5.2/pg_receivexlog.bc>:getPgPassFilename:%3
</home/anonymous/eqlog-steensgaard-analysis-benchmark/benchmarks/postgresql-9.5.2/pg_receivexlog.bc>:pqGetHomeDirectory:27	</home/anonymous/eqlog-steensgaard-analysis-benchmark/benchmarks/postgresql-9.5.2/pg_receivexlog.bc>:pqGetHomeDirectory:%5
</home/anonymous/eqlog-steensgaard-analysis-benchmark/benchmarks/postgresql-9.5.2/pg_receivexlog.bc>:pg_password_sendauth:97	</home/anonymous/eqlog-steensgaard-analysis-benchmark/benchmarks/postgresql-9.5.2/pg_receivexlog.bc>:pg_password_sendauth:%28
</home/anonymous/eqlog-steensgaard-analysis-benchmark/benchmarks/postgresql-9.5.2/pg_receivexlog.bc>:pg_local_sendauth:5	</home/anonymous/eqlog-steensgaard-analysis-benchmark/benchmarks/postgresql-9.5.2/pg_receivexlog.bc>:pg_local_sendauth:5:0:-1
</home/anonymous/eqlog-steensgaard-analysis-benchmark/benchmarks/postgresql-9.5.2/pg_receivexlog.bc>:pg_encoding_max_length:7	</home/anonymous/eqlog-steensgaard-analysis-benchmark/benchmarks/postgresql-9.5.2/pg_receivexlog.bc>:pg_encoding_max_length:%1
</home/anonymous/eqlog-steensgaard-analysis-benchmark/benchmarks/postgresql-9.5.2/pg_receivexlog.bc>:build_startup_packet:437	</home/anonymous/eqlog-steensgaard-analysis-benchmark/benchmarks/postgresql-9.5.2/pg_receivexlog.bc>:build_startup_packet:%138
</home/anonymous/eqlog-steensgaard-analysis-benchmark/benchmarks/postgresql-9.5.2/pg_receivexlog.bc>:pg_getnameinfo_all:67	</home/anonymous/eqlog-steensgaard-analysis-benchmark/benchmarks/postgresql-9.5.2/pg_receivexlog.bc>:pg_getnameinfo_all:%26
</home/anonymous/eqlog-steensgaard-analysis-benchmark/benchmarks/postgresql-9.5.2/pg_receivexlog.bc>:inet_net_ntop:32	</home/anonymous/eqlog-steensgaard-analysis-benchmark/benchmarks/postgresql-9.5.2/pg_receivexlog.bc>:inet_net_ntop:%9
</home/anonymous/eqlog-steensgaard-analysis-benchmark/benchmarks/postgresql-9.5.2/pg_receivexlog.bc>:inet_net_ntop_ipv4:94	</home/anonymous/eqlog-steensgaard-analysis-benchmark/benchmarks/postgresql-9.5.2/pg_receivexlog.bc>:inet_net_ntop_ipv4:%24
</home/anonymous/eqlog-steensgaard-analysis-benchmark/benchmarks/postgresql-9.5.2/pg_receivexlog.bc>:inet_net_ntop_ipv6:308	</home/anonymous/eqlog-steensgaard-analysis-benchmark/benchmarks/postgresql-9.5.2/pg_receivexlog.bc>:inet_net_ntop_ipv6:%76
</home/anonymous/eqlog-steensgaard-analysis-benchmark/benchmarks/postgresql-9.5.2/pg_receivexlog.bc>:decoct:71	</home/anonymous/eqlog-steensgaard-analysis-benchmark/benchmarks/postgresql-9.5.2/pg_receivexlog.bc>:decoct:%19
</home/anonymous/eqlog-steensgaard-analysis-benchmark/benchmarks/postgresql-9.5.2/pg_receivexlog.bc>:getnameinfo_unix:76	</home/anonymous/eqlog-steensgaard-analysis-benchmark/benchmarks/postgresql-9.5.2/pg_receivexlog.bc>:getnameinfo_unix:%18
</home/anonymous/eqlog-steensgaard-analysis-benchmark/benchmarks/postgresql-9.5.2/pg_receivexlog.bc>:pqsecure_read:13	</home/anonymous/eqlog-steensgaard-analysis-benchmark/benchmarks/postgresql-9.5.2/pg_receivexlog.bc>:pqsecure_read:%3
</home/anonymous/eqlog-steensgaard-analysis-benchmark/benchmarks/postgresql-9.5.2/pg_receivexlog.bc>:pqReadReady:4	</home/anonymous/eqlog-steensgaard-analysis-benchmark/benchmarks/postgresql-9.5.2/pg_receivexlog.bc>:pqReadReady:%call
</home/anonymous/eqlog-steensgaard-analysis-benchmark/benchmarks/postgresql-9.5.2/pg_receivexlog.bc>:pqsecure_raw_read:42	</home/anonymous/eqlog-steensgaard-analysis-benchmark/benchmarks/postgresql-9.5.2/pg_receivexlog.bc>:pqsecure_raw_read:%11
</home/anonymous/eqlog-steensgaard-analysis-benchmark/benchmarks/postgresql-9.5.2/pg_receivexlog.bc>:parseServiceInfo:119	</home/anonymous/eqlog-steensgaard-analysis-benchmark/benchmarks/postgresql-9.5.2/pg_receivexlog.bc>:parseServiceInfo:%21
</home/anonymous/eqlog-steensgaard-analysis-benchmark/benchmarks/postgresql-9.5.2/pg_receivexlog.bc>:pg_fe_getauthname:66	</home/anonymous/eqlog-steensgaard-analysis-benchmark/benchmarks/postgresql-9.5.2/pg_receivexlog.bc>:pg_fe_getauthname:%18
</home/anonymous/eqlog-steensgaard-analysis-benchmark/benchmarks/postgresql-9.5.2/pg_receivexlog.bc>:conninfo_getval:18	</home/anonymous/eqlog-steensgaard-analysis-benchmark/benchmarks/postgresql-9.5.2/pg_receivexlog.bc>:conninfo_getval:%cond
</home/anonymous/eqlog-steensgaard-analysis-benchmark/benchmarks/postgresql-9.5.2/pg_receivexlog.bc>:parseServiceFile:261	</home/anonymous/eqlog-steensgaard-analysis-benchmark/benchmarks/postgresql-9.5.2/pg_receivexlog.bc>:parseServiceFile:%81
</home/anonymous/eqlog-steensgaard-analysis-benchmark/benchmarks/postgresql-9.5.2/pg_receivexlog.bc>:pg_getaddrinfo_all:45	</home/anonymous/eqlog-steensgaard-analysis-benchmark/benchmarks/postgresql-9.5.2/pg_receivexlog.bc>:pg_getaddrinfo_all:%14
</home/anonymous/eqlog-steensgaard-analysis-benchmark/benchmarks/postgresql-9.5.2/pg_receivexlog.bc>:getaddrinfo_unix:156	</home/anonymous/eqlog-steensgaard-analysis-benchmark/benchmarks/postgresql-9.5.2/pg_receivexlog.bc>:getaddrinfo_unix:%49
</home/anonymous/eqlog-steensgaard-analysis-benchmark/benchmarks/postgresql-9.5.2/pg_receivexlog.bc>:PasswordFromFile:230	</home/anonymous/eqlog-steensgaard-analysis-benchmark/benchmarks/postgresql-9.5.2/pg_receivexlog.bc>:PasswordFromFile:%52
</home/anonymous/eqlog-steensgaard-analysis-benchmark/benchmarks/postgresql-9.5.2/pg_receivexlog.bc>:pwdfMatchesString:102	</home/anonymous/eqlog-steensgaard-analysis-benchmark/benchmarks/postgresql-9.5.2/pg_receivexlog.bc>:pwdfMatchesString:%29
</home/anonymous/eqlog-steensgaard-analysis-benchmark/benchmarks/postgresql-9.5.2/pg_receivexlog.bc>:pg_md5_hash:23	</home/anonymous/eqlog-steensgaard-analysis-benchmark/benchmarks/postgresql-9.5.2/pg_receivexlog.bc>:pg_md5_hash:%3
</home/anonymous/eqlog-steensgaard-analysis-benchmark/benchmarks/postgresql-9.5.2/pg_receivexlog.bc>:calculateDigestFromBuffer:195	</home/anonymous/eqlog-steensgaard-analysis-benchmark/benchmarks/postgresql-9.5.2/pg_receivexlog.bc>:calculateDigestFromBuffer:%55
</home/anonymous/eqlog-steensgaard-analysis-benchmark/benchmarks/postgresql-9.5.2/pg_receivexlog.bc>:createPaddedCopyWithLength:192	</home/anonymous/eqlog-steensgaard-analysis-benchmark/benchmarks/postgresql-9.5.2/pg_receivexlog.bc>:createPaddedCopyWithLength:%59
