</home/anonymous/eqlog-steensgaard-analysis-benchmark/benchmarks/postgresql-9.5.2/dropdb.bc>:main	2
</home/anonymous/eqlog-steensgaard-analysis-benchmark/benchmarks/postgresql-9.5.2/dropdb.bc>:help	1
</home/anonymous/eqlog-steensgaard-analysis-benchmark/benchmarks/postgresql-9.5.2/dropdb.bc>:handle_help_version_opts	4
</home/anonymous/eqlog-steensgaard-analysis-benchmark/benchmarks/postgresql-9.5.2/dropdb.bc>:connectDatabase	8
</home/anonymous/eqlog-steensgaard-analysis-benchmark/benchmarks/postgresql-9.5.2/dropdb.bc>:connectMaintenanceDatabase	6
</home/anonymous/eqlog-steensgaard-analysis-benchmark/benchmarks/postgresql-9.5.2/dropdb.bc>:executeQuery	4
</home/anonymous/eqlog-steensgaard-analysis-benchmark/benchmarks/postgresql-9.5.2/dropdb.bc>:executeCommand	4
</home/anonymous/eqlog-steensgaard-analysis-benchmark/benchmarks/postgresql-9.5.2/dropdb.bc>:executeMaintenanceCommand	3
</home/anonymous/eqlog-steensgaard-analysis-benchmark/benchmarks/postgresql-9.5.2/dropdb.bc>:SetCancelConn	1
</home/anonymous/eqlog-steensgaard-analysis-benchmark/benchmarks/postgresql-9.5.2/dropdb.bc>:ResetCancelConn	0
</home/anonymous/eqlog-steensgaard-analysis-benchmark/benchmarks/postgresql-9.5.2/dropdb.bc>:yesno_prompt	1
</home/anonymous/eqlog-steensgaard-analysis-benchmark/benchmarks/postgresql-9.5.2/dropdb.bc>:setup_cancel_handler	0
</home/anonymous/eqlog-steensgaard-analysis-benchmark/benchmarks/postgresql-9.5.2/dropdb.bc>:handle_sigint	1
</home/anonymous/eqlog-steensgaard-analysis-benchmark/benchmarks/postgresql-9.5.2/dropdb.bc>:fmtId	1
</home/anonymous/eqlog-steensgaard-analysis-benchmark/benchmarks/postgresql-9.5.2/dropdb.bc>:fmtQualifiedId	3
</home/anonymous/eqlog-steensgaard-analysis-benchmark/benchmarks/postgresql-9.5.2/dropdb.bc>:appendStringLiteral	4
</home/anonymous/eqlog-steensgaard-analysis-benchmark/benchmarks/postgresql-9.5.2/dropdb.bc>:appendStringLiteralConn	3
</home/anonymous/eqlog-steensgaard-analysis-benchmark/benchmarks/postgresql-9.5.2/dropdb.bc>:appendStringLiteralDQ	3
</home/anonymous/eqlog-steensgaard-analysis-benchmark/benchmarks/postgresql-9.5.2/dropdb.bc>:appendByteaLiteral	4
</home/anonymous/eqlog-steensgaard-analysis-benchmark/benchmarks/postgresql-9.5.2/dropdb.bc>:parsePGArray	3
</home/anonymous/eqlog-steensgaard-analysis-benchmark/benchmarks/postgresql-9.5.2/dropdb.bc>:buildACLCommands	8
</home/anonymous/eqlog-steensgaard-analysis-benchmark/benchmarks/postgresql-9.5.2/dropdb.bc>:buildDefaultACLCommands	6
</home/anonymous/eqlog-steensgaard-analysis-benchmark/benchmarks/postgresql-9.5.2/dropdb.bc>:processSQLNamePattern	9
</home/anonymous/eqlog-steensgaard-analysis-benchmark/benchmarks/postgresql-9.5.2/dropdb.bc>:buildShSecLabelQuery	4
</home/anonymous/eqlog-steensgaard-analysis-benchmark/benchmarks/postgresql-9.5.2/dropdb.bc>:emitShSecLabels	5
</home/anonymous/eqlog-steensgaard-analysis-benchmark/benchmarks/postgresql-9.5.2/dropdb.bc>:simple_string_list_append	2
</home/anonymous/eqlog-steensgaard-analysis-benchmark/benchmarks/postgresql-9.5.2/dropdb.bc>:simple_string_list_member	2
</home/anonymous/eqlog-steensgaard-analysis-benchmark/benchmarks/postgresql-9.5.2/dropdb.bc>:parseAclItem	9
</home/anonymous/eqlog-steensgaard-analysis-benchmark/benchmarks/postgresql-9.5.2/dropdb.bc>:defaultGetLocalPQExpBuffer	0
</home/anonymous/eqlog-steensgaard-analysis-benchmark/benchmarks/postgresql-9.5.2/dropdb.bc>:copyAclUserName	2
</home/anonymous/eqlog-steensgaard-analysis-benchmark/benchmarks/postgresql-9.5.2/dropdb.bc>:AddAcl	3
</home/anonymous/eqlog-steensgaard-analysis-benchmark/benchmarks/postgresql-9.5.2/dropdb.bc>:ScanKeywordLookup	3
</home/anonymous/eqlog-steensgaard-analysis-benchmark/benchmarks/postgresql-9.5.2/dropdb.bc>:PQencryptPassword	2
</home/anonymous/eqlog-steensgaard-analysis-benchmark/benchmarks/postgresql-9.5.2/dropdb.bc>:PQconnectdbParams	3
</home/anonymous/eqlog-steensgaard-analysis-benchmark/benchmarks/postgresql-9.5.2/dropdb.bc>:PQconnectStartParams	3
</home/anonymous/eqlog-steensgaard-analysis-benchmark/benchmarks/postgresql-9.5.2/dropdb.bc>:PQpingParams	3
</home/anonymous/eqlog-steensgaard-analysis-benchmark/benchmarks/postgresql-9.5.2/dropdb.bc>:PQfinish	1
</home/anonymous/eqlog-steensgaard-analysis-benchmark/benchmarks/postgresql-9.5.2/dropdb.bc>:PQconnectdb	1
</home/anonymous/eqlog-steensgaard-analysis-benchmark/benchmarks/postgresql-9.5.2/dropdb.bc>:PQconnectStart	1
</home/anonymous/eqlog-steensgaard-analysis-benchmark/benchmarks/postgresql-9.5.2/dropdb.bc>:PQping	1
</home/anonymous/eqlog-steensgaard-analysis-benchmark/benchmarks/postgresql-9.5.2/dropdb.bc>:PQconninfoFree	1
</home/anonymous/eqlog-steensgaard-analysis-benchmark/benchmarks/postgresql-9.5.2/dropdb.bc>:PQconndefaults	0
</home/anonymous/eqlog-steensgaard-analysis-benchmark/benchmarks/postgresql-9.5.2/dropdb.bc>:PQsetdbLogin	7
</home/anonymous/eqlog-steensgaard-analysis-benchmark/benchmarks/postgresql-9.5.2/dropdb.bc>:PQconnectPoll	1
</home/anonymous/eqlog-steensgaard-analysis-benchmark/benchmarks/postgresql-9.5.2/dropdb.bc>:PQreset	1
</home/anonymous/eqlog-steensgaard-analysis-benchmark/benchmarks/postgresql-9.5.2/dropdb.bc>:PQresetStart	1
</home/anonymous/eqlog-steensgaard-analysis-benchmark/benchmarks/postgresql-9.5.2/dropdb.bc>:PQresetPoll	1
</home/anonymous/eqlog-steensgaard-analysis-benchmark/benchmarks/postgresql-9.5.2/dropdb.bc>:PQgetCancel	1
</home/anonymous/eqlog-steensgaard-analysis-benchmark/benchmarks/postgresql-9.5.2/dropdb.bc>:PQfreeCancel	1
</home/anonymous/eqlog-steensgaard-analysis-benchmark/benchmarks/postgresql-9.5.2/dropdb.bc>:PQcancel	3
</home/anonymous/eqlog-steensgaard-analysis-benchmark/benchmarks/postgresql-9.5.2/dropdb.bc>:PQrequestCancel	1
</home/anonymous/eqlog-steensgaard-analysis-benchmark/benchmarks/postgresql-9.5.2/dropdb.bc>:PQconninfoParse	2
</home/anonymous/eqlog-steensgaard-analysis-benchmark/benchmarks/postgresql-9.5.2/dropdb.bc>:PQconninfo	1
</home/anonymous/eqlog-steensgaard-analysis-benchmark/benchmarks/postgresql-9.5.2/dropdb.bc>:PQdb	1
</home/anonymous/eqlog-steensgaard-analysis-benchmark/benchmarks/postgresql-9.5.2/dropdb.bc>:PQuser	1
</home/anonymous/eqlog-steensgaard-analysis-benchmark/benchmarks/postgresql-9.5.2/dropdb.bc>:PQpass	1
</home/anonymous/eqlog-steensgaard-analysis-benchmark/benchmarks/postgresql-9.5.2/dropdb.bc>:PQhost	1
</home/anonymous/eqlog-steensgaard-analysis-benchmark/benchmarks/postgresql-9.5.2/dropdb.bc>:PQport	1
</home/anonymous/eqlog-steensgaard-analysis-benchmark/benchmarks/postgresql-9.5.2/dropdb.bc>:PQtty	1
</home/anonymous/eqlog-steensgaard-analysis-benchmark/benchmarks/postgresql-9.5.2/dropdb.bc>:PQoptions	1
</home/anonymous/eqlog-steensgaard-analysis-benchmark/benchmarks/postgresql-9.5.2/dropdb.bc>:PQstatus	1
</home/anonymous/eqlog-steensgaard-analysis-benchmark/benchmarks/postgresql-9.5.2/dropdb.bc>:PQtransactionStatus	1
</home/anonymous/eqlog-steensgaard-analysis-benchmark/benchmarks/postgresql-9.5.2/dropdb.bc>:PQparameterStatus	2
</home/anonymous/eqlog-steensgaard-analysis-benchmark/benchmarks/postgresql-9.5.2/dropdb.bc>:PQprotocolVersion	1
</home/anonymous/eqlog-steensgaard-analysis-benchmark/benchmarks/postgresql-9.5.2/dropdb.bc>:PQserverVersion	1
</home/anonymous/eqlog-steensgaard-analysis-benchmark/benchmarks/postgresql-9.5.2/dropdb.bc>:PQerrorMessage	1
</home/anonymous/eqlog-steensgaard-analysis-benchmark/benchmarks/postgresql-9.5.2/dropdb.bc>:PQsocket	1
</home/anonymous/eqlog-steensgaard-analysis-benchmark/benchmarks/postgresql-9.5.2/dropdb.bc>:PQbackendPID	1
</home/anonymous/eqlog-steensgaard-analysis-benchmark/benchmarks/postgresql-9.5.2/dropdb.bc>:PQconnectionNeedsPassword	1
</home/anonymous/eqlog-steensgaard-analysis-benchmark/benchmarks/postgresql-9.5.2/dropdb.bc>:PQconnectionUsedPassword	1
</home/anonymous/eqlog-steensgaard-analysis-benchmark/benchmarks/postgresql-9.5.2/dropdb.bc>:PQclientEncoding	1
</home/anonymous/eqlog-steensgaard-analysis-benchmark/benchmarks/postgresql-9.5.2/dropdb.bc>:PQsetClientEncoding	2
</home/anonymous/eqlog-steensgaard-analysis-benchmark/benchmarks/postgresql-9.5.2/dropdb.bc>:PQsetErrorVerbosity	2
</home/anonymous/eqlog-steensgaard-analysis-benchmark/benchmarks/postgresql-9.5.2/dropdb.bc>:PQtrace	2
</home/anonymous/eqlog-steensgaard-analysis-benchmark/benchmarks/postgresql-9.5.2/dropdb.bc>:PQuntrace	1
</home/anonymous/eqlog-steensgaard-analysis-benchmark/benchmarks/postgresql-9.5.2/dropdb.bc>:PQsetNoticeReceiver	3
</home/anonymous/eqlog-steensgaard-analysis-benchmark/benchmarks/postgresql-9.5.2/dropdb.bc>:PQsetNoticeProcessor	3
</home/anonymous/eqlog-steensgaard-analysis-benchmark/benchmarks/postgresql-9.5.2/dropdb.bc>:PQregisterThreadLock	1
</home/anonymous/eqlog-steensgaard-analysis-benchmark/benchmarks/postgresql-9.5.2/dropdb.bc>:PQmakeEmptyPGresult	2
</home/anonymous/eqlog-steensgaard-analysis-benchmark/benchmarks/postgresql-9.5.2/dropdb.bc>:PQclear	1
</home/anonymous/eqlog-steensgaard-analysis-benchmark/benchmarks/postgresql-9.5.2/dropdb.bc>:PQsetResultAttrs	3
</home/anonymous/eqlog-steensgaard-analysis-benchmark/benchmarks/postgresql-9.5.2/dropdb.bc>:PQresultAlloc	2
</home/anonymous/eqlog-steensgaard-analysis-benchmark/benchmarks/postgresql-9.5.2/dropdb.bc>:PQcopyResult	2
</home/anonymous/eqlog-steensgaard-analysis-benchmark/benchmarks/postgresql-9.5.2/dropdb.bc>:PQsetvalue	5
</home/anonymous/eqlog-steensgaard-analysis-benchmark/benchmarks/postgresql-9.5.2/dropdb.bc>:PQresultErrorMessage	1
</home/anonymous/eqlog-steensgaard-analysis-benchmark/benchmarks/postgresql-9.5.2/dropdb.bc>:PQsendQuery	2
</home/anonymous/eqlog-steensgaard-analysis-benchmark/benchmarks/postgresql-9.5.2/dropdb.bc>:PQsendQueryParams	8
</home/anonymous/eqlog-steensgaard-analysis-benchmark/benchmarks/postgresql-9.5.2/dropdb.bc>:PQsendPrepare	5
</home/anonymous/eqlog-steensgaard-analysis-benchmark/benchmarks/postgresql-9.5.2/dropdb.bc>:PQsendQueryPrepared	7
</home/anonymous/eqlog-steensgaard-analysis-benchmark/benchmarks/postgresql-9.5.2/dropdb.bc>:PQsetSingleRowMode	1
</home/anonymous/eqlog-steensgaard-analysis-benchmark/benchmarks/postgresql-9.5.2/dropdb.bc>:PQconsumeInput	1
</home/anonymous/eqlog-steensgaard-analysis-benchmark/benchmarks/postgresql-9.5.2/dropdb.bc>:PQisBusy	1
</home/anonymous/eqlog-steensgaard-analysis-benchmark/benchmarks/postgresql-9.5.2/dropdb.bc>:PQgetResult	1
</home/anonymous/eqlog-steensgaard-analysis-benchmark/benchmarks/postgresql-9.5.2/dropdb.bc>:PQexec	2
</home/anonymous/eqlog-steensgaard-analysis-benchmark/benchmarks/postgresql-9.5.2/dropdb.bc>:PQexecParams	8
</home/anonymous/eqlog-steensgaard-analysis-benchmark/benchmarks/postgresql-9.5.2/dropdb.bc>:PQprepare	5
</home/anonymous/eqlog-steensgaard-analysis-benchmark/benchmarks/postgresql-9.5.2/dropdb.bc>:PQexecPrepared	7
</home/anonymous/eqlog-steensgaard-analysis-benchmark/benchmarks/postgresql-9.5.2/dropdb.bc>:PQdescribePrepared	2
</home/anonymous/eqlog-steensgaard-analysis-benchmark/benchmarks/postgresql-9.5.2/dropdb.bc>:PQdescribePortal	2
</home/anonymous/eqlog-steensgaard-analysis-benchmark/benchmarks/postgresql-9.5.2/dropdb.bc>:PQsendDescribePrepared	2
</home/anonymous/eqlog-steensgaard-analysis-benchmark/benchmarks/postgresql-9.5.2/dropdb.bc>:PQsendDescribePortal	2
</home/anonymous/eqlog-steensgaard-analysis-benchmark/benchmarks/postgresql-9.5.2/dropdb.bc>:PQnotifies	1
</home/anonymous/eqlog-steensgaard-analysis-benchmark/benchmarks/postgresql-9.5.2/dropdb.bc>:PQputCopyData	3
</home/anonymous/eqlog-steensgaard-analysis-benchmark/benchmarks/postgresql-9.5.2/dropdb.bc>:PQputCopyEnd	2
</home/anonymous/eqlog-steensgaard-analysis-benchmark/benchmarks/postgresql-9.5.2/dropdb.bc>:PQgetCopyData	3
</home/anonymous/eqlog-steensgaard-analysis-benchmark/benchmarks/postgresql-9.5.2/dropdb.bc>:PQgetline	3
</home/anonymous/eqlog-steensgaard-analysis-benchmark/benchmarks/postgresql-9.5.2/dropdb.bc>:PQgetlineAsync	3
</home/anonymous/eqlog-steensgaard-analysis-benchmark/benchmarks/postgresql-9.5.2/dropdb.bc>:PQputline	2
</home/anonymous/eqlog-steensgaard-analysis-benchmark/benchmarks/postgresql-9.5.2/dropdb.bc>:PQputnbytes	3
</home/anonymous/eqlog-steensgaard-analysis-benchmark/benchmarks/postgresql-9.5.2/dropdb.bc>:PQendcopy	1
</home/anonymous/eqlog-steensgaard-analysis-benchmark/benchmarks/postgresql-9.5.2/dropdb.bc>:PQfn	7
</home/anonymous/eqlog-steensgaard-analysis-benchmark/benchmarks/postgresql-9.5.2/dropdb.bc>:PQresultStatus	1
</home/anonymous/eqlog-steensgaard-analysis-benchmark/benchmarks/postgresql-9.5.2/dropdb.bc>:PQresStatus	1
</home/anonymous/eqlog-steensgaard-analysis-benchmark/benchmarks/postgresql-9.5.2/dropdb.bc>:PQresultErrorField	2
</home/anonymous/eqlog-steensgaard-analysis-benchmark/benchmarks/postgresql-9.5.2/dropdb.bc>:PQntuples	1
</home/anonymous/eqlog-steensgaard-analysis-benchmark/benchmarks/postgresql-9.5.2/dropdb.bc>:PQnfields	1
</home/anonymous/eqlog-steensgaard-analysis-benchmark/benchmarks/postgresql-9.5.2/dropdb.bc>:PQbinaryTuples	1
</home/anonymous/eqlog-steensgaard-analysis-benchmark/benchmarks/postgresql-9.5.2/dropdb.bc>:PQfname	2
</home/anonymous/eqlog-steensgaard-analysis-benchmark/benchmarks/postgresql-9.5.2/dropdb.bc>:PQfnumber	2
</home/anonymous/eqlog-steensgaard-analysis-benchmark/benchmarks/postgresql-9.5.2/dropdb.bc>:PQftable	2
</home/anonymous/eqlog-steensgaard-analysis-benchmark/benchmarks/postgresql-9.5.2/dropdb.bc>:PQftablecol	2
</home/anonymous/eqlog-steensgaard-analysis-benchmark/benchmarks/postgresql-9.5.2/dropdb.bc>:PQfformat	2
</home/anonymous/eqlog-steensgaard-analysis-benchmark/benchmarks/postgresql-9.5.2/dropdb.bc>:PQftype	2
</home/anonymous/eqlog-steensgaard-analysis-benchmark/benchmarks/postgresql-9.5.2/dropdb.bc>:PQfsize	2
</home/anonymous/eqlog-steensgaard-analysis-benchmark/benchmarks/postgresql-9.5.2/dropdb.bc>:PQfmod	2
</home/anonymous/eqlog-steensgaard-analysis-benchmark/benchmarks/postgresql-9.5.2/dropdb.bc>:PQcmdStatus	1
</home/anonymous/eqlog-steensgaard-analysis-benchmark/benchmarks/postgresql-9.5.2/dropdb.bc>:PQoidStatus	1
</home/anonymous/eqlog-steensgaard-analysis-benchmark/benchmarks/postgresql-9.5.2/dropdb.bc>:PQoidValue	1
</home/anonymous/eqlog-steensgaard-analysis-benchmark/benchmarks/postgresql-9.5.2/dropdb.bc>:PQcmdTuples	1
</home/anonymous/eqlog-steensgaard-analysis-benchmark/benchmarks/postgresql-9.5.2/dropdb.bc>:PQgetvalue	3
</home/anonymous/eqlog-steensgaard-analysis-benchmark/benchmarks/postgresql-9.5.2/dropdb.bc>:PQgetlength	3
</home/anonymous/eqlog-steensgaard-analysis-benchmark/benchmarks/postgresql-9.5.2/dropdb.bc>:PQgetisnull	3
</home/anonymous/eqlog-steensgaard-analysis-benchmark/benchmarks/postgresql-9.5.2/dropdb.bc>:PQnparams	1
</home/anonymous/eqlog-steensgaard-analysis-benchmark/benchmarks/postgresql-9.5.2/dropdb.bc>:PQparamtype	2
</home/anonymous/eqlog-steensgaard-analysis-benchmark/benchmarks/postgresql-9.5.2/dropdb.bc>:PQsetnonblocking	2
</home/anonymous/eqlog-steensgaard-analysis-benchmark/benchmarks/postgresql-9.5.2/dropdb.bc>:PQisnonblocking	1
</home/anonymous/eqlog-steensgaard-analysis-benchmark/benchmarks/postgresql-9.5.2/dropdb.bc>:PQisthreadsafe	0
</home/anonymous/eqlog-steensgaard-analysis-benchmark/benchmarks/postgresql-9.5.2/dropdb.bc>:PQflush	1
</home/anonymous/eqlog-steensgaard-analysis-benchmark/benchmarks/postgresql-9.5.2/dropdb.bc>:PQfreemem	1
</home/anonymous/eqlog-steensgaard-analysis-benchmark/benchmarks/postgresql-9.5.2/dropdb.bc>:PQfreeNotify	1
</home/anonymous/eqlog-steensgaard-analysis-benchmark/benchmarks/postgresql-9.5.2/dropdb.bc>:PQescapeStringConn	5
</home/anonymous/eqlog-steensgaard-analysis-benchmark/benchmarks/postgresql-9.5.2/dropdb.bc>:PQescapeString	3
</home/anonymous/eqlog-steensgaard-analysis-benchmark/benchmarks/postgresql-9.5.2/dropdb.bc>:PQescapeLiteral	3
</home/anonymous/eqlog-steensgaard-analysis-benchmark/benchmarks/postgresql-9.5.2/dropdb.bc>:PQescapeIdentifier	3
</home/anonymous/eqlog-steensgaard-analysis-benchmark/benchmarks/postgresql-9.5.2/dropdb.bc>:PQescapeByteaConn	4
</home/anonymous/eqlog-steensgaard-analysis-benchmark/benchmarks/postgresql-9.5.2/dropdb.bc>:PQescapeBytea	3
</home/anonymous/eqlog-steensgaard-analysis-benchmark/benchmarks/postgresql-9.5.2/dropdb.bc>:PQunescapeBytea	2
</home/anonymous/eqlog-steensgaard-analysis-benchmark/benchmarks/postgresql-9.5.2/dropdb.bc>:PQlibVersion	0
</home/anonymous/eqlog-steensgaard-analysis-benchmark/benchmarks/postgresql-9.5.2/dropdb.bc>:PQmblen	2
</home/anonymous/eqlog-steensgaard-analysis-benchmark/benchmarks/postgresql-9.5.2/dropdb.bc>:PQdsplen	2
</home/anonymous/eqlog-steensgaard-analysis-benchmark/benchmarks/postgresql-9.5.2/dropdb.bc>:PQenv2encoding	0
</home/anonymous/eqlog-steensgaard-analysis-benchmark/benchmarks/postgresql-9.5.2/dropdb.bc>:PQprint	3
</home/anonymous/eqlog-steensgaard-analysis-benchmark/benchmarks/postgresql-9.5.2/dropdb.bc>:PQdisplayTuples	6
</home/anonymous/eqlog-steensgaard-analysis-benchmark/benchmarks/postgresql-9.5.2/dropdb.bc>:PQprintTuples	5
</home/anonymous/eqlog-steensgaard-analysis-benchmark/benchmarks/postgresql-9.5.2/dropdb.bc>:lo_open	3
</home/anonymous/eqlog-steensgaard-analysis-benchmark/benchmarks/postgresql-9.5.2/dropdb.bc>:lo_close	2
</home/anonymous/eqlog-steensgaard-analysis-benchmark/benchmarks/postgresql-9.5.2/dropdb.bc>:lo_truncate	3
</home/anonymous/eqlog-steensgaard-analysis-benchmark/benchmarks/postgresql-9.5.2/dropdb.bc>:lo_truncate64	3
</home/anonymous/eqlog-steensgaard-analysis-benchmark/benchmarks/postgresql-9.5.2/dropdb.bc>:lo_read	4
</home/anonymous/eqlog-steensgaard-analysis-benchmark/benchmarks/postgresql-9.5.2/dropdb.bc>:lo_write	4
</home/anonymous/eqlog-steensgaard-analysis-benchmark/benchmarks/postgresql-9.5.2/dropdb.bc>:lo_lseek	4
</home/anonymous/eqlog-steensgaard-analysis-benchmark/benchmarks/postgresql-9.5.2/dropdb.bc>:lo_lseek64	4
</home/anonymous/eqlog-steensgaard-analysis-benchmark/benchmarks/postgresql-9.5.2/dropdb.bc>:lo_creat	2
</home/anonymous/eqlog-steensgaard-analysis-benchmark/benchmarks/postgresql-9.5.2/dropdb.bc>:lo_create	2
</home/anonymous/eqlog-steensgaard-analysis-benchmark/benchmarks/postgresql-9.5.2/dropdb.bc>:lo_tell	2
</home/anonymous/eqlog-steensgaard-analysis-benchmark/benchmarks/postgresql-9.5.2/dropdb.bc>:lo_tell64	2
</home/anonymous/eqlog-steensgaard-analysis-benchmark/benchmarks/postgresql-9.5.2/dropdb.bc>:lo_unlink	2
</home/anonymous/eqlog-steensgaard-analysis-benchmark/benchmarks/postgresql-9.5.2/dropdb.bc>:lo_import	2
</home/anonymous/eqlog-steensgaard-analysis-benchmark/benchmarks/postgresql-9.5.2/dropdb.bc>:lo_import_with_oid	3
</home/anonymous/eqlog-steensgaard-analysis-benchmark/benchmarks/postgresql-9.5.2/dropdb.bc>:lo_export	3
</home/anonymous/eqlog-steensgaard-analysis-benchmark/benchmarks/postgresql-9.5.2/dropdb.bc>:createPQExpBuffer	0
</home/anonymous/eqlog-steensgaard-analysis-benchmark/benchmarks/postgresql-9.5.2/dropdb.bc>:initPQExpBuffer	1
</home/anonymous/eqlog-steensgaard-analysis-benchmark/benchmarks/postgresql-9.5.2/dropdb.bc>:destroyPQExpBuffer	1
</home/anonymous/eqlog-steensgaard-analysis-benchmark/benchmarks/postgresql-9.5.2/dropdb.bc>:termPQExpBuffer	1
</home/anonymous/eqlog-steensgaard-analysis-benchmark/benchmarks/postgresql-9.5.2/dropdb.bc>:resetPQExpBuffer	1
</home/anonymous/eqlog-steensgaard-analysis-benchmark/benchmarks/postgresql-9.5.2/dropdb.bc>:enlargePQExpBuffer	2
</home/anonymous/eqlog-steensgaard-analysis-benchmark/benchmarks/postgresql-9.5.2/dropdb.bc>:printfPQExpBuffer	2
</home/anonymous/eqlog-steensgaard-analysis-benchmark/benchmarks/postgresql-9.5.2/dropdb.bc>:appendPQExpBuffer	2
</home/anonymous/eqlog-steensgaard-analysis-benchmark/benchmarks/postgresql-9.5.2/dropdb.bc>:appendPQExpBufferStr	2
</home/anonymous/eqlog-steensgaard-analysis-benchmark/benchmarks/postgresql-9.5.2/dropdb.bc>:appendBinaryPQExpBuffer	3
</home/anonymous/eqlog-steensgaard-analysis-benchmark/benchmarks/postgresql-9.5.2/dropdb.bc>:appendPQExpBufferChar	2
</home/anonymous/eqlog-steensgaard-analysis-benchmark/benchmarks/postgresql-9.5.2/dropdb.bc>:PQinitSSL	1
</home/anonymous/eqlog-steensgaard-analysis-benchmark/benchmarks/postgresql-9.5.2/dropdb.bc>:PQinitOpenSSL	2
</home/anonymous/eqlog-steensgaard-analysis-benchmark/benchmarks/postgresql-9.5.2/dropdb.bc>:PQsslInUse	1
</home/anonymous/eqlog-steensgaard-analysis-benchmark/benchmarks/postgresql-9.5.2/dropdb.bc>:PQgetssl	1
</home/anonymous/eqlog-steensgaard-analysis-benchmark/benchmarks/postgresql-9.5.2/dropdb.bc>:PQsslStruct	2
</home/anonymous/eqlog-steensgaard-analysis-benchmark/benchmarks/postgresql-9.5.2/dropdb.bc>:PQsslAttribute	2
</home/anonymous/eqlog-steensgaard-analysis-benchmark/benchmarks/postgresql-9.5.2/dropdb.bc>:PQsslAttributeNames	1
</home/anonymous/eqlog-steensgaard-analysis-benchmark/benchmarks/postgresql-9.5.2/dropdb.bc>:PQregisterEventProc	4
</home/anonymous/eqlog-steensgaard-analysis-benchmark/benchmarks/postgresql-9.5.2/dropdb.bc>:PQsetInstanceData	3
</home/anonymous/eqlog-steensgaard-analysis-benchmark/benchmarks/postgresql-9.5.2/dropdb.bc>:PQinstanceData	2
</home/anonymous/eqlog-steensgaard-analysis-benchmark/benchmarks/postgresql-9.5.2/dropdb.bc>:PQresultSetInstanceData	3
</home/anonymous/eqlog-steensgaard-analysis-benchmark/benchmarks/postgresql-9.5.2/dropdb.bc>:PQresultInstanceData	2
</home/anonymous/eqlog-steensgaard-analysis-benchmark/benchmarks/postgresql-9.5.2/dropdb.bc>:PQfireResultCreateEvents	2
</home/anonymous/eqlog-steensgaard-analysis-benchmark/benchmarks/postgresql-9.5.2/dropdb.bc>:pqsignal	2
</home/anonymous/eqlog-steensgaard-analysis-benchmark/benchmarks/postgresql-9.5.2/dropdb.bc>:pg_char_to_encoding	1
</home/anonymous/eqlog-steensgaard-analysis-benchmark/benchmarks/postgresql-9.5.2/dropdb.bc>:pg_valid_server_encoding	1
</home/anonymous/eqlog-steensgaard-analysis-benchmark/benchmarks/postgresql-9.5.2/dropdb.bc>:pg_valid_server_encoding_id	1
</home/anonymous/eqlog-steensgaard-analysis-benchmark/benchmarks/postgresql-9.5.2/dropdb.bc>:pg_encoding_to_char	1
</home/anonymous/eqlog-steensgaard-analysis-benchmark/benchmarks/postgresql-9.5.2/dropdb.bc>:pg_utf_mblen	1
</home/anonymous/eqlog-steensgaard-analysis-benchmark/benchmarks/postgresql-9.5.2/dropdb.bc>:pg_md5_encrypt	4
</home/anonymous/eqlog-steensgaard-analysis-benchmark/benchmarks/postgresql-9.5.2/dropdb.bc>:connectDBComplete	1
</home/anonymous/eqlog-steensgaard-analysis-benchmark/benchmarks/postgresql-9.5.2/dropdb.bc>:makeEmptyPGconn	0
</home/anonymous/eqlog-steensgaard-analysis-benchmark/benchmarks/postgresql-9.5.2/dropdb.bc>:conninfo_array_parse	5
</home/anonymous/eqlog-steensgaard-analysis-benchmark/benchmarks/postgresql-9.5.2/dropdb.bc>:fillPGconn	2
</home/anonymous/eqlog-steensgaard-analysis-benchmark/benchmarks/postgresql-9.5.2/dropdb.bc>:connectOptions2	1
</home/anonymous/eqlog-steensgaard-analysis-benchmark/benchmarks/postgresql-9.5.2/dropdb.bc>:connectDBStart	1
</home/anonymous/eqlog-steensgaard-analysis-benchmark/benchmarks/postgresql-9.5.2/dropdb.bc>:internal_ping	1
</home/anonymous/eqlog-steensgaard-analysis-benchmark/benchmarks/postgresql-9.5.2/dropdb.bc>:closePGconn	1
</home/anonymous/eqlog-steensgaard-analysis-benchmark/benchmarks/postgresql-9.5.2/dropdb.bc>:freePGconn	1
</home/anonymous/eqlog-steensgaard-analysis-benchmark/benchmarks/postgresql-9.5.2/dropdb.bc>:connectOptions1	2
</home/anonymous/eqlog-steensgaard-analysis-benchmark/benchmarks/postgresql-9.5.2/dropdb.bc>:conninfo_init	1
</home/anonymous/eqlog-steensgaard-analysis-benchmark/benchmarks/postgresql-9.5.2/dropdb.bc>:conninfo_add_defaults	2
</home/anonymous/eqlog-steensgaard-analysis-benchmark/benchmarks/postgresql-9.5.2/dropdb.bc>:recognized_connection_string	1
</home/anonymous/eqlog-steensgaard-analysis-benchmark/benchmarks/postgresql-9.5.2/dropdb.bc>:pqReadData	1
</home/anonymous/eqlog-steensgaard-analysis-benchmark/benchmarks/postgresql-9.5.2/dropdb.bc>:pqStrerror	3
</home/anonymous/eqlog-steensgaard-analysis-benchmark/benchmarks/postgresql-9.5.2/dropdb.bc>:connectNoDelay	1
</home/anonymous/eqlog-steensgaard-analysis-benchmark/benchmarks/postgresql-9.5.2/dropdb.bc>:pqDropConnection	2
</home/anonymous/eqlog-steensgaard-analysis-benchmark/benchmarks/postgresql-9.5.2/dropdb.bc>:pg_set_noblock	1
</home/anonymous/eqlog-steensgaard-analysis-benchmark/benchmarks/postgresql-9.5.2/dropdb.bc>:useKeepalives	1
</home/anonymous/eqlog-steensgaard-analysis-benchmark/benchmarks/postgresql-9.5.2/dropdb.bc>:setKeepalivesIdle	1
</home/anonymous/eqlog-steensgaard-analysis-benchmark/benchmarks/postgresql-9.5.2/dropdb.bc>:setKeepalivesInterval	1
</home/anonymous/eqlog-steensgaard-analysis-benchmark/benchmarks/postgresql-9.5.2/dropdb.bc>:setKeepalivesCount	1
</home/anonymous/eqlog-steensgaard-analysis-benchmark/benchmarks/postgresql-9.5.2/dropdb.bc>:connectFailureMessage	2
</home/anonymous/eqlog-steensgaard-analysis-benchmark/benchmarks/postgresql-9.5.2/dropdb.bc>:getpeereid	3
</home/anonymous/eqlog-steensgaard-analysis-benchmark/benchmarks/postgresql-9.5.2/dropdb.bc>:pqGetpwuid	5
</home/anonymous/eqlog-steensgaard-analysis-benchmark/benchmarks/postgresql-9.5.2/dropdb.bc>:pqBuildStartupPacket3	3
</home/anonymous/eqlog-steensgaard-analysis-benchmark/benchmarks/postgresql-9.5.2/dropdb.bc>:pqBuildStartupPacket2	3
</home/anonymous/eqlog-steensgaard-analysis-benchmark/benchmarks/postgresql-9.5.2/dropdb.bc>:pqPacketSend	4
</home/anonymous/eqlog-steensgaard-analysis-benchmark/benchmarks/postgresql-9.5.2/dropdb.bc>:pqGetc	2
</home/anonymous/eqlog-steensgaard-analysis-benchmark/benchmarks/postgresql-9.5.2/dropdb.bc>:pqGetInt	3
</home/anonymous/eqlog-steensgaard-analysis-benchmark/benchmarks/postgresql-9.5.2/dropdb.bc>:pqGets_append	2
</home/anonymous/eqlog-steensgaard-analysis-benchmark/benchmarks/postgresql-9.5.2/dropdb.bc>:pqCheckInBufferSpace	2
</home/anonymous/eqlog-steensgaard-analysis-benchmark/benchmarks/postgresql-9.5.2/dropdb.bc>:pqGetErrorNotice3	2
</home/anonymous/eqlog-steensgaard-analysis-benchmark/benchmarks/postgresql-9.5.2/dropdb.bc>:pqGetnchar	3
</home/anonymous/eqlog-steensgaard-analysis-benchmark/benchmarks/postgresql-9.5.2/dropdb.bc>:pg_fe_sendauth	2
</home/anonymous/eqlog-steensgaard-analysis-benchmark/benchmarks/postgresql-9.5.2/dropdb.bc>:pqFlush	1
</home/anonymous/eqlog-steensgaard-analysis-benchmark/benchmarks/postgresql-9.5.2/dropdb.bc>:pg_freeaddrinfo_all	2
</home/anonymous/eqlog-steensgaard-analysis-benchmark/benchmarks/postgresql-9.5.2/dropdb.bc>:pqSetenvPoll	1
</home/anonymous/eqlog-steensgaard-analysis-benchmark/benchmarks/postgresql-9.5.2/dropdb.bc>:dot_pg_pass_warning	1
</home/anonymous/eqlog-steensgaard-analysis-benchmark/benchmarks/postgresql-9.5.2/dropdb.bc>:strlcpy	3
</home/anonymous/eqlog-steensgaard-analysis-benchmark/benchmarks/postgresql-9.5.2/dropdb.bc>:internal_cancel	5
</home/anonymous/eqlog-steensgaard-analysis-benchmark/benchmarks/postgresql-9.5.2/dropdb.bc>:parse_connection_string	3
</home/anonymous/eqlog-steensgaard-analysis-benchmark/benchmarks/postgresql-9.5.2/dropdb.bc>:conninfo_storeval	6
</home/anonymous/eqlog-steensgaard-analysis-benchmark/benchmarks/postgresql-9.5.2/dropdb.bc>:pg_get_encoding_from_locale	2
</home/anonymous/eqlog-steensgaard-analysis-benchmark/benchmarks/postgresql-9.5.2/dropdb.bc>:pqSaveParameterStatus	3
</home/anonymous/eqlog-steensgaard-analysis-benchmark/benchmarks/postgresql-9.5.2/dropdb.bc>:default_threadlock	1
</home/anonymous/eqlog-steensgaard-analysis-benchmark/benchmarks/postgresql-9.5.2/dropdb.bc>:pqSetResultError	2
</home/anonymous/eqlog-steensgaard-analysis-benchmark/benchmarks/postgresql-9.5.2/dropdb.bc>:dupEvents	2
</home/anonymous/eqlog-steensgaard-analysis-benchmark/benchmarks/postgresql-9.5.2/dropdb.bc>:pqResultStrdup	2
</home/anonymous/eqlog-steensgaard-analysis-benchmark/benchmarks/postgresql-9.5.2/dropdb.bc>:pqResultAlloc	3
</home/anonymous/eqlog-steensgaard-analysis-benchmark/benchmarks/postgresql-9.5.2/dropdb.bc>:check_field_number	2
</home/anonymous/eqlog-steensgaard-analysis-benchmark/benchmarks/postgresql-9.5.2/dropdb.bc>:pqAddTuple	2
</home/anonymous/eqlog-steensgaard-analysis-benchmark/benchmarks/postgresql-9.5.2/dropdb.bc>:PQsendQueryStart	1
</home/anonymous/eqlog-steensgaard-analysis-benchmark/benchmarks/postgresql-9.5.2/dropdb.bc>:pqPutMsgStart	3
</home/anonymous/eqlog-steensgaard-analysis-benchmark/benchmarks/postgresql-9.5.2/dropdb.bc>:pqPuts	2
</home/anonymous/eqlog-steensgaard-analysis-benchmark/benchmarks/postgresql-9.5.2/dropdb.bc>:pqPutMsgEnd	1
</home/anonymous/eqlog-steensgaard-analysis-benchmark/benchmarks/postgresql-9.5.2/dropdb.bc>:pqHandleSendFailure	1
</home/anonymous/eqlog-steensgaard-analysis-benchmark/benchmarks/postgresql-9.5.2/dropdb.bc>:PQsendQueryGuts	9
</home/anonymous/eqlog-steensgaard-analysis-benchmark/benchmarks/postgresql-9.5.2/dropdb.bc>:pqPutInt	3
</home/anonymous/eqlog-steensgaard-analysis-benchmark/benchmarks/postgresql-9.5.2/dropdb.bc>:parseInput	1
</home/anonymous/eqlog-steensgaard-analysis-benchmark/benchmarks/postgresql-9.5.2/dropdb.bc>:pqWait	3
</home/anonymous/eqlog-steensgaard-analysis-benchmark/benchmarks/postgresql-9.5.2/dropdb.bc>:pqSaveErrorResult	1
</home/anonymous/eqlog-steensgaard-analysis-benchmark/benchmarks/postgresql-9.5.2/dropdb.bc>:pqPrepareAsyncResult	1
</home/anonymous/eqlog-steensgaard-analysis-benchmark/benchmarks/postgresql-9.5.2/dropdb.bc>:getCopyResult	2
</home/anonymous/eqlog-steensgaard-analysis-benchmark/benchmarks/postgresql-9.5.2/dropdb.bc>:PQexecStart	1
</home/anonymous/eqlog-steensgaard-analysis-benchmark/benchmarks/postgresql-9.5.2/dropdb.bc>:PQexecFinish	1
</home/anonymous/eqlog-steensgaard-analysis-benchmark/benchmarks/postgresql-9.5.2/dropdb.bc>:PQsendDescribe	3
</home/anonymous/eqlog-steensgaard-analysis-benchmark/benchmarks/postgresql-9.5.2/dropdb.bc>:pqCheckOutBufferSpace	2
</home/anonymous/eqlog-steensgaard-analysis-benchmark/benchmarks/postgresql-9.5.2/dropdb.bc>:pqPutnchar	3
</home/anonymous/eqlog-steensgaard-analysis-benchmark/benchmarks/postgresql-9.5.2/dropdb.bc>:pqGetCopyData3	3
</home/anonymous/eqlog-steensgaard-analysis-benchmark/benchmarks/postgresql-9.5.2/dropdb.bc>:pqGetCopyData2	3
</home/anonymous/eqlog-steensgaard-analysis-benchmark/benchmarks/postgresql-9.5.2/dropdb.bc>:pqGetline3	3
</home/anonymous/eqlog-steensgaard-analysis-benchmark/benchmarks/postgresql-9.5.2/dropdb.bc>:pqGetline2	3
</home/anonymous/eqlog-steensgaard-analysis-benchmark/benchmarks/postgresql-9.5.2/dropdb.bc>:pqGetlineAsync3	3
</home/anonymous/eqlog-steensgaard-analysis-benchmark/benchmarks/postgresql-9.5.2/dropdb.bc>:pqGetlineAsync2	3
</home/anonymous/eqlog-steensgaard-analysis-benchmark/benchmarks/postgresql-9.5.2/dropdb.bc>:pqEndcopy3	1
</home/anonymous/eqlog-steensgaard-analysis-benchmark/benchmarks/postgresql-9.5.2/dropdb.bc>:pqEndcopy2	1
</home/anonymous/eqlog-steensgaard-analysis-benchmark/benchmarks/postgresql-9.5.2/dropdb.bc>:pqFunctionCall3	7
</home/anonymous/eqlog-steensgaard-analysis-benchmark/benchmarks/postgresql-9.5.2/dropdb.bc>:pqFunctionCall2	7
</home/anonymous/eqlog-steensgaard-analysis-benchmark/benchmarks/postgresql-9.5.2/dropdb.bc>:pg_tolower.258	1
</home/anonymous/eqlog-steensgaard-analysis-benchmark/benchmarks/postgresql-9.5.2/dropdb.bc>:pqInternalNotice	2
</home/anonymous/eqlog-steensgaard-analysis-benchmark/benchmarks/postgresql-9.5.2/dropdb.bc>:check_tuple_field_number	3
</home/anonymous/eqlog-steensgaard-analysis-benchmark/benchmarks/postgresql-9.5.2/dropdb.bc>:check_param_number	2
</home/anonymous/eqlog-steensgaard-analysis-benchmark/benchmarks/postgresql-9.5.2/dropdb.bc>:PQescapeStringInternal	7
</home/anonymous/eqlog-steensgaard-analysis-benchmark/benchmarks/postgresql-9.5.2/dropdb.bc>:PQescapeInternal	4
</home/anonymous/eqlog-steensgaard-analysis-benchmark/benchmarks/postgresql-9.5.2/dropdb.bc>:PQescapeByteaInternal	6
</home/anonymous/eqlog-steensgaard-analysis-benchmark/benchmarks/postgresql-9.5.2/dropdb.bc>:get_hex	1
</home/anonymous/eqlog-steensgaard-analysis-benchmark/benchmarks/postgresql-9.5.2/dropdb.bc>:pg_encoding_mblen	2
</home/anonymous/eqlog-steensgaard-analysis-benchmark/benchmarks/postgresql-9.5.2/dropdb.bc>:pg_encoding_dsplen	2
</home/anonymous/eqlog-steensgaard-analysis-benchmark/benchmarks/postgresql-9.5.2/dropdb.bc>:pq_block_sigpipe	2
</home/anonymous/eqlog-steensgaard-analysis-benchmark/benchmarks/postgresql-9.5.2/dropdb.bc>:do_field	12
</home/anonymous/eqlog-steensgaard-analysis-benchmark/benchmarks/postgresql-9.5.2/dropdb.bc>:do_header	8
</home/anonymous/eqlog-steensgaard-analysis-benchmark/benchmarks/postgresql-9.5.2/dropdb.bc>:output_row	8
</home/anonymous/eqlog-steensgaard-analysis-benchmark/benchmarks/postgresql-9.5.2/dropdb.bc>:pq_reset_sigpipe	3
</home/anonymous/eqlog-steensgaard-analysis-benchmark/benchmarks/postgresql-9.5.2/dropdb.bc>:fill	4
</home/anonymous/eqlog-steensgaard-analysis-benchmark/benchmarks/postgresql-9.5.2/dropdb.bc>:lo_initialize	1
</home/anonymous/eqlog-steensgaard-analysis-benchmark/benchmarks/postgresql-9.5.2/dropdb.bc>:lo_hton64	1
</home/anonymous/eqlog-steensgaard-analysis-benchmark/benchmarks/postgresql-9.5.2/dropdb.bc>:lo_ntoh64	1
</home/anonymous/eqlog-steensgaard-analysis-benchmark/benchmarks/postgresql-9.5.2/dropdb.bc>:lo_import_internal	3
</home/anonymous/eqlog-steensgaard-analysis-benchmark/benchmarks/postgresql-9.5.2/dropdb.bc>:markPQExpBufferBroken	1
</home/anonymous/eqlog-steensgaard-analysis-benchmark/benchmarks/postgresql-9.5.2/dropdb.bc>:appendPQExpBufferVA	3
</home/anonymous/eqlog-steensgaard-analysis-benchmark/benchmarks/postgresql-9.5.2/dropdb.bc>:clean_encoding_name	2
</home/anonymous/eqlog-steensgaard-analysis-benchmark/benchmarks/postgresql-9.5.2/dropdb.bc>:pg_ascii2wchar_with_len	3
</home/anonymous/eqlog-steensgaard-analysis-benchmark/benchmarks/postgresql-9.5.2/dropdb.bc>:pg_wchar2single_with_len	3
</home/anonymous/eqlog-steensgaard-analysis-benchmark/benchmarks/postgresql-9.5.2/dropdb.bc>:pg_ascii_mblen	1
</home/anonymous/eqlog-steensgaard-analysis-benchmark/benchmarks/postgresql-9.5.2/dropdb.bc>:pg_ascii_dsplen	1
</home/anonymous/eqlog-steensgaard-analysis-benchmark/benchmarks/postgresql-9.5.2/dropdb.bc>:pg_ascii_verifier	2
</home/anonymous/eqlog-steensgaard-analysis-benchmark/benchmarks/postgresql-9.5.2/dropdb.bc>:pg_eucjp2wchar_with_len	3
</home/anonymous/eqlog-steensgaard-analysis-benchmark/benchmarks/postgresql-9.5.2/dropdb.bc>:pg_wchar2euc_with_len	3
</home/anonymous/eqlog-steensgaard-analysis-benchmark/benchmarks/postgresql-9.5.2/dropdb.bc>:pg_eucjp_mblen	1
</home/anonymous/eqlog-steensgaard-analysis-benchmark/benchmarks/postgresql-9.5.2/dropdb.bc>:pg_eucjp_dsplen	1
</home/anonymous/eqlog-steensgaard-analysis-benchmark/benchmarks/postgresql-9.5.2/dropdb.bc>:pg_eucjp_verifier	2
</home/anonymous/eqlog-steensgaard-analysis-benchmark/benchmarks/postgresql-9.5.2/dropdb.bc>:pg_euccn2wchar_with_len	3
</home/anonymous/eqlog-steensgaard-analysis-benchmark/benchmarks/postgresql-9.5.2/dropdb.bc>:pg_euccn_mblen	1
</home/anonymous/eqlog-steensgaard-analysis-benchmark/benchmarks/postgresql-9.5.2/dropdb.bc>:pg_euccn_dsplen	1
</home/anonymous/eqlog-steensgaard-analysis-benchmark/benchmarks/postgresql-9.5.2/dropdb.bc>:pg_euckr_verifier	2
</home/anonymous/eqlog-steensgaard-analysis-benchmark/benchmarks/postgresql-9.5.2/dropdb.bc>:pg_euckr2wchar_with_len	3
</home/anonymous/eqlog-steensgaard-analysis-benchmark/benchmarks/postgresql-9.5.2/dropdb.bc>:pg_euckr_mblen	1
</home/anonymous/eqlog-steensgaard-analysis-benchmark/benchmarks/postgresql-9.5.2/dropdb.bc>:pg_euckr_dsplen	1
</home/anonymous/eqlog-steensgaard-analysis-benchmark/benchmarks/postgresql-9.5.2/dropdb.bc>:pg_euctw2wchar_with_len	3
</home/anonymous/eqlog-steensgaard-analysis-benchmark/benchmarks/postgresql-9.5.2/dropdb.bc>:pg_euctw_mblen	1
</home/anonymous/eqlog-steensgaard-analysis-benchmark/benchmarks/postgresql-9.5.2/dropdb.bc>:pg_euctw_dsplen	1
</home/anonymous/eqlog-steensgaard-analysis-benchmark/benchmarks/postgresql-9.5.2/dropdb.bc>:pg_euctw_verifier	2
</home/anonymous/eqlog-steensgaard-analysis-benchmark/benchmarks/postgresql-9.5.2/dropdb.bc>:pg_utf2wchar_with_len	3
</home/anonymous/eqlog-steensgaard-analysis-benchmark/benchmarks/postgresql-9.5.2/dropdb.bc>:pg_wchar2utf_with_len	3
</home/anonymous/eqlog-steensgaard-analysis-benchmark/benchmarks/postgresql-9.5.2/dropdb.bc>:pg_utf_dsplen	1
</home/anonymous/eqlog-steensgaard-analysis-benchmark/benchmarks/postgresql-9.5.2/dropdb.bc>:pg_utf8_verifier	2
</home/anonymous/eqlog-steensgaard-analysis-benchmark/benchmarks/postgresql-9.5.2/dropdb.bc>:pg_mule2wchar_with_len	3
</home/anonymous/eqlog-steensgaard-analysis-benchmark/benchmarks/postgresql-9.5.2/dropdb.bc>:pg_wchar2mule_with_len	3
</home/anonymous/eqlog-steensgaard-analysis-benchmark/benchmarks/postgresql-9.5.2/dropdb.bc>:pg_mule_mblen	1
</home/anonymous/eqlog-steensgaard-analysis-benchmark/benchmarks/postgresql-9.5.2/dropdb.bc>:pg_mule_dsplen	1
</home/anonymous/eqlog-steensgaard-analysis-benchmark/benchmarks/postgresql-9.5.2/dropdb.bc>:pg_mule_verifier	2
</home/anonymous/eqlog-steensgaard-analysis-benchmark/benchmarks/postgresql-9.5.2/dropdb.bc>:pg_latin12wchar_with_len	3
</home/anonymous/eqlog-steensgaard-analysis-benchmark/benchmarks/postgresql-9.5.2/dropdb.bc>:pg_latin1_mblen	1
</home/anonymous/eqlog-steensgaard-analysis-benchmark/benchmarks/postgresql-9.5.2/dropdb.bc>:pg_latin1_dsplen	1
</home/anonymous/eqlog-steensgaard-analysis-benchmark/benchmarks/postgresql-9.5.2/dropdb.bc>:pg_latin1_verifier	2
</home/anonymous/eqlog-steensgaard-analysis-benchmark/benchmarks/postgresql-9.5.2/dropdb.bc>:pg_sjis_mblen	1
</home/anonymous/eqlog-steensgaard-analysis-benchmark/benchmarks/postgresql-9.5.2/dropdb.bc>:pg_sjis_dsplen	1
</home/anonymous/eqlog-steensgaard-analysis-benchmark/benchmarks/postgresql-9.5.2/dropdb.bc>:pg_sjis_verifier	2
</home/anonymous/eqlog-steensgaard-analysis-benchmark/benchmarks/postgresql-9.5.2/dropdb.bc>:pg_big5_mblen	1
</home/anonymous/eqlog-steensgaard-analysis-benchmark/benchmarks/postgresql-9.5.2/dropdb.bc>:pg_big5_dsplen	1
</home/anonymous/eqlog-steensgaard-analysis-benchmark/benchmarks/postgresql-9.5.2/dropdb.bc>:pg_big5_verifier	2
</home/anonymous/eqlog-steensgaard-analysis-benchmark/benchmarks/postgresql-9.5.2/dropdb.bc>:pg_gbk_mblen	1
</home/anonymous/eqlog-steensgaard-analysis-benchmark/benchmarks/postgresql-9.5.2/dropdb.bc>:pg_gbk_dsplen	1
</home/anonymous/eqlog-steensgaard-analysis-benchmark/benchmarks/postgresql-9.5.2/dropdb.bc>:pg_gbk_verifier	2
</home/anonymous/eqlog-steensgaard-analysis-benchmark/benchmarks/postgresql-9.5.2/dropdb.bc>:pg_uhc_mblen	1
</home/anonymous/eqlog-steensgaard-analysis-benchmark/benchmarks/postgresql-9.5.2/dropdb.bc>:pg_uhc_dsplen	1
</home/anonymous/eqlog-steensgaard-analysis-benchmark/benchmarks/postgresql-9.5.2/dropdb.bc>:pg_uhc_verifier	2
</home/anonymous/eqlog-steensgaard-analysis-benchmark/benchmarks/postgresql-9.5.2/dropdb.bc>:pg_gb18030_mblen	1
</home/anonymous/eqlog-steensgaard-analysis-benchmark/benchmarks/postgresql-9.5.2/dropdb.bc>:pg_gb18030_dsplen	1
</home/anonymous/eqlog-steensgaard-analysis-benchmark/benchmarks/postgresql-9.5.2/dropdb.bc>:pg_gb18030_verifier	2
</home/anonymous/eqlog-steensgaard-analysis-benchmark/benchmarks/postgresql-9.5.2/dropdb.bc>:pg_johab_mblen	1
</home/anonymous/eqlog-steensgaard-analysis-benchmark/benchmarks/postgresql-9.5.2/dropdb.bc>:pg_johab_dsplen	1
</home/anonymous/eqlog-steensgaard-analysis-benchmark/benchmarks/postgresql-9.5.2/dropdb.bc>:pg_johab_verifier	2
</home/anonymous/eqlog-steensgaard-analysis-benchmark/benchmarks/postgresql-9.5.2/dropdb.bc>:pg_euc_dsplen	1
</home/anonymous/eqlog-steensgaard-analysis-benchmark/benchmarks/postgresql-9.5.2/dropdb.bc>:pg_euc_mblen	1
</home/anonymous/eqlog-steensgaard-analysis-benchmark/benchmarks/postgresql-9.5.2/dropdb.bc>:pg_utf8_islegal	2
</home/anonymous/eqlog-steensgaard-analysis-benchmark/benchmarks/postgresql-9.5.2/dropdb.bc>:utf8_to_unicode	1
</home/anonymous/eqlog-steensgaard-analysis-benchmark/benchmarks/postgresql-9.5.2/dropdb.bc>:ucs_wcwidth	1
</home/anonymous/eqlog-steensgaard-analysis-benchmark/benchmarks/postgresql-9.5.2/dropdb.bc>:mbbisearch	3
</home/anonymous/eqlog-steensgaard-analysis-benchmark/benchmarks/postgresql-9.5.2/dropdb.bc>:unicode_to_utf8	2
</home/anonymous/eqlog-steensgaard-analysis-benchmark/benchmarks/postgresql-9.5.2/dropdb.bc>:pg_euc2wchar_with_len	3
</home/anonymous/eqlog-steensgaard-analysis-benchmark/benchmarks/postgresql-9.5.2/dropdb.bc>:pqSaveMessageField	3
</home/anonymous/eqlog-steensgaard-analysis-benchmark/benchmarks/postgresql-9.5.2/dropdb.bc>:pqGetErrorNotice2	2
</home/anonymous/eqlog-steensgaard-analysis-benchmark/benchmarks/postgresql-9.5.2/dropdb.bc>:getNotify	1
</home/anonymous/eqlog-steensgaard-analysis-benchmark/benchmarks/postgresql-9.5.2/dropdb.bc>:pqGets	2
</home/anonymous/eqlog-steensgaard-analysis-benchmark/benchmarks/postgresql-9.5.2/dropdb.bc>:pqGets_internal	3
</home/anonymous/eqlog-steensgaard-analysis-benchmark/benchmarks/postgresql-9.5.2/dropdb.bc>:pqClearAsyncResult	1
</home/anonymous/eqlog-steensgaard-analysis-benchmark/benchmarks/postgresql-9.5.2/dropdb.bc>:handleSyncLoss	3
</home/anonymous/eqlog-steensgaard-analysis-benchmark/benchmarks/postgresql-9.5.2/dropdb.bc>:getNotify.395	1
</home/anonymous/eqlog-steensgaard-analysis-benchmark/benchmarks/postgresql-9.5.2/dropdb.bc>:getReadyForQuery	1
</home/anonymous/eqlog-steensgaard-analysis-benchmark/benchmarks/postgresql-9.5.2/dropdb.bc>:getParameterStatus	1
</home/anonymous/eqlog-steensgaard-analysis-benchmark/benchmarks/postgresql-9.5.2/dropdb.bc>:getCopyDataMessage	1
</home/anonymous/eqlog-steensgaard-analysis-benchmark/benchmarks/postgresql-9.5.2/dropdb.bc>:pqPutMsgBytes	3
</home/anonymous/eqlog-steensgaard-analysis-benchmark/benchmarks/postgresql-9.5.2/dropdb.bc>:fputnbytes	3
</home/anonymous/eqlog-steensgaard-analysis-benchmark/benchmarks/postgresql-9.5.2/dropdb.bc>:pqPutc	2
</home/anonymous/eqlog-steensgaard-analysis-benchmark/benchmarks/postgresql-9.5.2/dropdb.bc>:pqCatenateResultError	2
</home/anonymous/eqlog-steensgaard-analysis-benchmark/benchmarks/postgresql-9.5.2/dropdb.bc>:pqWaitTimed	4
</home/anonymous/eqlog-steensgaard-analysis-benchmark/benchmarks/postgresql-9.5.2/dropdb.bc>:pqSocketCheck	4
</home/anonymous/eqlog-steensgaard-analysis-benchmark/benchmarks/postgresql-9.5.2/dropdb.bc>:pqSocketPoll	4
</home/anonymous/eqlog-steensgaard-analysis-benchmark/benchmarks/postgresql-9.5.2/dropdb.bc>:pqParseInput3	1
</home/anonymous/eqlog-steensgaard-analysis-benchmark/benchmarks/postgresql-9.5.2/dropdb.bc>:pqParseInput2	1
</home/anonymous/eqlog-steensgaard-analysis-benchmark/benchmarks/postgresql-9.5.2/dropdb.bc>:checkXactStatus	2
</home/anonymous/eqlog-steensgaard-analysis-benchmark/benchmarks/postgresql-9.5.2/dropdb.bc>:getRowDescriptions	1
</home/anonymous/eqlog-steensgaard-analysis-benchmark/benchmarks/postgresql-9.5.2/dropdb.bc>:getAnotherTuple	2
</home/anonymous/eqlog-steensgaard-analysis-benchmark/benchmarks/postgresql-9.5.2/dropdb.bc>:pqSkipnchar	2
</home/anonymous/eqlog-steensgaard-analysis-benchmark/benchmarks/postgresql-9.5.2/dropdb.bc>:pqRowProcessor	2
</home/anonymous/eqlog-steensgaard-analysis-benchmark/benchmarks/postgresql-9.5.2/dropdb.bc>:getRowDescriptions.398	2
</home/anonymous/eqlog-steensgaard-analysis-benchmark/benchmarks/postgresql-9.5.2/dropdb.bc>:getParamDescriptions	2
</home/anonymous/eqlog-steensgaard-analysis-benchmark/benchmarks/postgresql-9.5.2/dropdb.bc>:getAnotherTuple.399	2
</home/anonymous/eqlog-steensgaard-analysis-benchmark/benchmarks/postgresql-9.5.2/dropdb.bc>:getCopyStart	2
</home/anonymous/eqlog-steensgaard-analysis-benchmark/benchmarks/postgresql-9.5.2/dropdb.bc>:pqSendSome	2
</home/anonymous/eqlog-steensgaard-analysis-benchmark/benchmarks/postgresql-9.5.2/dropdb.bc>:pqsecure_write	3
</home/anonymous/eqlog-steensgaard-analysis-benchmark/benchmarks/postgresql-9.5.2/dropdb.bc>:pqsecure_raw_write	3
</home/anonymous/eqlog-steensgaard-analysis-benchmark/benchmarks/postgresql-9.5.2/dropdb.bc>:pg_strcasecmp	2
</home/anonymous/eqlog-steensgaard-analysis-benchmark/benchmarks/postgresql-9.5.2/dropdb.bc>:conninfo_find	2
</home/anonymous/eqlog-steensgaard-analysis-benchmark/benchmarks/postgresql-9.5.2/dropdb.bc>:conninfo_uri_decode	2
</home/anonymous/eqlog-steensgaard-analysis-benchmark/benchmarks/postgresql-9.5.2/dropdb.bc>:get_hexdigit	2
</home/anonymous/eqlog-steensgaard-analysis-benchmark/benchmarks/postgresql-9.5.2/dropdb.bc>:uri_prefix_length	1
</home/anonymous/eqlog-steensgaard-analysis-benchmark/benchmarks/postgresql-9.5.2/dropdb.bc>:conninfo_uri_parse	3
</home/anonymous/eqlog-steensgaard-analysis-benchmark/benchmarks/postgresql-9.5.2/dropdb.bc>:conninfo_parse	3
</home/anonymous/eqlog-steensgaard-analysis-benchmark/benchmarks/postgresql-9.5.2/dropdb.bc>:conninfo_uri_parse_options	3
</home/anonymous/eqlog-steensgaard-analysis-benchmark/benchmarks/postgresql-9.5.2/dropdb.bc>:conninfo_uri_parse_params	3
</home/anonymous/eqlog-steensgaard-analysis-benchmark/benchmarks/postgresql-9.5.2/dropdb.bc>:getPgPassFilename	1
</home/anonymous/eqlog-steensgaard-analysis-benchmark/benchmarks/postgresql-9.5.2/dropdb.bc>:pqGetHomeDirectory	2
</home/anonymous/eqlog-steensgaard-analysis-benchmark/benchmarks/postgresql-9.5.2/dropdb.bc>:pg_password_sendauth	3
</home/anonymous/eqlog-steensgaard-analysis-benchmark/benchmarks/postgresql-9.5.2/dropdb.bc>:pg_local_sendauth	1
</home/anonymous/eqlog-steensgaard-analysis-benchmark/benchmarks/postgresql-9.5.2/dropdb.bc>:reportErrorPosition	4
</home/anonymous/eqlog-steensgaard-analysis-benchmark/benchmarks/postgresql-9.5.2/dropdb.bc>:pg_encoding_max_length	1
</home/anonymous/eqlog-steensgaard-analysis-benchmark/benchmarks/postgresql-9.5.2/dropdb.bc>:build_startup_packet	3
</home/anonymous/eqlog-steensgaard-analysis-benchmark/benchmarks/postgresql-9.5.2/dropdb.bc>:pg_getnameinfo_all	7
</home/anonymous/eqlog-steensgaard-analysis-benchmark/benchmarks/postgresql-9.5.2/dropdb.bc>:inet_net_ntop	5
</home/anonymous/eqlog-steensgaard-analysis-benchmark/benchmarks/postgresql-9.5.2/dropdb.bc>:inet_net_ntop_ipv4	4
</home/anonymous/eqlog-steensgaard-analysis-benchmark/benchmarks/postgresql-9.5.2/dropdb.bc>:inet_net_ntop_ipv6	4
</home/anonymous/eqlog-steensgaard-analysis-benchmark/benchmarks/postgresql-9.5.2/dropdb.bc>:decoct	4
</home/anonymous/eqlog-steensgaard-analysis-benchmark/benchmarks/postgresql-9.5.2/dropdb.bc>:getnameinfo_unix	7
</home/anonymous/eqlog-steensgaard-analysis-benchmark/benchmarks/postgresql-9.5.2/dropdb.bc>:pqsecure_close	1
</home/anonymous/eqlog-steensgaard-analysis-benchmark/benchmarks/postgresql-9.5.2/dropdb.bc>:pqsecure_read	3
</home/anonymous/eqlog-steensgaard-analysis-benchmark/benchmarks/postgresql-9.5.2/dropdb.bc>:pqReadReady	1
</home/anonymous/eqlog-steensgaard-analysis-benchmark/benchmarks/postgresql-9.5.2/dropdb.bc>:pqsecure_raw_read	3
</home/anonymous/eqlog-steensgaard-analysis-benchmark/benchmarks/postgresql-9.5.2/dropdb.bc>:parseServiceInfo	2
</home/anonymous/eqlog-steensgaard-analysis-benchmark/benchmarks/postgresql-9.5.2/dropdb.bc>:pg_fe_getauthname	1
</home/anonymous/eqlog-steensgaard-analysis-benchmark/benchmarks/postgresql-9.5.2/dropdb.bc>:conninfo_getval	2
</home/anonymous/eqlog-steensgaard-analysis-benchmark/benchmarks/postgresql-9.5.2/dropdb.bc>:parseServiceFile	5
</home/anonymous/eqlog-steensgaard-analysis-benchmark/benchmarks/postgresql-9.5.2/dropdb.bc>:pg_getaddrinfo_all	4
</home/anonymous/eqlog-steensgaard-analysis-benchmark/benchmarks/postgresql-9.5.2/dropdb.bc>:getaddrinfo_unix	3
</home/anonymous/eqlog-steensgaard-analysis-benchmark/benchmarks/postgresql-9.5.2/dropdb.bc>:PasswordFromFile	4
</home/anonymous/eqlog-steensgaard-analysis-benchmark/benchmarks/postgresql-9.5.2/dropdb.bc>:pwdfMatchesString	2
</home/anonymous/eqlog-steensgaard-analysis-benchmark/benchmarks/postgresql-9.5.2/dropdb.bc>:defaultNoticeReceiver	2
</home/anonymous/eqlog-steensgaard-analysis-benchmark/benchmarks/postgresql-9.5.2/dropdb.bc>:defaultNoticeProcessor	2
</home/anonymous/eqlog-steensgaard-analysis-benchmark/benchmarks/postgresql-9.5.2/dropdb.bc>:pg_md5_hash	3
</home/anonymous/eqlog-steensgaard-analysis-benchmark/benchmarks/postgresql-9.5.2/dropdb.bc>:calculateDigestFromBuffer	3
</home/anonymous/eqlog-steensgaard-analysis-benchmark/benchmarks/postgresql-9.5.2/dropdb.bc>:bytesToHex	2
</home/anonymous/eqlog-steensgaard-analysis-benchmark/benchmarks/postgresql-9.5.2/dropdb.bc>:createPaddedCopyWithLength	2
</home/anonymous/eqlog-steensgaard-analysis-benchmark/benchmarks/postgresql-9.5.2/dropdb.bc>:doTheRounds	2
