</home/anonymous/eqlog-steensgaard-analysis-benchmark/benchmarks/coreutils-8.24/ls.bc>:main:439	</home/anonymous/eqlog-steensgaard-analysis-benchmark/benchmarks/coreutils-8.24/ls.bc>:main:%119
</home/anonymous/eqlog-steensgaard-analysis-benchmark/benchmarks/coreutils-8.24/ls.bc>:decode_switches:676	</home/anonymous/eqlog-steensgaard-analysis-benchmark/benchmarks/coreutils-8.24/ls.bc>:decode_switches:%132
</home/anonymous/eqlog-steensgaard-analysis-benchmark/benchmarks/coreutils-8.24/ls.bc>:is_colored:40	</home/anonymous/eqlog-steensgaard-analysis-benchmark/benchmarks/coreutils-8.24/ls.bc>:is_colored:%lnot
</home/anonymous/eqlog-steensgaard-analysis-benchmark/benchmarks/coreutils-8.24/ls.bc>:dev_ino_hash:16	</home/anonymous/eqlog-steensgaard-analysis-benchmark/benchmarks/coreutils-8.24/ls.bc>:dev_ino_hash:%rem
</home/anonymous/eqlog-steensgaard-analysis-benchmark/benchmarks/coreutils-8.24/ls.bc>:dev_ino_compare:35	</home/anonymous/eqlog-steensgaard-analysis-benchmark/benchmarks/coreutils-8.24/ls.bc>:dev_ino_compare:%tobool
</home/anonymous/eqlog-steensgaard-analysis-benchmark/benchmarks/coreutils-8.24/ls.bc>:gobble_file:768	</home/anonymous/eqlog-steensgaard-analysis-benchmark/benchmarks/coreutils-8.24/ls.bc>:gobble_file:%218
</home/anonymous/eqlog-steensgaard-analysis-benchmark/benchmarks/coreutils-8.24/ls.bc>:dev_ino_pop:48	</home/anonymous/eqlog-steensgaard-analysis-benchmark/benchmarks/coreutils-8.24/ls.bc>:dev_ino_pop:%16
</home/anonymous/eqlog-steensgaard-analysis-benchmark/benchmarks/coreutils-8.24/ls.bc>:get_funky_string:278	</home/anonymous/eqlog-steensgaard-analysis-benchmark/benchmarks/coreutils-8.24/ls.bc>:get_funky_string:%cmp107
</home/anonymous/eqlog-steensgaard-analysis-benchmark/benchmarks/coreutils-8.24/ls.bc>:bad_cast:4	</home/anonymous/eqlog-steensgaard-analysis-benchmark/benchmarks/coreutils-8.24/ls.bc>:bad_cast:%0
</home/anonymous/eqlog-steensgaard-analysis-benchmark/benchmarks/coreutils-8.24/ls.bc>:abmon_init:64	</home/anonymous/eqlog-steensgaard-analysis-benchmark/benchmarks/coreutils-8.24/ls.bc>:abmon_init:%16
</home/anonymous/eqlog-steensgaard-analysis-benchmark/benchmarks/coreutils-8.24/ls.bc>:known_term_type:46	</home/anonymous/eqlog-steensgaard-analysis-benchmark/benchmarks/coreutils-8.24/ls.bc>:known_term_type:%9
</home/anonymous/eqlog-steensgaard-analysis-benchmark/benchmarks/coreutils-8.24/ls.bc>:visit_dir:48	</home/anonymous/eqlog-steensgaard-analysis-benchmark/benchmarks/coreutils-8.24/ls.bc>:visit_dir:%tobool5
</home/anonymous/eqlog-steensgaard-analysis-benchmark/benchmarks/coreutils-8.24/ls.bc>:quote_name:297	</home/anonymous/eqlog-steensgaard-analysis-benchmark/benchmarks/coreutils-8.24/ls.bc>:quote_name:%83
</home/anonymous/eqlog-steensgaard-analysis-benchmark/benchmarks/coreutils-8.24/ls.bc>:to_uchar:4	</home/anonymous/eqlog-steensgaard-analysis-benchmark/benchmarks/coreutils-8.24/ls.bc>:to_uchar:%0
</home/anonymous/eqlog-steensgaard-analysis-benchmark/benchmarks/coreutils-8.24/ls.bc>:file_ignored:40	</home/anonymous/eqlog-steensgaard-analysis-benchmark/benchmarks/coreutils-8.24/ls.bc>:file_ignored:%13
</home/anonymous/eqlog-steensgaard-analysis-benchmark/benchmarks/coreutils-8.24/ls.bc>:patterns_match:33	</home/anonymous/eqlog-steensgaard-analysis-benchmark/benchmarks/coreutils-8.24/ls.bc>:patterns_match:%7
</home/anonymous/eqlog-steensgaard-analysis-benchmark/benchmarks/coreutils-8.24/ls.bc>:is_smack_enabled:0	</home/anonymous/eqlog-steensgaard-analysis-benchmark/benchmarks/coreutils-8.24/ls.bc>:is_smack_enabled:0:0:false
</home/anonymous/eqlog-steensgaard-analysis-benchmark/benchmarks/coreutils-8.24/ls.bc>:has_capability_cache:42	</home/anonymous/eqlog-steensgaard-analysis-benchmark/benchmarks/coreutils-8.24/ls.bc>:has_capability_cache:%9
</home/anonymous/eqlog-steensgaard-analysis-benchmark/benchmarks/coreutils-8.24/ls.bc>:has_capability:5	</home/anonymous/eqlog-steensgaard-analysis-benchmark/benchmarks/coreutils-8.24/ls.bc>:has_capability:5:0:false
</home/anonymous/eqlog-steensgaard-analysis-benchmark/benchmarks/coreutils-8.24/ls.bc>:errno_unsupported:13	</home/anonymous/eqlog-steensgaard-analysis-benchmark/benchmarks/coreutils-8.24/ls.bc>:errno_unsupported:%3
</home/anonymous/eqlog-steensgaard-analysis-benchmark/benchmarks/coreutils-8.24/ls.bc>:getfilecon_cache:57	</home/anonymous/eqlog-steensgaard-analysis-benchmark/benchmarks/coreutils-8.24/ls.bc>:getfilecon_cache:%13
</home/anonymous/eqlog-steensgaard-analysis-benchmark/benchmarks/coreutils-8.24/ls.bc>:is_ENOTSUP:8	</home/anonymous/eqlog-steensgaard-analysis-benchmark/benchmarks/coreutils-8.24/ls.bc>:is_ENOTSUP:%1
</home/anonymous/eqlog-steensgaard-analysis-benchmark/benchmarks/coreutils-8.24/ls.bc>:file_has_acl_cache:44	</home/anonymous/eqlog-steensgaard-analysis-benchmark/benchmarks/coreutils-8.24/ls.bc>:file_has_acl_cache:%10
</home/anonymous/eqlog-steensgaard-analysis-benchmark/benchmarks/coreutils-8.24/ls.bc>:make_link_name:66	</home/anonymous/eqlog-steensgaard-analysis-benchmark/benchmarks/coreutils-8.24/ls.bc>:make_link_name:%18
</home/anonymous/eqlog-steensgaard-analysis-benchmark/benchmarks/coreutils-8.24/ls.bc>:format_user_width:14	</home/anonymous/eqlog-steensgaard-analysis-benchmark/benchmarks/coreutils-8.24/ls.bc>:format_user_width:%call1
</home/anonymous/eqlog-steensgaard-analysis-benchmark/benchmarks/coreutils-8.24/ls.bc>:format_user_or_group_width:35	</home/anonymous/eqlog-steensgaard-analysis-benchmark/benchmarks/coreutils-8.24/ls.bc>:format_user_or_group_width:%5
</home/anonymous/eqlog-steensgaard-analysis-benchmark/benchmarks/coreutils-8.24/ls.bc>:format_group_width:14	</home/anonymous/eqlog-steensgaard-analysis-benchmark/benchmarks/coreutils-8.24/ls.bc>:format_group_width:%call1
</home/anonymous/eqlog-steensgaard-analysis-benchmark/benchmarks/coreutils-8.24/ls.bc>:unsigned_file_size:10	</home/anonymous/eqlog-steensgaard-analysis-benchmark/benchmarks/coreutils-8.24/ls.bc>:unsigned_file_size:%add
</home/anonymous/eqlog-steensgaard-analysis-benchmark/benchmarks/coreutils-8.24/ls.bc>:is_directory:14	</home/anonymous/eqlog-steensgaard-analysis-benchmark/benchmarks/coreutils-8.24/ls.bc>:is_directory:%4
</home/anonymous/eqlog-steensgaard-analysis-benchmark/benchmarks/coreutils-8.24/ls.bc>:basename_is_dot_or_dotdot:10	</home/anonymous/eqlog-steensgaard-analysis-benchmark/benchmarks/coreutils-8.24/ls.bc>:basename_is_dot_or_dotdot:%call1
</home/anonymous/eqlog-steensgaard-analysis-benchmark/benchmarks/coreutils-8.24/ls.bc>:dot_or_dotdot:37	</home/anonymous/eqlog-steensgaard-analysis-benchmark/benchmarks/coreutils-8.24/ls.bc>:dot_or_dotdot:%9
</home/anonymous/eqlog-steensgaard-analysis-benchmark/benchmarks/coreutils-8.24/ls.bc>:xstrcoll_name:11	</home/anonymous/eqlog-steensgaard-analysis-benchmark/benchmarks/coreutils-8.24/ls.bc>:xstrcoll_name:%call
</home/anonymous/eqlog-steensgaard-analysis-benchmark/benchmarks/coreutils-8.24/ls.bc>:cmp_name:17	</home/anonymous/eqlog-steensgaard-analysis-benchmark/benchmarks/coreutils-8.24/ls.bc>:cmp_name:%call
</home/anonymous/eqlog-steensgaard-analysis-benchmark/benchmarks/coreutils-8.24/ls.bc>:xstrcoll:30	</home/anonymous/eqlog-steensgaard-analysis-benchmark/benchmarks/coreutils-8.24/ls.bc>:xstrcoll:%6
</home/anonymous/eqlog-steensgaard-analysis-benchmark/benchmarks/coreutils-8.24/ls.bc>:xstrcoll_df_name:47	</home/anonymous/eqlog-steensgaard-analysis-benchmark/benchmarks/coreutils-8.24/ls.bc>:xstrcoll_df_name:%12
</home/anonymous/eqlog-steensgaard-analysis-benchmark/benchmarks/coreutils-8.24/ls.bc>:rev_xstrcoll_name:11	</home/anonymous/eqlog-steensgaard-analysis-benchmark/benchmarks/coreutils-8.24/ls.bc>:rev_xstrcoll_name:%call
</home/anonymous/eqlog-steensgaard-analysis-benchmark/benchmarks/coreutils-8.24/ls.bc>:rev_xstrcoll_df_name:47	</home/anonymous/eqlog-steensgaard-analysis-benchmark/benchmarks/coreutils-8.24/ls.bc>:rev_xstrcoll_df_name:%12
</home/anonymous/eqlog-steensgaard-analysis-benchmark/benchmarks/coreutils-8.24/ls.bc>:strcmp_name:11	</home/anonymous/eqlog-steensgaard-analysis-benchmark/benchmarks/coreutils-8.24/ls.bc>:strcmp_name:%call
</home/anonymous/eqlog-steensgaard-analysis-benchmark/benchmarks/coreutils-8.24/ls.bc>:strcmp_df_name:47	</home/anonymous/eqlog-steensgaard-analysis-benchmark/benchmarks/coreutils-8.24/ls.bc>:strcmp_df_name:%12
</home/anonymous/eqlog-steensgaard-analysis-benchmark/benchmarks/coreutils-8.24/ls.bc>:rev_strcmp_name:11	</home/anonymous/eqlog-steensgaard-analysis-benchmark/benchmarks/coreutils-8.24/ls.bc>:rev_strcmp_name:%call
</home/anonymous/eqlog-steensgaard-analysis-benchmark/benchmarks/coreutils-8.24/ls.bc>:rev_strcmp_df_name:47	</home/anonymous/eqlog-steensgaard-analysis-benchmark/benchmarks/coreutils-8.24/ls.bc>:rev_strcmp_df_name:%12
</home/anonymous/eqlog-steensgaard-analysis-benchmark/benchmarks/coreutils-8.24/ls.bc>:xstrcoll_extension:11	</home/anonymous/eqlog-steensgaard-analysis-benchmark/benchmarks/coreutils-8.24/ls.bc>:xstrcoll_extension:%call
</home/anonymous/eqlog-steensgaard-analysis-benchmark/benchmarks/coreutils-8.24/ls.bc>:cmp_extension:57	</home/anonymous/eqlog-steensgaard-analysis-benchmark/benchmarks/coreutils-8.24/ls.bc>:cmp_extension:%cond16
</home/anonymous/eqlog-steensgaard-analysis-benchmark/benchmarks/coreutils-8.24/ls.bc>:xstrcoll_df_extension:47	</home/anonymous/eqlog-steensgaard-analysis-benchmark/benchmarks/coreutils-8.24/ls.bc>:xstrcoll_df_extension:%12
</home/anonymous/eqlog-steensgaard-analysis-benchmark/benchmarks/coreutils-8.24/ls.bc>:rev_xstrcoll_extension:11	</home/anonymous/eqlog-steensgaard-analysis-benchmark/benchmarks/coreutils-8.24/ls.bc>:rev_xstrcoll_extension:%call
</home/anonymous/eqlog-steensgaard-analysis-benchmark/benchmarks/coreutils-8.24/ls.bc>:rev_xstrcoll_df_extension:47	</home/anonymous/eqlog-steensgaard-analysis-benchmark/benchmarks/coreutils-8.24/ls.bc>:rev_xstrcoll_df_extension:%12
</home/anonymous/eqlog-steensgaard-analysis-benchmark/benchmarks/coreutils-8.24/ls.bc>:strcmp_extension:11	</home/anonymous/eqlog-steensgaard-analysis-benchmark/benchmarks/coreutils-8.24/ls.bc>:strcmp_extension:%call
</home/anonymous/eqlog-steensgaard-analysis-benchmark/benchmarks/coreutils-8.24/ls.bc>:strcmp_df_extension:47	</home/anonymous/eqlog-steensgaard-analysis-benchmark/benchmarks/coreutils-8.24/ls.bc>:strcmp_df_extension:%12
</home/anonymous/eqlog-steensgaard-analysis-benchmark/benchmarks/coreutils-8.24/ls.bc>:rev_strcmp_extension:11	</home/anonymous/eqlog-steensgaard-analysis-benchmark/benchmarks/coreutils-8.24/ls.bc>:rev_strcmp_extension:%call
</home/anonymous/eqlog-steensgaard-analysis-benchmark/benchmarks/coreutils-8.24/ls.bc>:rev_strcmp_df_extension:47	</home/anonymous/eqlog-steensgaard-analysis-benchmark/benchmarks/coreutils-8.24/ls.bc>:rev_strcmp_df_extension:%12
</home/anonymous/eqlog-steensgaard-analysis-benchmark/benchmarks/coreutils-8.24/ls.bc>:xstrcoll_size:11	</home/anonymous/eqlog-steensgaard-analysis-benchmark/benchmarks/coreutils-8.24/ls.bc>:xstrcoll_size:%call
</home/anonymous/eqlog-steensgaard-analysis-benchmark/benchmarks/coreutils-8.24/ls.bc>:cmp_size:50	</home/anonymous/eqlog-steensgaard-analysis-benchmark/benchmarks/coreutils-8.24/ls.bc>:cmp_size:%cond13
</home/anonymous/eqlog-steensgaard-analysis-benchmark/benchmarks/coreutils-8.24/ls.bc>:xstrcoll_df_size:47	</home/anonymous/eqlog-steensgaard-analysis-benchmark/benchmarks/coreutils-8.24/ls.bc>:xstrcoll_df_size:%12
</home/anonymous/eqlog-steensgaard-analysis-benchmark/benchmarks/coreutils-8.24/ls.bc>:rev_xstrcoll_size:11	</home/anonymous/eqlog-steensgaard-analysis-benchmark/benchmarks/coreutils-8.24/ls.bc>:rev_xstrcoll_size:%call
</home/anonymous/eqlog-steensgaard-analysis-benchmark/benchmarks/coreutils-8.24/ls.bc>:rev_xstrcoll_df_size:47	</home/anonymous/eqlog-steensgaard-analysis-benchmark/benchmarks/coreutils-8.24/ls.bc>:rev_xstrcoll_df_size:%12
</home/anonymous/eqlog-steensgaard-analysis-benchmark/benchmarks/coreutils-8.24/ls.bc>:strcmp_size:11	</home/anonymous/eqlog-steensgaard-analysis-benchmark/benchmarks/coreutils-8.24/ls.bc>:strcmp_size:%call
</home/anonymous/eqlog-steensgaard-analysis-benchmark/benchmarks/coreutils-8.24/ls.bc>:strcmp_df_size:47	</home/anonymous/eqlog-steensgaard-analysis-benchmark/benchmarks/coreutils-8.24/ls.bc>:strcmp_df_size:%12
</home/anonymous/eqlog-steensgaard-analysis-benchmark/benchmarks/coreutils-8.24/ls.bc>:rev_strcmp_size:11	</home/anonymous/eqlog-steensgaard-analysis-benchmark/benchmarks/coreutils-8.24/ls.bc>:rev_strcmp_size:%call
</home/anonymous/eqlog-steensgaard-analysis-benchmark/benchmarks/coreutils-8.24/ls.bc>:rev_strcmp_df_size:47	</home/anonymous/eqlog-steensgaard-analysis-benchmark/benchmarks/coreutils-8.24/ls.bc>:rev_strcmp_df_size:%12
</home/anonymous/eqlog-steensgaard-analysis-benchmark/benchmarks/coreutils-8.24/ls.bc>:xstrcoll_version:11	</home/anonymous/eqlog-steensgaard-analysis-benchmark/benchmarks/coreutils-8.24/ls.bc>:xstrcoll_version:%call
</home/anonymous/eqlog-steensgaard-analysis-benchmark/benchmarks/coreutils-8.24/ls.bc>:cmp_version:13	</home/anonymous/eqlog-steensgaard-analysis-benchmark/benchmarks/coreutils-8.24/ls.bc>:cmp_version:%call
</home/anonymous/eqlog-steensgaard-analysis-benchmark/benchmarks/coreutils-8.24/ls.bc>:xstrcoll_df_version:47	</home/anonymous/eqlog-steensgaard-analysis-benchmark/benchmarks/coreutils-8.24/ls.bc>:xstrcoll_df_version:%12
</home/anonymous/eqlog-steensgaard-analysis-benchmark/benchmarks/coreutils-8.24/ls.bc>:rev_xstrcoll_version:11	</home/anonymous/eqlog-steensgaard-analysis-benchmark/benchmarks/coreutils-8.24/ls.bc>:rev_xstrcoll_version:%call
</home/anonymous/eqlog-steensgaard-analysis-benchmark/benchmarks/coreutils-8.24/ls.bc>:rev_xstrcoll_df_version:47	</home/anonymous/eqlog-steensgaard-analysis-benchmark/benchmarks/coreutils-8.24/ls.bc>:rev_xstrcoll_df_version:%12
</home/anonymous/eqlog-steensgaard-analysis-benchmark/benchmarks/coreutils-8.24/ls.bc>:xstrcoll_mtime:11	</home/anonymous/eqlog-steensgaard-analysis-benchmark/benchmarks/coreutils-8.24/ls.bc>:xstrcoll_mtime:%call
</home/anonymous/eqlog-steensgaard-analysis-benchmark/benchmarks/coreutils-8.24/ls.bc>:cmp_mtime:60	</home/anonymous/eqlog-steensgaard-analysis-benchmark/benchmarks/coreutils-8.24/ls.bc>:cmp_mtime:%cond
</home/anonymous/eqlog-steensgaard-analysis-benchmark/benchmarks/coreutils-8.24/ls.bc>:xstrcoll_df_mtime:47	</home/anonymous/eqlog-steensgaard-analysis-benchmark/benchmarks/coreutils-8.24/ls.bc>:xstrcoll_df_mtime:%12
</home/anonymous/eqlog-steensgaard-analysis-benchmark/benchmarks/coreutils-8.24/ls.bc>:rev_xstrcoll_mtime:11	</home/anonymous/eqlog-steensgaard-analysis-benchmark/benchmarks/coreutils-8.24/ls.bc>:rev_xstrcoll_mtime:%call
</home/anonymous/eqlog-steensgaard-analysis-benchmark/benchmarks/coreutils-8.24/ls.bc>:rev_xstrcoll_df_mtime:47	</home/anonymous/eqlog-steensgaard-analysis-benchmark/benchmarks/coreutils-8.24/ls.bc>:rev_xstrcoll_df_mtime:%12
</home/anonymous/eqlog-steensgaard-analysis-benchmark/benchmarks/coreutils-8.24/ls.bc>:strcmp_mtime:11	</home/anonymous/eqlog-steensgaard-analysis-benchmark/benchmarks/coreutils-8.24/ls.bc>:strcmp_mtime:%call
</home/anonymous/eqlog-steensgaard-analysis-benchmark/benchmarks/coreutils-8.24/ls.bc>:strcmp_df_mtime:47	</home/anonymous/eqlog-steensgaard-analysis-benchmark/benchmarks/coreutils-8.24/ls.bc>:strcmp_df_mtime:%12
</home/anonymous/eqlog-steensgaard-analysis-benchmark/benchmarks/coreutils-8.24/ls.bc>:rev_strcmp_mtime:11	</home/anonymous/eqlog-steensgaard-analysis-benchmark/benchmarks/coreutils-8.24/ls.bc>:rev_strcmp_mtime:%call
</home/anonymous/eqlog-steensgaard-analysis-benchmark/benchmarks/coreutils-8.24/ls.bc>:rev_strcmp_df_mtime:47	</home/anonymous/eqlog-steensgaard-analysis-benchmark/benchmarks/coreutils-8.24/ls.bc>:rev_strcmp_df_mtime:%12
</home/anonymous/eqlog-steensgaard-analysis-benchmark/benchmarks/coreutils-8.24/ls.bc>:xstrcoll_ctime:11	</home/anonymous/eqlog-steensgaard-analysis-benchmark/benchmarks/coreutils-8.24/ls.bc>:xstrcoll_ctime:%call
</home/anonymous/eqlog-steensgaard-analysis-benchmark/benchmarks/coreutils-8.24/ls.bc>:cmp_ctime:60	</home/anonymous/eqlog-steensgaard-analysis-benchmark/benchmarks/coreutils-8.24/ls.bc>:cmp_ctime:%cond
</home/anonymous/eqlog-steensgaard-analysis-benchmark/benchmarks/coreutils-8.24/ls.bc>:xstrcoll_df_ctime:47	</home/anonymous/eqlog-steensgaard-analysis-benchmark/benchmarks/coreutils-8.24/ls.bc>:xstrcoll_df_ctime:%12
</home/anonymous/eqlog-steensgaard-analysis-benchmark/benchmarks/coreutils-8.24/ls.bc>:rev_xstrcoll_ctime:11	</home/anonymous/eqlog-steensgaard-analysis-benchmark/benchmarks/coreutils-8.24/ls.bc>:rev_xstrcoll_ctime:%call
</home/anonymous/eqlog-steensgaard-analysis-benchmark/benchmarks/coreutils-8.24/ls.bc>:rev_xstrcoll_df_ctime:47	</home/anonymous/eqlog-steensgaard-analysis-benchmark/benchmarks/coreutils-8.24/ls.bc>:rev_xstrcoll_df_ctime:%12
</home/anonymous/eqlog-steensgaard-analysis-benchmark/benchmarks/coreutils-8.24/ls.bc>:strcmp_ctime:11	</home/anonymous/eqlog-steensgaard-analysis-benchmark/benchmarks/coreutils-8.24/ls.bc>:strcmp_ctime:%call
</home/anonymous/eqlog-steensgaard-analysis-benchmark/benchmarks/coreutils-8.24/ls.bc>:strcmp_df_ctime:47	</home/anonymous/eqlog-steensgaard-analysis-benchmark/benchmarks/coreutils-8.24/ls.bc>:strcmp_df_ctime:%12
</home/anonymous/eqlog-steensgaard-analysis-benchmark/benchmarks/coreutils-8.24/ls.bc>:rev_strcmp_ctime:11	</home/anonymous/eqlog-steensgaard-analysis-benchmark/benchmarks/coreutils-8.24/ls.bc>:rev_strcmp_ctime:%call
</home/anonymous/eqlog-steensgaard-analysis-benchmark/benchmarks/coreutils-8.24/ls.bc>:rev_strcmp_df_ctime:47	</home/anonymous/eqlog-steensgaard-analysis-benchmark/benchmarks/coreutils-8.24/ls.bc>:rev_strcmp_df_ctime:%12
</home/anonymous/eqlog-steensgaard-analysis-benchmark/benchmarks/coreutils-8.24/ls.bc>:xstrcoll_atime:11	</home/anonymous/eqlog-steensgaard-analysis-benchmark/benchmarks/coreutils-8.24/ls.bc>:xstrcoll_atime:%call
</home/anonymous/eqlog-steensgaard-analysis-benchmark/benchmarks/coreutils-8.24/ls.bc>:cmp_atime:60	</home/anonymous/eqlog-steensgaard-analysis-benchmark/benchmarks/coreutils-8.24/ls.bc>:cmp_atime:%cond
</home/anonymous/eqlog-steensgaard-analysis-benchmark/benchmarks/coreutils-8.24/ls.bc>:xstrcoll_df_atime:47	</home/anonymous/eqlog-steensgaard-analysis-benchmark/benchmarks/coreutils-8.24/ls.bc>:xstrcoll_df_atime:%12
</home/anonymous/eqlog-steensgaard-analysis-benchmark/benchmarks/coreutils-8.24/ls.bc>:rev_xstrcoll_atime:11	</home/anonymous/eqlog-steensgaard-analysis-benchmark/benchmarks/coreutils-8.24/ls.bc>:rev_xstrcoll_atime:%call
</home/anonymous/eqlog-steensgaard-analysis-benchmark/benchmarks/coreutils-8.24/ls.bc>:rev_xstrcoll_df_atime:47	</home/anonymous/eqlog-steensgaard-analysis-benchmark/benchmarks/coreutils-8.24/ls.bc>:rev_xstrcoll_df_atime:%12
</home/anonymous/eqlog-steensgaard-analysis-benchmark/benchmarks/coreutils-8.24/ls.bc>:strcmp_atime:11	</home/anonymous/eqlog-steensgaard-analysis-benchmark/benchmarks/coreutils-8.24/ls.bc>:strcmp_atime:%call
</home/anonymous/eqlog-steensgaard-analysis-benchmark/benchmarks/coreutils-8.24/ls.bc>:strcmp_df_atime:47	</home/anonymous/eqlog-steensgaard-analysis-benchmark/benchmarks/coreutils-8.24/ls.bc>:strcmp_df_atime:%12
</home/anonymous/eqlog-steensgaard-analysis-benchmark/benchmarks/coreutils-8.24/ls.bc>:rev_strcmp_atime:11	</home/anonymous/eqlog-steensgaard-analysis-benchmark/benchmarks/coreutils-8.24/ls.bc>:rev_strcmp_atime:%call
</home/anonymous/eqlog-steensgaard-analysis-benchmark/benchmarks/coreutils-8.24/ls.bc>:rev_strcmp_df_atime:47	</home/anonymous/eqlog-steensgaard-analysis-benchmark/benchmarks/coreutils-8.24/ls.bc>:rev_strcmp_df_atime:%12
</home/anonymous/eqlog-steensgaard-analysis-benchmark/benchmarks/coreutils-8.24/ls.bc>:print_file_name_and_frills:94	</home/anonymous/eqlog-steensgaard-analysis-benchmark/benchmarks/coreutils-8.24/ls.bc>:print_file_name_and_frills:%28
</home/anonymous/eqlog-steensgaard-analysis-benchmark/benchmarks/coreutils-8.24/ls.bc>:format_inode:36	</home/anonymous/eqlog-steensgaard-analysis-benchmark/benchmarks/coreutils-8.24/ls.bc>:format_inode:%cond
</home/anonymous/eqlog-steensgaard-analysis-benchmark/benchmarks/coreutils-8.24/ls.bc>:print_name_with_quoting:178	</home/anonymous/eqlog-steensgaard-analysis-benchmark/benchmarks/coreutils-8.24/ls.bc>:print_name_with_quoting:%57
</home/anonymous/eqlog-steensgaard-analysis-benchmark/benchmarks/coreutils-8.24/ls.bc>:print_color_indicator:313	</home/anonymous/eqlog-steensgaard-analysis-benchmark/benchmarks/coreutils-8.24/ls.bc>:print_color_indicator:%69
</home/anonymous/eqlog-steensgaard-analysis-benchmark/benchmarks/coreutils-8.24/ls.bc>:print_type_indicator:34	</home/anonymous/eqlog-steensgaard-analysis-benchmark/benchmarks/coreutils-8.24/ls.bc>:print_type_indicator:%lnot4
</home/anonymous/eqlog-steensgaard-analysis-benchmark/benchmarks/coreutils-8.24/ls.bc>:get_type_indicator:108	</home/anonymous/eqlog-steensgaard-analysis-benchmark/benchmarks/coreutils-8.24/ls.bc>:get_type_indicator:%21
</home/anonymous/eqlog-steensgaard-analysis-benchmark/benchmarks/coreutils-8.24/ls.bc>:calculate_columns:169	</home/anonymous/eqlog-steensgaard-analysis-benchmark/benchmarks/coreutils-8.24/ls.bc>:calculate_columns:%60
</home/anonymous/eqlog-steensgaard-analysis-benchmark/benchmarks/coreutils-8.24/ls.bc>:length_of_file_name_and_frills:123	</home/anonymous/eqlog-steensgaard-analysis-benchmark/benchmarks/coreutils-8.24/ls.bc>:length_of_file_name_and_frills:%36
</home/anonymous/eqlog-steensgaard-analysis-benchmark/benchmarks/coreutils-8.24/ls.bc>:align_nstrftime:89	</home/anonymous/eqlog-steensgaard-analysis-benchmark/benchmarks/coreutils-8.24/ls.bc>:align_nstrftime:%23
</home/anonymous/eqlog-steensgaard-analysis-benchmark/benchmarks/coreutils-8.24/ls.bc>:long_time_expected_width:38	</home/anonymous/eqlog-steensgaard-analysis-benchmark/benchmarks/coreutils-8.24/ls.bc>:long_time_expected_width:%7
</home/anonymous/eqlog-steensgaard-analysis-benchmark/benchmarks/coreutils-8.24/ls.bc>:timetostr:9	</home/anonymous/eqlog-steensgaard-analysis-benchmark/benchmarks/coreutils-8.24/ls.bc>:timetostr:%call
</home/anonymous/eqlog-steensgaard-analysis-benchmark/benchmarks/coreutils-8.24/ls.bc>:areadlink_with_size:112	</home/anonymous/eqlog-steensgaard-analysis-benchmark/benchmarks/coreutils-8.24/ls.bc>:areadlink_with_size:%28
</home/anonymous/eqlog-steensgaard-analysis-benchmark/benchmarks/coreutils-8.24/ls.bc>:argmatch:96	</home/anonymous/eqlog-steensgaard-analysis-benchmark/benchmarks/coreutils-8.24/ls.bc>:argmatch:%27
</home/anonymous/eqlog-steensgaard-analysis-benchmark/benchmarks/coreutils-8.24/ls.bc>:__xargmatch_internal:46	</home/anonymous/eqlog-steensgaard-analysis-benchmark/benchmarks/coreutils-8.24/ls.bc>:__xargmatch_internal:%13
</home/anonymous/eqlog-steensgaard-analysis-benchmark/benchmarks/coreutils-8.24/ls.bc>:argmatch_to_argument:47	</home/anonymous/eqlog-steensgaard-analysis-benchmark/benchmarks/coreutils-8.24/ls.bc>:argmatch_to_argument:%12
</home/anonymous/eqlog-steensgaard-analysis-benchmark/benchmarks/coreutils-8.24/ls.bc>:dir_len:51	</home/anonymous/eqlog-steensgaard-analysis-benchmark/benchmarks/coreutils-8.24/ls.bc>:dir_len:%12
</home/anonymous/eqlog-steensgaard-analysis-benchmark/benchmarks/coreutils-8.24/ls.bc>:mdir_name:55	</home/anonymous/eqlog-steensgaard-analysis-benchmark/benchmarks/coreutils-8.24/ls.bc>:mdir_name:%15
</home/anonymous/eqlog-steensgaard-analysis-benchmark/benchmarks/coreutils-8.24/ls.bc>:last_component:51	</home/anonymous/eqlog-steensgaard-analysis-benchmark/benchmarks/coreutils-8.24/ls.bc>:last_component:%12
</home/anonymous/eqlog-steensgaard-analysis-benchmark/benchmarks/coreutils-8.24/ls.bc>:base_len:31	</home/anonymous/eqlog-steensgaard-analysis-benchmark/benchmarks/coreutils-8.24/ls.bc>:base_len:%7
</home/anonymous/eqlog-steensgaard-analysis-benchmark/benchmarks/coreutils-8.24/ls.bc>:file_has_acl:6	</home/anonymous/eqlog-steensgaard-analysis-benchmark/benchmarks/coreutils-8.24/ls.bc>:file_has_acl:6:0:0
</home/anonymous/eqlog-steensgaard-analysis-benchmark/benchmarks/coreutils-8.24/ls.bc>:ftypelet:49	</home/anonymous/eqlog-steensgaard-analysis-benchmark/benchmarks/coreutils-8.24/ls.bc>:ftypelet:%7
</home/anonymous/eqlog-steensgaard-analysis-benchmark/benchmarks/coreutils-8.24/ls.bc>:file_name_concat:22	</home/anonymous/eqlog-steensgaard-analysis-benchmark/benchmarks/coreutils-8.24/ls.bc>:file_name_concat:%4
</home/anonymous/eqlog-steensgaard-analysis-benchmark/benchmarks/coreutils-8.24/ls.bc>:mfile_name_concat:116	</home/anonymous/eqlog-steensgaard-analysis-benchmark/benchmarks/coreutils-8.24/ls.bc>:mfile_name_concat:%33
</home/anonymous/eqlog-steensgaard-analysis-benchmark/benchmarks/coreutils-8.24/ls.bc>:longest_relative_suffix:18	</home/anonymous/eqlog-steensgaard-analysis-benchmark/benchmarks/coreutils-8.24/ls.bc>:longest_relative_suffix:%4
</home/anonymous/eqlog-steensgaard-analysis-benchmark/benchmarks/coreutils-8.24/ls.bc>:filevercmp:189	</home/anonymous/eqlog-steensgaard-analysis-benchmark/benchmarks/coreutils-8.24/ls.bc>:filevercmp:%53
</home/anonymous/eqlog-steensgaard-analysis-benchmark/benchmarks/coreutils-8.24/ls.bc>:match_suffix:71	</home/anonymous/eqlog-steensgaard-analysis-benchmark/benchmarks/coreutils-8.24/ls.bc>:match_suffix:%24
</home/anonymous/eqlog-steensgaard-analysis-benchmark/benchmarks/coreutils-8.24/ls.bc>:verrevcmp:199	</home/anonymous/eqlog-steensgaard-analysis-benchmark/benchmarks/coreutils-8.24/ls.bc>:verrevcmp:%65
</home/anonymous/eqlog-steensgaard-analysis-benchmark/benchmarks/coreutils-8.24/ls.bc>:order:31	</home/anonymous/eqlog-steensgaard-analysis-benchmark/benchmarks/coreutils-8.24/ls.bc>:order:%5
</home/anonymous/eqlog-steensgaard-analysis-benchmark/benchmarks/coreutils-8.24/ls.bc>:hard_locale:27	</home/anonymous/eqlog-steensgaard-analysis-benchmark/benchmarks/coreutils-8.24/ls.bc>:hard_locale:%tobool6
</home/anonymous/eqlog-steensgaard-analysis-benchmark/benchmarks/coreutils-8.24/ls.bc>:hash_get_n_buckets:6	</home/anonymous/eqlog-steensgaard-analysis-benchmark/benchmarks/coreutils-8.24/ls.bc>:hash_get_n_buckets:%1
</home/anonymous/eqlog-steensgaard-analysis-benchmark/benchmarks/coreutils-8.24/ls.bc>:hash_get_n_buckets_used:6	</home/anonymous/eqlog-steensgaard-analysis-benchmark/benchmarks/coreutils-8.24/ls.bc>:hash_get_n_buckets_used:%1
</home/anonymous/eqlog-steensgaard-analysis-benchmark/benchmarks/coreutils-8.24/ls.bc>:hash_get_n_entries:6	</home/anonymous/eqlog-steensgaard-analysis-benchmark/benchmarks/coreutils-8.24/ls.bc>:hash_get_n_entries:%1
</home/anonymous/eqlog-steensgaard-analysis-benchmark/benchmarks/coreutils-8.24/ls.bc>:hash_get_max_bucket_length:57	</home/anonymous/eqlog-steensgaard-analysis-benchmark/benchmarks/coreutils-8.24/ls.bc>:hash_get_max_bucket_length:%16
</home/anonymous/eqlog-steensgaard-analysis-benchmark/benchmarks/coreutils-8.24/ls.bc>:hash_table_ok:73	</home/anonymous/eqlog-steensgaard-analysis-benchmark/benchmarks/coreutils-8.24/ls.bc>:hash_table_ok:%21
</home/anonymous/eqlog-steensgaard-analysis-benchmark/benchmarks/coreutils-8.24/ls.bc>:hash_lookup:57	</home/anonymous/eqlog-steensgaard-analysis-benchmark/benchmarks/coreutils-8.24/ls.bc>:hash_lookup:%18
</home/anonymous/eqlog-steensgaard-analysis-benchmark/benchmarks/coreutils-8.24/ls.bc>:hash_get_first:43	</home/anonymous/eqlog-steensgaard-analysis-benchmark/benchmarks/coreutils-8.24/ls.bc>:hash_get_first:%12
</home/anonymous/eqlog-steensgaard-analysis-benchmark/benchmarks/coreutils-8.24/ls.bc>:hash_get_next:67	</home/anonymous/eqlog-steensgaard-analysis-benchmark/benchmarks/coreutils-8.24/ls.bc>:hash_get_next:%21
</home/anonymous/eqlog-steensgaard-analysis-benchmark/benchmarks/coreutils-8.24/ls.bc>:hash_get_entries:71	</home/anonymous/eqlog-steensgaard-analysis-benchmark/benchmarks/coreutils-8.24/ls.bc>:hash_get_entries:%20
</home/anonymous/eqlog-steensgaard-analysis-benchmark/benchmarks/coreutils-8.24/ls.bc>:hash_do_for_each:68	</home/anonymous/eqlog-steensgaard-analysis-benchmark/benchmarks/coreutils-8.24/ls.bc>:hash_do_for_each:%19
</home/anonymous/eqlog-steensgaard-analysis-benchmark/benchmarks/coreutils-8.24/ls.bc>:hash_string:31	</home/anonymous/eqlog-steensgaard-analysis-benchmark/benchmarks/coreutils-8.24/ls.bc>:hash_string:%6
</home/anonymous/eqlog-steensgaard-analysis-benchmark/benchmarks/coreutils-8.24/ls.bc>:hash_initialize:115	</home/anonymous/eqlog-steensgaard-analysis-benchmark/benchmarks/coreutils-8.24/ls.bc>:hash_initialize:%36
</home/anonymous/eqlog-steensgaard-analysis-benchmark/benchmarks/coreutils-8.24/ls.bc>:hash_rehash:159	</home/anonymous/eqlog-steensgaard-analysis-benchmark/benchmarks/coreutils-8.24/ls.bc>:hash_rehash:%65
</home/anonymous/eqlog-steensgaard-analysis-benchmark/benchmarks/coreutils-8.24/ls.bc>:hash_insert_if_absent:179	</home/anonymous/eqlog-steensgaard-analysis-benchmark/benchmarks/coreutils-8.24/ls.bc>:hash_insert_if_absent:%59
</home/anonymous/eqlog-steensgaard-analysis-benchmark/benchmarks/coreutils-8.24/ls.bc>:hash_insert:28	</home/anonymous/eqlog-steensgaard-analysis-benchmark/benchmarks/coreutils-8.24/ls.bc>:hash_insert:%cond6
</home/anonymous/eqlog-steensgaard-analysis-benchmark/benchmarks/coreutils-8.24/ls.bc>:hash_delete:144	</home/anonymous/eqlog-steensgaard-analysis-benchmark/benchmarks/coreutils-8.24/ls.bc>:hash_delete:%50
</home/anonymous/eqlog-steensgaard-analysis-benchmark/benchmarks/coreutils-8.24/ls.bc>:safe_hasher:30	</home/anonymous/eqlog-steensgaard-analysis-benchmark/benchmarks/coreutils-8.24/ls.bc>:safe_hasher:%add.ptr
</home/anonymous/eqlog-steensgaard-analysis-benchmark/benchmarks/coreutils-8.24/ls.bc>:raw_hasher:15	</home/anonymous/eqlog-steensgaard-analysis-benchmark/benchmarks/coreutils-8.24/ls.bc>:raw_hasher:%rem
</home/anonymous/eqlog-steensgaard-analysis-benchmark/benchmarks/coreutils-8.24/ls.bc>:raw_comparator:9	</home/anonymous/eqlog-steensgaard-analysis-benchmark/benchmarks/coreutils-8.24/ls.bc>:raw_comparator:%cmp
</home/anonymous/eqlog-steensgaard-analysis-benchmark/benchmarks/coreutils-8.24/ls.bc>:check_tuning:76	</home/anonymous/eqlog-steensgaard-analysis-benchmark/benchmarks/coreutils-8.24/ls.bc>:check_tuning:%27
</home/anonymous/eqlog-steensgaard-analysis-benchmark/benchmarks/coreutils-8.24/ls.bc>:compute_bucket_size:42	</home/anonymous/eqlog-steensgaard-analysis-benchmark/benchmarks/coreutils-8.24/ls.bc>:compute_bucket_size:%10
</home/anonymous/eqlog-steensgaard-analysis-benchmark/benchmarks/coreutils-8.24/ls.bc>:transfer_entries:162	</home/anonymous/eqlog-steensgaard-analysis-benchmark/benchmarks/coreutils-8.24/ls.bc>:transfer_entries:%55
</home/anonymous/eqlog-steensgaard-analysis-benchmark/benchmarks/coreutils-8.24/ls.bc>:hash_find_entry:150	</home/anonymous/eqlog-steensgaard-analysis-benchmark/benchmarks/coreutils-8.24/ls.bc>:hash_find_entry:%56
</home/anonymous/eqlog-steensgaard-analysis-benchmark/benchmarks/coreutils-8.24/ls.bc>:allocate_entry:26	</home/anonymous/eqlog-steensgaard-analysis-benchmark/benchmarks/coreutils-8.24/ls.bc>:allocate_entry:%8
</home/anonymous/eqlog-steensgaard-analysis-benchmark/benchmarks/coreutils-8.24/ls.bc>:next_prime:26	</home/anonymous/eqlog-steensgaard-analysis-benchmark/benchmarks/coreutils-8.24/ls.bc>:next_prime:%6
</home/anonymous/eqlog-steensgaard-analysis-benchmark/benchmarks/coreutils-8.24/ls.bc>:is_prime:42	</home/anonymous/eqlog-steensgaard-analysis-benchmark/benchmarks/coreutils-8.24/ls.bc>:is_prime:%tobool5
</home/anonymous/eqlog-steensgaard-analysis-benchmark/benchmarks/coreutils-8.24/ls.bc>:human_readable:651	</home/anonymous/eqlog-steensgaard-analysis-benchmark/benchmarks/coreutils-8.24/ls.bc>:human_readable:%191
</home/anonymous/eqlog-steensgaard-analysis-benchmark/benchmarks/coreutils-8.24/ls.bc>:human_options:26	</home/anonymous/eqlog-steensgaard-analysis-benchmark/benchmarks/coreutils-8.24/ls.bc>:human_options:%6
</home/anonymous/eqlog-steensgaard-analysis-benchmark/benchmarks/coreutils-8.24/ls.bc>:adjust_value:34	</home/anonymous/eqlog-steensgaard-analysis-benchmark/benchmarks/coreutils-8.24/ls.bc>:adjust_value:%8
</home/anonymous/eqlog-steensgaard-analysis-benchmark/benchmarks/coreutils-8.24/ls.bc>:group_number:86	</home/anonymous/eqlog-steensgaard-analysis-benchmark/benchmarks/coreutils-8.24/ls.bc>:group_number:%25
</home/anonymous/eqlog-steensgaard-analysis-benchmark/benchmarks/coreutils-8.24/ls.bc>:humblock:135	</home/anonymous/eqlog-steensgaard-analysis-benchmark/benchmarks/coreutils-8.24/ls.bc>:humblock:%35
</home/anonymous/eqlog-steensgaard-analysis-benchmark/benchmarks/coreutils-8.24/ls.bc>:default_block_size:4	</home/anonymous/eqlog-steensgaard-analysis-benchmark/benchmarks/coreutils-8.24/ls.bc>:default_block_size:%conv
</home/anonymous/eqlog-steensgaard-analysis-benchmark/benchmarks/coreutils-8.24/ls.bc>:getuser:87	</home/anonymous/eqlog-steensgaard-analysis-benchmark/benchmarks/coreutils-8.24/ls.bc>:getuser:%cond20
</home/anonymous/eqlog-steensgaard-analysis-benchmark/benchmarks/coreutils-8.24/ls.bc>:getuidbyname:118	</home/anonymous/eqlog-steensgaard-analysis-benchmark/benchmarks/coreutils-8.24/ls.bc>:getuidbyname:%37
</home/anonymous/eqlog-steensgaard-analysis-benchmark/benchmarks/coreutils-8.24/ls.bc>:getgroup:87	</home/anonymous/eqlog-steensgaard-analysis-benchmark/benchmarks/coreutils-8.24/ls.bc>:getgroup:%cond20
</home/anonymous/eqlog-steensgaard-analysis-benchmark/benchmarks/coreutils-8.24/ls.bc>:getgidbyname:118	</home/anonymous/eqlog-steensgaard-analysis-benchmark/benchmarks/coreutils-8.24/ls.bc>:getgidbyname:%37
</home/anonymous/eqlog-steensgaard-analysis-benchmark/benchmarks/coreutils-8.24/ls.bc>:imaxtostr:53	</home/anonymous/eqlog-steensgaard-analysis-benchmark/benchmarks/coreutils-8.24/ls.bc>:imaxtostr:%10
</home/anonymous/eqlog-steensgaard-analysis-benchmark/benchmarks/coreutils-8.24/ls.bc>:umaxtostr:53	</home/anonymous/eqlog-steensgaard-analysis-benchmark/benchmarks/coreutils-8.24/ls.bc>:umaxtostr:%10
</home/anonymous/eqlog-steensgaard-analysis-benchmark/benchmarks/coreutils-8.24/ls.bc>:mbsalign:278	</home/anonymous/eqlog-steensgaard-analysis-benchmark/benchmarks/coreutils-8.24/ls.bc>:mbsalign:%83
</home/anonymous/eqlog-steensgaard-analysis-benchmark/benchmarks/coreutils-8.24/ls.bc>:ambsalign:72	</home/anonymous/eqlog-steensgaard-analysis-benchmark/benchmarks/coreutils-8.24/ls.bc>:ambsalign:%23
</home/anonymous/eqlog-steensgaard-analysis-benchmark/benchmarks/coreutils-8.24/ls.bc>:wc_ensure_printable:30	</home/anonymous/eqlog-steensgaard-analysis-benchmark/benchmarks/coreutils-8.24/ls.bc>:wc_ensure_printable:%tobool2
</home/anonymous/eqlog-steensgaard-analysis-benchmark/benchmarks/coreutils-8.24/ls.bc>:wc_truncate:48	</home/anonymous/eqlog-steensgaard-analysis-benchmark/benchmarks/coreutils-8.24/ls.bc>:wc_truncate:%13
</home/anonymous/eqlog-steensgaard-analysis-benchmark/benchmarks/coreutils-8.24/ls.bc>:mbs_align_pad:29	</home/anonymous/eqlog-steensgaard-analysis-benchmark/benchmarks/coreutils-8.24/ls.bc>:mbs_align_pad:%6
</home/anonymous/eqlog-steensgaard-analysis-benchmark/benchmarks/coreutils-8.24/ls.bc>:gnu_mbswidth:11	</home/anonymous/eqlog-steensgaard-analysis-benchmark/benchmarks/coreutils-8.24/ls.bc>:gnu_mbswidth:%call1
</home/anonymous/eqlog-steensgaard-analysis-benchmark/benchmarks/coreutils-8.24/ls.bc>:mbsnwidth:213	</home/anonymous/eqlog-steensgaard-analysis-benchmark/benchmarks/coreutils-8.24/ls.bc>:mbsnwidth:%51
</home/anonymous/eqlog-steensgaard-analysis-benchmark/benchmarks/coreutils-8.24/ls.bc>:clone_quoting_options:25	</home/anonymous/eqlog-steensgaard-analysis-benchmark/benchmarks/coreutils-8.24/ls.bc>:clone_quoting_options:%6
</home/anonymous/eqlog-steensgaard-analysis-benchmark/benchmarks/coreutils-8.24/ls.bc>:get_quoting_style:12	</home/anonymous/eqlog-steensgaard-analysis-benchmark/benchmarks/coreutils-8.24/ls.bc>:get_quoting_style:%2
</home/anonymous/eqlog-steensgaard-analysis-benchmark/benchmarks/coreutils-8.24/ls.bc>:set_char_quoting:55	</home/anonymous/eqlog-steensgaard-analysis-benchmark/benchmarks/coreutils-8.24/ls.bc>:set_char_quoting:%13
</home/anonymous/eqlog-steensgaard-analysis-benchmark/benchmarks/coreutils-8.24/ls.bc>:set_quoting_flags:22	</home/anonymous/eqlog-steensgaard-analysis-benchmark/benchmarks/coreutils-8.24/ls.bc>:set_quoting_flags:%5
</home/anonymous/eqlog-steensgaard-analysis-benchmark/benchmarks/coreutils-8.24/ls.bc>:quotearg_buffer:57	</home/anonymous/eqlog-steensgaard-analysis-benchmark/benchmarks/coreutils-8.24/ls.bc>:quotearg_buffer:%17
</home/anonymous/eqlog-steensgaard-analysis-benchmark/benchmarks/coreutils-8.24/ls.bc>:quotearg_alloc:13	</home/anonymous/eqlog-steensgaard-analysis-benchmark/benchmarks/coreutils-8.24/ls.bc>:quotearg_alloc:%call
</home/anonymous/eqlog-steensgaard-analysis-benchmark/benchmarks/coreutils-8.24/ls.bc>:quotearg_alloc_mem:92	</home/anonymous/eqlog-steensgaard-analysis-benchmark/benchmarks/coreutils-8.24/ls.bc>:quotearg_alloc_mem:%33
</home/anonymous/eqlog-steensgaard-analysis-benchmark/benchmarks/coreutils-8.24/ls.bc>:quotearg_n:9	</home/anonymous/eqlog-steensgaard-analysis-benchmark/benchmarks/coreutils-8.24/ls.bc>:quotearg_n:%call
</home/anonymous/eqlog-steensgaard-analysis-benchmark/benchmarks/coreutils-8.24/ls.bc>:quotearg_n_mem:13	</home/anonymous/eqlog-steensgaard-analysis-benchmark/benchmarks/coreutils-8.24/ls.bc>:quotearg_n_mem:%call
</home/anonymous/eqlog-steensgaard-analysis-benchmark/benchmarks/coreutils-8.24/ls.bc>:quotearg:5	</home/anonymous/eqlog-steensgaard-analysis-benchmark/benchmarks/coreutils-8.24/ls.bc>:quotearg:%call
</home/anonymous/eqlog-steensgaard-analysis-benchmark/benchmarks/coreutils-8.24/ls.bc>:quotearg_mem:9	</home/anonymous/eqlog-steensgaard-analysis-benchmark/benchmarks/coreutils-8.24/ls.bc>:quotearg_mem:%call
</home/anonymous/eqlog-steensgaard-analysis-benchmark/benchmarks/coreutils-8.24/ls.bc>:quotearg_n_style:16	</home/anonymous/eqlog-steensgaard-analysis-benchmark/benchmarks/coreutils-8.24/ls.bc>:quotearg_n_style:%call
</home/anonymous/eqlog-steensgaard-analysis-benchmark/benchmarks/coreutils-8.24/ls.bc>:quotearg_n_style_mem:20	</home/anonymous/eqlog-steensgaard-analysis-benchmark/benchmarks/coreutils-8.24/ls.bc>:quotearg_n_style_mem:%call
</home/anonymous/eqlog-steensgaard-analysis-benchmark/benchmarks/coreutils-8.24/ls.bc>:quotearg_style:9	</home/anonymous/eqlog-steensgaard-analysis-benchmark/benchmarks/coreutils-8.24/ls.bc>:quotearg_style:%call
</home/anonymous/eqlog-steensgaard-analysis-benchmark/benchmarks/coreutils-8.24/ls.bc>:quotearg_style_mem:13	</home/anonymous/eqlog-steensgaard-analysis-benchmark/benchmarks/coreutils-8.24/ls.bc>:quotearg_style_mem:%call
</home/anonymous/eqlog-steensgaard-analysis-benchmark/benchmarks/coreutils-8.24/ls.bc>:quotearg_char_mem:18	</home/anonymous/eqlog-steensgaard-analysis-benchmark/benchmarks/coreutils-8.24/ls.bc>:quotearg_char_mem:%call1
</home/anonymous/eqlog-steensgaard-analysis-benchmark/benchmarks/coreutils-8.24/ls.bc>:quotearg_char:9	</home/anonymous/eqlog-steensgaard-analysis-benchmark/benchmarks/coreutils-8.24/ls.bc>:quotearg_char:%call
</home/anonymous/eqlog-steensgaard-analysis-benchmark/benchmarks/coreutils-8.24/ls.bc>:quotearg_colon:5	</home/anonymous/eqlog-steensgaard-analysis-benchmark/benchmarks/coreutils-8.24/ls.bc>:quotearg_colon:%call
</home/anonymous/eqlog-steensgaard-analysis-benchmark/benchmarks/coreutils-8.24/ls.bc>:quotearg_colon_mem:9	</home/anonymous/eqlog-steensgaard-analysis-benchmark/benchmarks/coreutils-8.24/ls.bc>:quotearg_colon_mem:%call
</home/anonymous/eqlog-steensgaard-analysis-benchmark/benchmarks/coreutils-8.24/ls.bc>:quotearg_n_custom:17	</home/anonymous/eqlog-steensgaard-analysis-benchmark/benchmarks/coreutils-8.24/ls.bc>:quotearg_n_custom:%call
</home/anonymous/eqlog-steensgaard-analysis-benchmark/benchmarks/coreutils-8.24/ls.bc>:quotearg_n_custom_mem:26	</home/anonymous/eqlog-steensgaard-analysis-benchmark/benchmarks/coreutils-8.24/ls.bc>:quotearg_n_custom_mem:%call
</home/anonymous/eqlog-steensgaard-analysis-benchmark/benchmarks/coreutils-8.24/ls.bc>:quotearg_custom:13	</home/anonymous/eqlog-steensgaard-analysis-benchmark/benchmarks/coreutils-8.24/ls.bc>:quotearg_custom:%call
</home/anonymous/eqlog-steensgaard-analysis-benchmark/benchmarks/coreutils-8.24/ls.bc>:quotearg_custom_mem:17	</home/anonymous/eqlog-steensgaard-analysis-benchmark/benchmarks/coreutils-8.24/ls.bc>:quotearg_custom_mem:%call
</home/anonymous/eqlog-steensgaard-analysis-benchmark/benchmarks/coreutils-8.24/ls.bc>:quote_n_mem:13	</home/anonymous/eqlog-steensgaard-analysis-benchmark/benchmarks/coreutils-8.24/ls.bc>:quote_n_mem:%call
</home/anonymous/eqlog-steensgaard-analysis-benchmark/benchmarks/coreutils-8.24/ls.bc>:quote_mem:9	</home/anonymous/eqlog-steensgaard-analysis-benchmark/benchmarks/coreutils-8.24/ls.bc>:quote_mem:%call
</home/anonymous/eqlog-steensgaard-analysis-benchmark/benchmarks/coreutils-8.24/ls.bc>:quote_n:9	</home/anonymous/eqlog-steensgaard-analysis-benchmark/benchmarks/coreutils-8.24/ls.bc>:quote_n:%call
</home/anonymous/eqlog-steensgaard-analysis-benchmark/benchmarks/coreutils-8.24/ls.bc>:quote:5	</home/anonymous/eqlog-steensgaard-analysis-benchmark/benchmarks/coreutils-8.24/ls.bc>:quote:%call
</home/anonymous/eqlog-steensgaard-analysis-benchmark/benchmarks/coreutils-8.24/ls.bc>:quotearg_buffer_restyled:954	</home/anonymous/eqlog-steensgaard-analysis-benchmark/benchmarks/coreutils-8.24/ls.bc>:quotearg_buffer_restyled:%278
</home/anonymous/eqlog-steensgaard-analysis-benchmark/benchmarks/coreutils-8.24/ls.bc>:quotearg_n_options:184	</home/anonymous/eqlog-steensgaard-analysis-benchmark/benchmarks/coreutils-8.24/ls.bc>:quotearg_n_options:%66
</home/anonymous/eqlog-steensgaard-analysis-benchmark/benchmarks/coreutils-8.24/ls.bc>:gettext_quote:53	</home/anonymous/eqlog-steensgaard-analysis-benchmark/benchmarks/coreutils-8.24/ls.bc>:gettext_quote:%11
</home/anonymous/eqlog-steensgaard-analysis-benchmark/benchmarks/coreutils-8.24/ls.bc>:get_stat_atime_ns:7	</home/anonymous/eqlog-steensgaard-analysis-benchmark/benchmarks/coreutils-8.24/ls.bc>:get_stat_atime_ns:%1
</home/anonymous/eqlog-steensgaard-analysis-benchmark/benchmarks/coreutils-8.24/ls.bc>:get_stat_ctime_ns:7	</home/anonymous/eqlog-steensgaard-analysis-benchmark/benchmarks/coreutils-8.24/ls.bc>:get_stat_ctime_ns:%1
</home/anonymous/eqlog-steensgaard-analysis-benchmark/benchmarks/coreutils-8.24/ls.bc>:get_stat_mtime_ns:7	</home/anonymous/eqlog-steensgaard-analysis-benchmark/benchmarks/coreutils-8.24/ls.bc>:get_stat_mtime_ns:%1
</home/anonymous/eqlog-steensgaard-analysis-benchmark/benchmarks/coreutils-8.24/ls.bc>:get_stat_birthtime_ns:4	</home/anonymous/eqlog-steensgaard-analysis-benchmark/benchmarks/coreutils-8.24/ls.bc>:get_stat_birthtime_ns:4:0:0
</home/anonymous/eqlog-steensgaard-analysis-benchmark/benchmarks/coreutils-8.24/ls.bc>:get_stat_atime:11	</home/anonymous/eqlog-steensgaard-analysis-benchmark/benchmarks/coreutils-8.24/ls.bc>:get_stat_atime:%4
</home/anonymous/eqlog-steensgaard-analysis-benchmark/benchmarks/coreutils-8.24/ls.bc>:get_stat_ctime:11	</home/anonymous/eqlog-steensgaard-analysis-benchmark/benchmarks/coreutils-8.24/ls.bc>:get_stat_ctime:%4
</home/anonymous/eqlog-steensgaard-analysis-benchmark/benchmarks/coreutils-8.24/ls.bc>:get_stat_mtime:11	</home/anonymous/eqlog-steensgaard-analysis-benchmark/benchmarks/coreutils-8.24/ls.bc>:get_stat_mtime:%4
</home/anonymous/eqlog-steensgaard-analysis-benchmark/benchmarks/coreutils-8.24/ls.bc>:get_stat_birthtime:16	</home/anonymous/eqlog-steensgaard-analysis-benchmark/benchmarks/coreutils-8.24/ls.bc>:get_stat_birthtime:%4
</home/anonymous/eqlog-steensgaard-analysis-benchmark/benchmarks/coreutils-8.24/ls.bc>:nstrftime:25	</home/anonymous/eqlog-steensgaard-analysis-benchmark/benchmarks/coreutils-8.24/ls.bc>:nstrftime:%call
</home/anonymous/eqlog-steensgaard-analysis-benchmark/benchmarks/coreutils-8.24/ls.bc>:strftime_case_:2498	</home/anonymous/eqlog-steensgaard-analysis-benchmark/benchmarks/coreutils-8.24/ls.bc>:strftime_case_:%747
</home/anonymous/eqlog-steensgaard-analysis-benchmark/benchmarks/coreutils-8.24/ls.bc>:memcpy_lowcase:28	</home/anonymous/eqlog-steensgaard-analysis-benchmark/benchmarks/coreutils-8.24/ls.bc>:memcpy_lowcase:%6
</home/anonymous/eqlog-steensgaard-analysis-benchmark/benchmarks/coreutils-8.24/ls.bc>:memcpy_uppcase:28	</home/anonymous/eqlog-steensgaard-analysis-benchmark/benchmarks/coreutils-8.24/ls.bc>:memcpy_uppcase:%6
</home/anonymous/eqlog-steensgaard-analysis-benchmark/benchmarks/coreutils-8.24/ls.bc>:iso_week_days:20	</home/anonymous/eqlog-steensgaard-analysis-benchmark/benchmarks/coreutils-8.24/ls.bc>:iso_week_days:%sub4
</home/anonymous/eqlog-steensgaard-analysis-benchmark/benchmarks/coreutils-8.24/ls.bc>:make_timespec:20	</home/anonymous/eqlog-steensgaard-analysis-benchmark/benchmarks/coreutils-8.24/ls.bc>:make_timespec:%5
</home/anonymous/eqlog-steensgaard-analysis-benchmark/benchmarks/coreutils-8.24/ls.bc>:timespec_cmp:38	</home/anonymous/eqlog-steensgaard-analysis-benchmark/benchmarks/coreutils-8.24/ls.bc>:timespec_cmp:%cond9
</home/anonymous/eqlog-steensgaard-analysis-benchmark/benchmarks/coreutils-8.24/ls.bc>:timespec_sign:24	</home/anonymous/eqlog-steensgaard-analysis-benchmark/benchmarks/coreutils-8.24/ls.bc>:timespec_sign:%cond
</home/anonymous/eqlog-steensgaard-analysis-benchmark/benchmarks/coreutils-8.24/ls.bc>:timespectod:15	</home/anonymous/eqlog-steensgaard-analysis-benchmark/benchmarks/coreutils-8.24/ls.bc>:timespectod:%add
</home/anonymous/eqlog-steensgaard-analysis-benchmark/benchmarks/coreutils-8.24/ls.bc>:xnmalloc:17	</home/anonymous/eqlog-steensgaard-analysis-benchmark/benchmarks/coreutils-8.24/ls.bc>:xnmalloc:%call
</home/anonymous/eqlog-steensgaard-analysis-benchmark/benchmarks/coreutils-8.24/ls.bc>:xmalloc:17	</home/anonymous/eqlog-steensgaard-analysis-benchmark/benchmarks/coreutils-8.24/ls.bc>:xmalloc:%3
</home/anonymous/eqlog-steensgaard-analysis-benchmark/benchmarks/coreutils-8.24/ls.bc>:xnrealloc:21	</home/anonymous/eqlog-steensgaard-analysis-benchmark/benchmarks/coreutils-8.24/ls.bc>:xnrealloc:%call
</home/anonymous/eqlog-steensgaard-analysis-benchmark/benchmarks/coreutils-8.24/ls.bc>:xrealloc:33	</home/anonymous/eqlog-steensgaard-analysis-benchmark/benchmarks/coreutils-8.24/ls.bc>:xrealloc:%8
</home/anonymous/eqlog-steensgaard-analysis-benchmark/benchmarks/coreutils-8.24/ls.bc>:x2nrealloc:55	</home/anonymous/eqlog-steensgaard-analysis-benchmark/benchmarks/coreutils-8.24/ls.bc>:x2nrealloc:%call
</home/anonymous/eqlog-steensgaard-analysis-benchmark/benchmarks/coreutils-8.24/ls.bc>:xcharalloc:5	</home/anonymous/eqlog-steensgaard-analysis-benchmark/benchmarks/coreutils-8.24/ls.bc>:xcharalloc:%call
</home/anonymous/eqlog-steensgaard-analysis-benchmark/benchmarks/coreutils-8.24/ls.bc>:x2realloc:9	</home/anonymous/eqlog-steensgaard-analysis-benchmark/benchmarks/coreutils-8.24/ls.bc>:x2realloc:%call
</home/anonymous/eqlog-steensgaard-analysis-benchmark/benchmarks/coreutils-8.24/ls.bc>:xzalloc:7	</home/anonymous/eqlog-steensgaard-analysis-benchmark/benchmarks/coreutils-8.24/ls.bc>:xzalloc:%call
</home/anonymous/eqlog-steensgaard-analysis-benchmark/benchmarks/coreutils-8.24/ls.bc>:xcalloc:17	</home/anonymous/eqlog-steensgaard-analysis-benchmark/benchmarks/coreutils-8.24/ls.bc>:xcalloc:%2
</home/anonymous/eqlog-steensgaard-analysis-benchmark/benchmarks/coreutils-8.24/ls.bc>:xmemdup:11	</home/anonymous/eqlog-steensgaard-analysis-benchmark/benchmarks/coreutils-8.24/ls.bc>:xmemdup:%call
</home/anonymous/eqlog-steensgaard-analysis-benchmark/benchmarks/coreutils-8.24/ls.bc>:xstrdup:8	</home/anonymous/eqlog-steensgaard-analysis-benchmark/benchmarks/coreutils-8.24/ls.bc>:xstrdup:%call1
</home/anonymous/eqlog-steensgaard-analysis-benchmark/benchmarks/coreutils-8.24/ls.bc>:xnumtoumax:92	</home/anonymous/eqlog-steensgaard-analysis-benchmark/benchmarks/coreutils-8.24/ls.bc>:xnumtoumax:%18
</home/anonymous/eqlog-steensgaard-analysis-benchmark/benchmarks/coreutils-8.24/ls.bc>:xdectoumax:25	</home/anonymous/eqlog-steensgaard-analysis-benchmark/benchmarks/coreutils-8.24/ls.bc>:xdectoumax:%call
</home/anonymous/eqlog-steensgaard-analysis-benchmark/benchmarks/coreutils-8.24/ls.bc>:xstrtoul:273	</home/anonymous/eqlog-steensgaard-analysis-benchmark/benchmarks/coreutils-8.24/ls.bc>:xstrtoul:%79
</home/anonymous/eqlog-steensgaard-analysis-benchmark/benchmarks/coreutils-8.24/ls.bc>:bkm_scale:27	</home/anonymous/eqlog-steensgaard-analysis-benchmark/benchmarks/coreutils-8.24/ls.bc>:bkm_scale:%7
</home/anonymous/eqlog-steensgaard-analysis-benchmark/benchmarks/coreutils-8.24/ls.bc>:bkm_scale_by_power:26	</home/anonymous/eqlog-steensgaard-analysis-benchmark/benchmarks/coreutils-8.24/ls.bc>:bkm_scale_by_power:%4
</home/anonymous/eqlog-steensgaard-analysis-benchmark/benchmarks/coreutils-8.24/ls.bc>:xstrtoumax:273	</home/anonymous/eqlog-steensgaard-analysis-benchmark/benchmarks/coreutils-8.24/ls.bc>:xstrtoumax:%79
</home/anonymous/eqlog-steensgaard-analysis-benchmark/benchmarks/coreutils-8.24/ls.bc>:bkm_scale.447:27	</home/anonymous/eqlog-steensgaard-analysis-benchmark/benchmarks/coreutils-8.24/ls.bc>:bkm_scale.447:%7
</home/anonymous/eqlog-steensgaard-analysis-benchmark/benchmarks/coreutils-8.24/ls.bc>:bkm_scale_by_power.448:26	</home/anonymous/eqlog-steensgaard-analysis-benchmark/benchmarks/coreutils-8.24/ls.bc>:bkm_scale_by_power.448:%4
</home/anonymous/eqlog-steensgaard-analysis-benchmark/benchmarks/coreutils-8.24/ls.bc>:rpl_calloc:43	</home/anonymous/eqlog-steensgaard-analysis-benchmark/benchmarks/coreutils-8.24/ls.bc>:rpl_calloc:%10
</home/anonymous/eqlog-steensgaard-analysis-benchmark/benchmarks/coreutils-8.24/ls.bc>:rpl_getfilecon:15	</home/anonymous/eqlog-steensgaard-analysis-benchmark/benchmarks/coreutils-8.24/ls.bc>:rpl_getfilecon:%call1
</home/anonymous/eqlog-steensgaard-analysis-benchmark/benchmarks/coreutils-8.24/ls.bc>:rpl_lgetfilecon:15	</home/anonymous/eqlog-steensgaard-analysis-benchmark/benchmarks/coreutils-8.24/ls.bc>:rpl_lgetfilecon:%call1
</home/anonymous/eqlog-steensgaard-analysis-benchmark/benchmarks/coreutils-8.24/ls.bc>:rpl_fgetfilecon:15	</home/anonymous/eqlog-steensgaard-analysis-benchmark/benchmarks/coreutils-8.24/ls.bc>:rpl_fgetfilecon:%call1
</home/anonymous/eqlog-steensgaard-analysis-benchmark/benchmarks/coreutils-8.24/ls.bc>:map_to_failure:35	</home/anonymous/eqlog-steensgaard-analysis-benchmark/benchmarks/coreutils-8.24/ls.bc>:map_to_failure:%8
</home/anonymous/eqlog-steensgaard-analysis-benchmark/benchmarks/coreutils-8.24/ls.bc>:rpl_mbrtowc:33	</home/anonymous/eqlog-steensgaard-analysis-benchmark/benchmarks/coreutils-8.24/ls.bc>:rpl_mbrtowc:%6
</home/anonymous/eqlog-steensgaard-analysis-benchmark/benchmarks/coreutils-8.24/ls.bc>:_obstack_begin:34	</home/anonymous/eqlog-steensgaard-analysis-benchmark/benchmarks/coreutils-8.24/ls.bc>:_obstack_begin:%call
</home/anonymous/eqlog-steensgaard-analysis-benchmark/benchmarks/coreutils-8.24/ls.bc>:_obstack_begin_1:42	</home/anonymous/eqlog-steensgaard-analysis-benchmark/benchmarks/coreutils-8.24/ls.bc>:_obstack_begin_1:%call
</home/anonymous/eqlog-steensgaard-analysis-benchmark/benchmarks/coreutils-8.24/ls.bc>:_obstack_allocated_p:43	</home/anonymous/eqlog-steensgaard-analysis-benchmark/benchmarks/coreutils-8.24/ls.bc>:_obstack_allocated_p:%conv
</home/anonymous/eqlog-steensgaard-analysis-benchmark/benchmarks/coreutils-8.24/ls.bc>:_obstack_memory_used:34	</home/anonymous/eqlog-steensgaard-analysis-benchmark/benchmarks/coreutils-8.24/ls.bc>:_obstack_memory_used:%10
</home/anonymous/eqlog-steensgaard-analysis-benchmark/benchmarks/coreutils-8.24/ls.bc>:_obstack_begin_worker:96	</home/anonymous/eqlog-steensgaard-analysis-benchmark/benchmarks/coreutils-8.24/ls.bc>:_obstack_begin_worker:96:0:1
</home/anonymous/eqlog-steensgaard-analysis-benchmark/benchmarks/coreutils-8.24/ls.bc>:call_chunkfun:34	</home/anonymous/eqlog-steensgaard-analysis-benchmark/benchmarks/coreutils-8.24/ls.bc>:call_chunkfun:%9
</home/anonymous/eqlog-steensgaard-analysis-benchmark/benchmarks/coreutils-8.24/ls.bc>:rotl64:16	</home/anonymous/eqlog-steensgaard-analysis-benchmark/benchmarks/coreutils-8.24/ls.bc>:rotl64:%or
</home/anonymous/eqlog-steensgaard-analysis-benchmark/benchmarks/coreutils-8.24/ls.bc>:rotr64:16	</home/anonymous/eqlog-steensgaard-analysis-benchmark/benchmarks/coreutils-8.24/ls.bc>:rotr64:%or
</home/anonymous/eqlog-steensgaard-analysis-benchmark/benchmarks/coreutils-8.24/ls.bc>:rotl32:14	</home/anonymous/eqlog-steensgaard-analysis-benchmark/benchmarks/coreutils-8.24/ls.bc>:rotl32:%or
</home/anonymous/eqlog-steensgaard-analysis-benchmark/benchmarks/coreutils-8.24/ls.bc>:rotr32:14	</home/anonymous/eqlog-steensgaard-analysis-benchmark/benchmarks/coreutils-8.24/ls.bc>:rotr32:%or
</home/anonymous/eqlog-steensgaard-analysis-benchmark/benchmarks/coreutils-8.24/ls.bc>:rotl_sz:16	</home/anonymous/eqlog-steensgaard-analysis-benchmark/benchmarks/coreutils-8.24/ls.bc>:rotl_sz:%or
</home/anonymous/eqlog-steensgaard-analysis-benchmark/benchmarks/coreutils-8.24/ls.bc>:rotr_sz:16	</home/anonymous/eqlog-steensgaard-analysis-benchmark/benchmarks/coreutils-8.24/ls.bc>:rotr_sz:%or
</home/anonymous/eqlog-steensgaard-analysis-benchmark/benchmarks/coreutils-8.24/ls.bc>:rotl16:18	</home/anonymous/eqlog-steensgaard-analysis-benchmark/benchmarks/coreutils-8.24/ls.bc>:rotl16:%conv2
</home/anonymous/eqlog-steensgaard-analysis-benchmark/benchmarks/coreutils-8.24/ls.bc>:rotr16:18	</home/anonymous/eqlog-steensgaard-analysis-benchmark/benchmarks/coreutils-8.24/ls.bc>:rotr16:%conv2
</home/anonymous/eqlog-steensgaard-analysis-benchmark/benchmarks/coreutils-8.24/ls.bc>:rotl8:18	</home/anonymous/eqlog-steensgaard-analysis-benchmark/benchmarks/coreutils-8.24/ls.bc>:rotl8:%conv2
</home/anonymous/eqlog-steensgaard-analysis-benchmark/benchmarks/coreutils-8.24/ls.bc>:rotr8:18	</home/anonymous/eqlog-steensgaard-analysis-benchmark/benchmarks/coreutils-8.24/ls.bc>:rotr8:%conv2
</home/anonymous/eqlog-steensgaard-analysis-benchmark/benchmarks/coreutils-8.24/ls.bc>:c_isascii:10	</home/anonymous/eqlog-steensgaard-analysis-benchmark/benchmarks/coreutils-8.24/ls.bc>:c_isascii:%2
</home/anonymous/eqlog-steensgaard-analysis-benchmark/benchmarks/coreutils-8.24/ls.bc>:c_isalnum:20	</home/anonymous/eqlog-steensgaard-analysis-benchmark/benchmarks/coreutils-8.24/ls.bc>:c_isalnum:%5
</home/anonymous/eqlog-steensgaard-analysis-benchmark/benchmarks/coreutils-8.24/ls.bc>:c_isalpha:12	</home/anonymous/eqlog-steensgaard-analysis-benchmark/benchmarks/coreutils-8.24/ls.bc>:c_isalpha:%2
</home/anonymous/eqlog-steensgaard-analysis-benchmark/benchmarks/coreutils-8.24/ls.bc>:c_isblank:10	</home/anonymous/eqlog-steensgaard-analysis-benchmark/benchmarks/coreutils-8.24/ls.bc>:c_isblank:%2
</home/anonymous/eqlog-steensgaard-analysis-benchmark/benchmarks/coreutils-8.24/ls.bc>:c_iscntrl:11	</home/anonymous/eqlog-steensgaard-analysis-benchmark/benchmarks/coreutils-8.24/ls.bc>:c_iscntrl:%2
</home/anonymous/eqlog-steensgaard-analysis-benchmark/benchmarks/coreutils-8.24/ls.bc>:c_isdigit:10	</home/anonymous/eqlog-steensgaard-analysis-benchmark/benchmarks/coreutils-8.24/ls.bc>:c_isdigit:%2
</home/anonymous/eqlog-steensgaard-analysis-benchmark/benchmarks/coreutils-8.24/ls.bc>:c_islower:10	</home/anonymous/eqlog-steensgaard-analysis-benchmark/benchmarks/coreutils-8.24/ls.bc>:c_islower:%2
</home/anonymous/eqlog-steensgaard-analysis-benchmark/benchmarks/coreutils-8.24/ls.bc>:c_isgraph:10	</home/anonymous/eqlog-steensgaard-analysis-benchmark/benchmarks/coreutils-8.24/ls.bc>:c_isgraph:%2
</home/anonymous/eqlog-steensgaard-analysis-benchmark/benchmarks/coreutils-8.24/ls.bc>:c_isprint:10	</home/anonymous/eqlog-steensgaard-analysis-benchmark/benchmarks/coreutils-8.24/ls.bc>:c_isprint:%2
</home/anonymous/eqlog-steensgaard-analysis-benchmark/benchmarks/coreutils-8.24/ls.bc>:c_ispunct:29	</home/anonymous/eqlog-steensgaard-analysis-benchmark/benchmarks/coreutils-8.24/ls.bc>:c_ispunct:%8
</home/anonymous/eqlog-steensgaard-analysis-benchmark/benchmarks/coreutils-8.24/ls.bc>:c_isspace:22	</home/anonymous/eqlog-steensgaard-analysis-benchmark/benchmarks/coreutils-8.24/ls.bc>:c_isspace:%6
</home/anonymous/eqlog-steensgaard-analysis-benchmark/benchmarks/coreutils-8.24/ls.bc>:c_isupper:10	</home/anonymous/eqlog-steensgaard-analysis-benchmark/benchmarks/coreutils-8.24/ls.bc>:c_isupper:%2
</home/anonymous/eqlog-steensgaard-analysis-benchmark/benchmarks/coreutils-8.24/ls.bc>:c_isxdigit:20	</home/anonymous/eqlog-steensgaard-analysis-benchmark/benchmarks/coreutils-8.24/ls.bc>:c_isxdigit:%5
</home/anonymous/eqlog-steensgaard-analysis-benchmark/benchmarks/coreutils-8.24/ls.bc>:c_tolower:16	</home/anonymous/eqlog-steensgaard-analysis-benchmark/benchmarks/coreutils-8.24/ls.bc>:c_tolower:%cond
</home/anonymous/eqlog-steensgaard-analysis-benchmark/benchmarks/coreutils-8.24/ls.bc>:c_toupper:16	</home/anonymous/eqlog-steensgaard-analysis-benchmark/benchmarks/coreutils-8.24/ls.bc>:c_toupper:%cond
</home/anonymous/eqlog-steensgaard-analysis-benchmark/benchmarks/coreutils-8.24/ls.bc>:c_strcasecmp:64	</home/anonymous/eqlog-steensgaard-analysis-benchmark/benchmarks/coreutils-8.24/ls.bc>:c_strcasecmp:%15
</home/anonymous/eqlog-steensgaard-analysis-benchmark/benchmarks/coreutils-8.24/ls.bc>:close_stream:49	</home/anonymous/eqlog-steensgaard-analysis-benchmark/benchmarks/coreutils-8.24/ls.bc>:close_stream:%8
</home/anonymous/eqlog-steensgaard-analysis-benchmark/benchmarks/coreutils-8.24/ls.bc>:locale_charset:66	</home/anonymous/eqlog-steensgaard-analysis-benchmark/benchmarks/coreutils-8.24/ls.bc>:locale_charset:%17
</home/anonymous/eqlog-steensgaard-analysis-benchmark/benchmarks/coreutils-8.24/ls.bc>:get_charset_aliases:273	</home/anonymous/eqlog-steensgaard-analysis-benchmark/benchmarks/coreutils-8.24/ls.bc>:get_charset_aliases:%73
</home/anonymous/eqlog-steensgaard-analysis-benchmark/benchmarks/coreutils-8.24/ls.bc>:rpl_fclose:54	</home/anonymous/eqlog-steensgaard-analysis-benchmark/benchmarks/coreutils-8.24/ls.bc>:rpl_fclose:%11
</home/anonymous/eqlog-steensgaard-analysis-benchmark/benchmarks/coreutils-8.24/ls.bc>:rpl_fflush:22	</home/anonymous/eqlog-steensgaard-analysis-benchmark/benchmarks/coreutils-8.24/ls.bc>:rpl_fflush:%5
</home/anonymous/eqlog-steensgaard-analysis-benchmark/benchmarks/coreutils-8.24/ls.bc>:rpl_fseeko:62	</home/anonymous/eqlog-steensgaard-analysis-benchmark/benchmarks/coreutils-8.24/ls.bc>:rpl_fseeko:%21
