</home/anonymous/eqlog-steensgaard-analysis-benchmark/benchmarks/coreutils-8.24/cksum.bc>:main:13	</home/anonymous/eqlog-steensgaard-analysis-benchmark/benchmarks/coreutils-8.24/cksum.bc>:main:%0
</home/anonymous/eqlog-steensgaard-analysis-benchmark/benchmarks/coreutils-8.24/cksum.bc>:main:53	</home/anonymous/eqlog-steensgaard-analysis-benchmark/benchmarks/coreutils-8.24/cksum.bc>:main:%14
</home/anonymous/eqlog-steensgaard-analysis-benchmark/benchmarks/coreutils-8.24/cksum.bc>:emit_ancillary_info:13	</home/anonymous/eqlog-steensgaard-analysis-benchmark/benchmarks/coreutils-8.24/cksum.bc>:emit_ancillary_info:%1
</home/anonymous/eqlog-steensgaard-analysis-benchmark/benchmarks/coreutils-8.24/cksum.bc>:emit_ancillary_info:19	</home/anonymous/eqlog-steensgaard-analysis-benchmark/benchmarks/coreutils-8.24/cksum.bc>:emit_ancillary_info:%4
</home/anonymous/eqlog-steensgaard-analysis-benchmark/benchmarks/coreutils-8.24/cksum.bc>:emit_ancillary_info:28	</home/anonymous/eqlog-steensgaard-analysis-benchmark/benchmarks/coreutils-8.24/cksum.bc>:emit_ancillary_info:%7
</home/anonymous/eqlog-steensgaard-analysis-benchmark/benchmarks/coreutils-8.24/cksum.bc>:emit_ancillary_info:32	</home/anonymous/eqlog-steensgaard-analysis-benchmark/benchmarks/coreutils-8.24/cksum.bc>:emit_ancillary_info:%8
</home/anonymous/eqlog-steensgaard-analysis-benchmark/benchmarks/coreutils-8.24/cksum.bc>:emit_ancillary_info:37	</home/anonymous/eqlog-steensgaard-analysis-benchmark/benchmarks/coreutils-8.24/cksum.bc>:emit_ancillary_info:%10
</home/anonymous/eqlog-steensgaard-analysis-benchmark/benchmarks/coreutils-8.24/cksum.bc>:cksum:49	</home/anonymous/eqlog-steensgaard-analysis-benchmark/benchmarks/coreutils-8.24/cksum.bc>:cksum:%buf
</home/anonymous/eqlog-steensgaard-analysis-benchmark/benchmarks/coreutils-8.24/cksum.bc>:cksum:56	</home/anonymous/eqlog-steensgaard-analysis-benchmark/benchmarks/coreutils-8.24/cksum.bc>:cksum:%buf
</home/anonymous/eqlog-steensgaard-analysis-benchmark/benchmarks/coreutils-8.24/cksum.bc>:cksum:83	</home/anonymous/eqlog-steensgaard-analysis-benchmark/benchmarks/coreutils-8.24/cksum.bc>:cksum:%17
</home/anonymous/eqlog-steensgaard-analysis-benchmark/benchmarks/coreutils-8.24/cksum.bc>:cksum:89	</home/anonymous/eqlog-steensgaard-analysis-benchmark/benchmarks/coreutils-8.24/cksum.bc>:cksum:89:0:@crctab
</home/anonymous/eqlog-steensgaard-analysis-benchmark/benchmarks/coreutils-8.24/cksum.bc>:cksum:132	</home/anonymous/eqlog-steensgaard-analysis-benchmark/benchmarks/coreutils-8.24/cksum.bc>:cksum:%length_buf
</home/anonymous/eqlog-steensgaard-analysis-benchmark/benchmarks/coreutils-8.24/cksum.bc>:cksum:146	</home/anonymous/eqlog-steensgaard-analysis-benchmark/benchmarks/coreutils-8.24/cksum.bc>:cksum:146:0:@crctab
</home/anonymous/eqlog-steensgaard-analysis-benchmark/benchmarks/coreutils-8.24/cksum.bc>:umaxtostr:9	</home/anonymous/eqlog-steensgaard-analysis-benchmark/benchmarks/coreutils-8.24/cksum.bc>:umaxtostr:%0
</home/anonymous/eqlog-steensgaard-analysis-benchmark/benchmarks/coreutils-8.24/cksum.bc>:umaxtostr:22	</home/anonymous/eqlog-steensgaard-analysis-benchmark/benchmarks/coreutils-8.24/cksum.bc>:umaxtostr:%4
</home/anonymous/eqlog-steensgaard-analysis-benchmark/benchmarks/coreutils-8.24/cksum.bc>:umaxtostr:32	</home/anonymous/eqlog-steensgaard-analysis-benchmark/benchmarks/coreutils-8.24/cksum.bc>:umaxtostr:%6
</home/anonymous/eqlog-steensgaard-analysis-benchmark/benchmarks/coreutils-8.24/cksum.bc>:umaxtostr:42	</home/anonymous/eqlog-steensgaard-analysis-benchmark/benchmarks/coreutils-8.24/cksum.bc>:umaxtostr:%8
</home/anonymous/eqlog-steensgaard-analysis-benchmark/benchmarks/coreutils-8.24/cksum.bc>:parse_long_options:41	</home/anonymous/eqlog-steensgaard-analysis-benchmark/benchmarks/coreutils-8.24/cksum.bc>:parse_long_options:%authors
</home/anonymous/eqlog-steensgaard-analysis-benchmark/benchmarks/coreutils-8.24/cksum.bc>:parse_long_options:48	</home/anonymous/eqlog-steensgaard-analysis-benchmark/benchmarks/coreutils-8.24/cksum.bc>:parse_long_options:%authors
</home/anonymous/eqlog-steensgaard-analysis-benchmark/benchmarks/coreutils-8.24/cksum.bc>:set_program_name:21	</home/anonymous/eqlog-steensgaard-analysis-benchmark/benchmarks/coreutils-8.24/cksum.bc>:set_program_name:%4
</home/anonymous/eqlog-steensgaard-analysis-benchmark/benchmarks/coreutils-8.24/cksum.bc>:set_program_name:35	</home/anonymous/eqlog-steensgaard-analysis-benchmark/benchmarks/coreutils-8.24/cksum.bc>:set_program_name:%8
</home/anonymous/eqlog-steensgaard-analysis-benchmark/benchmarks/coreutils-8.24/cksum.bc>:set_program_name:46	</home/anonymous/eqlog-steensgaard-analysis-benchmark/benchmarks/coreutils-8.24/cksum.bc>:set_program_name:%11
</home/anonymous/eqlog-steensgaard-analysis-benchmark/benchmarks/coreutils-8.24/cksum.bc>:get_quoting_style:10	</home/anonymous/eqlog-steensgaard-analysis-benchmark/benchmarks/coreutils-8.24/cksum.bc>:get_quoting_style:%cond
</home/anonymous/eqlog-steensgaard-analysis-benchmark/benchmarks/coreutils-8.24/cksum.bc>:set_quoting_style:14	</home/anonymous/eqlog-steensgaard-analysis-benchmark/benchmarks/coreutils-8.24/cksum.bc>:set_quoting_style:%cond
</home/anonymous/eqlog-steensgaard-analysis-benchmark/benchmarks/coreutils-8.24/cksum.bc>:set_char_quoting:24	</home/anonymous/eqlog-steensgaard-analysis-benchmark/benchmarks/coreutils-8.24/cksum.bc>:set_char_quoting:%cond
</home/anonymous/eqlog-steensgaard-analysis-benchmark/benchmarks/coreutils-8.24/cksum.bc>:set_char_quoting:25	</home/anonymous/eqlog-steensgaard-analysis-benchmark/benchmarks/coreutils-8.24/cksum.bc>:set_char_quoting:%quote_these_too
</home/anonymous/eqlog-steensgaard-analysis-benchmark/benchmarks/coreutils-8.24/cksum.bc>:set_char_quoting:29	</home/anonymous/eqlog-steensgaard-analysis-benchmark/benchmarks/coreutils-8.24/cksum.bc>:set_char_quoting:%arraydecay
</home/anonymous/eqlog-steensgaard-analysis-benchmark/benchmarks/coreutils-8.24/cksum.bc>:set_quoting_flags:14	</home/anonymous/eqlog-steensgaard-analysis-benchmark/benchmarks/coreutils-8.24/cksum.bc>:set_quoting_flags:%1
</home/anonymous/eqlog-steensgaard-analysis-benchmark/benchmarks/coreutils-8.24/cksum.bc>:set_quoting_flags:19	</home/anonymous/eqlog-steensgaard-analysis-benchmark/benchmarks/coreutils-8.24/cksum.bc>:set_quoting_flags:%4
</home/anonymous/eqlog-steensgaard-analysis-benchmark/benchmarks/coreutils-8.24/cksum.bc>:set_custom_quoting:15	</home/anonymous/eqlog-steensgaard-analysis-benchmark/benchmarks/coreutils-8.24/cksum.bc>:set_custom_quoting:%1
</home/anonymous/eqlog-steensgaard-analysis-benchmark/benchmarks/coreutils-8.24/cksum.bc>:set_custom_quoting:27	</home/anonymous/eqlog-steensgaard-analysis-benchmark/benchmarks/coreutils-8.24/cksum.bc>:set_custom_quoting:%5
</home/anonymous/eqlog-steensgaard-analysis-benchmark/benchmarks/coreutils-8.24/cksum.bc>:set_custom_quoting:31	</home/anonymous/eqlog-steensgaard-analysis-benchmark/benchmarks/coreutils-8.24/cksum.bc>:set_custom_quoting:%7
</home/anonymous/eqlog-steensgaard-analysis-benchmark/benchmarks/coreutils-8.24/cksum.bc>:quotearg_buffer:37	</home/anonymous/eqlog-steensgaard-analysis-benchmark/benchmarks/coreutils-8.24/cksum.bc>:quotearg_buffer:%7
</home/anonymous/eqlog-steensgaard-analysis-benchmark/benchmarks/coreutils-8.24/cksum.bc>:quotearg_buffer:40	</home/anonymous/eqlog-steensgaard-analysis-benchmark/benchmarks/coreutils-8.24/cksum.bc>:quotearg_buffer:%9
</home/anonymous/eqlog-steensgaard-analysis-benchmark/benchmarks/coreutils-8.24/cksum.bc>:quotearg_buffer:43	</home/anonymous/eqlog-steensgaard-analysis-benchmark/benchmarks/coreutils-8.24/cksum.bc>:quotearg_buffer:%11
</home/anonymous/eqlog-steensgaard-analysis-benchmark/benchmarks/coreutils-8.24/cksum.bc>:quotearg_buffer:44	</home/anonymous/eqlog-steensgaard-analysis-benchmark/benchmarks/coreutils-8.24/cksum.bc>:quotearg_buffer:%quote_these_too
</home/anonymous/eqlog-steensgaard-analysis-benchmark/benchmarks/coreutils-8.24/cksum.bc>:quotearg_buffer:46	</home/anonymous/eqlog-steensgaard-analysis-benchmark/benchmarks/coreutils-8.24/cksum.bc>:quotearg_buffer:%12
</home/anonymous/eqlog-steensgaard-analysis-benchmark/benchmarks/coreutils-8.24/cksum.bc>:quotearg_buffer:49	</home/anonymous/eqlog-steensgaard-analysis-benchmark/benchmarks/coreutils-8.24/cksum.bc>:quotearg_buffer:%14
</home/anonymous/eqlog-steensgaard-analysis-benchmark/benchmarks/coreutils-8.24/cksum.bc>:quotearg_alloc_mem:32	</home/anonymous/eqlog-steensgaard-analysis-benchmark/benchmarks/coreutils-8.24/cksum.bc>:quotearg_alloc_mem:%3
</home/anonymous/eqlog-steensgaard-analysis-benchmark/benchmarks/coreutils-8.24/cksum.bc>:quotearg_alloc_mem:43	</home/anonymous/eqlog-steensgaard-analysis-benchmark/benchmarks/coreutils-8.24/cksum.bc>:quotearg_alloc_mem:%8
</home/anonymous/eqlog-steensgaard-analysis-benchmark/benchmarks/coreutils-8.24/cksum.bc>:quotearg_alloc_mem:47	</home/anonymous/eqlog-steensgaard-analysis-benchmark/benchmarks/coreutils-8.24/cksum.bc>:quotearg_alloc_mem:%11
</home/anonymous/eqlog-steensgaard-analysis-benchmark/benchmarks/coreutils-8.24/cksum.bc>:quotearg_alloc_mem:48	</home/anonymous/eqlog-steensgaard-analysis-benchmark/benchmarks/coreutils-8.24/cksum.bc>:quotearg_alloc_mem:%quote_these_too
</home/anonymous/eqlog-steensgaard-analysis-benchmark/benchmarks/coreutils-8.24/cksum.bc>:quotearg_alloc_mem:50	</home/anonymous/eqlog-steensgaard-analysis-benchmark/benchmarks/coreutils-8.24/cksum.bc>:quotearg_alloc_mem:%12
</home/anonymous/eqlog-steensgaard-analysis-benchmark/benchmarks/coreutils-8.24/cksum.bc>:quotearg_alloc_mem:53	</home/anonymous/eqlog-steensgaard-analysis-benchmark/benchmarks/coreutils-8.24/cksum.bc>:quotearg_alloc_mem:%14
</home/anonymous/eqlog-steensgaard-analysis-benchmark/benchmarks/coreutils-8.24/cksum.bc>:quotearg_alloc_mem:67	</home/anonymous/eqlog-steensgaard-analysis-benchmark/benchmarks/coreutils-8.24/cksum.bc>:quotearg_alloc_mem:%21
</home/anonymous/eqlog-steensgaard-analysis-benchmark/benchmarks/coreutils-8.24/cksum.bc>:quotearg_alloc_mem:71	</home/anonymous/eqlog-steensgaard-analysis-benchmark/benchmarks/coreutils-8.24/cksum.bc>:quotearg_alloc_mem:%24
</home/anonymous/eqlog-steensgaard-analysis-benchmark/benchmarks/coreutils-8.24/cksum.bc>:quotearg_alloc_mem:72	</home/anonymous/eqlog-steensgaard-analysis-benchmark/benchmarks/coreutils-8.24/cksum.bc>:quotearg_alloc_mem:%quote_these_too7
</home/anonymous/eqlog-steensgaard-analysis-benchmark/benchmarks/coreutils-8.24/cksum.bc>:quotearg_alloc_mem:74	</home/anonymous/eqlog-steensgaard-analysis-benchmark/benchmarks/coreutils-8.24/cksum.bc>:quotearg_alloc_mem:%25
</home/anonymous/eqlog-steensgaard-analysis-benchmark/benchmarks/coreutils-8.24/cksum.bc>:quotearg_alloc_mem:77	</home/anonymous/eqlog-steensgaard-analysis-benchmark/benchmarks/coreutils-8.24/cksum.bc>:quotearg_alloc_mem:%27
</home/anonymous/eqlog-steensgaard-analysis-benchmark/benchmarks/coreutils-8.24/cksum.bc>:quotearg_free:15	</home/anonymous/eqlog-steensgaard-analysis-benchmark/benchmarks/coreutils-8.24/cksum.bc>:quotearg_free:%4
</home/anonymous/eqlog-steensgaard-analysis-benchmark/benchmarks/coreutils-8.24/cksum.bc>:quotearg_free:16	</home/anonymous/eqlog-steensgaard-analysis-benchmark/benchmarks/coreutils-8.24/cksum.bc>:quotearg_free:%arrayidx
</home/anonymous/eqlog-steensgaard-analysis-benchmark/benchmarks/coreutils-8.24/cksum.bc>:quotearg_free:25	</home/anonymous/eqlog-steensgaard-analysis-benchmark/benchmarks/coreutils-8.24/cksum.bc>:quotearg_free:%7
</home/anonymous/eqlog-steensgaard-analysis-benchmark/benchmarks/coreutils-8.24/cksum.bc>:quotearg_free:26	</home/anonymous/eqlog-steensgaard-analysis-benchmark/benchmarks/coreutils-8.24/cksum.bc>:quotearg_free:%arrayidx1
</home/anonymous/eqlog-steensgaard-analysis-benchmark/benchmarks/coreutils-8.24/cksum.bc>:quotearg_free:31	</home/anonymous/eqlog-steensgaard-analysis-benchmark/benchmarks/coreutils-8.24/cksum.bc>:quotearg_free:%9
</home/anonymous/eqlog-steensgaard-analysis-benchmark/benchmarks/coreutils-8.24/cksum.bc>:quotearg_free:32	</home/anonymous/eqlog-steensgaard-analysis-benchmark/benchmarks/coreutils-8.24/cksum.bc>:quotearg_free:%arrayidx4
</home/anonymous/eqlog-steensgaard-analysis-benchmark/benchmarks/coreutils-8.24/cksum.bc>:quotearg_buffer_restyled:80	</home/anonymous/eqlog-steensgaard-analysis-benchmark/benchmarks/coreutils-8.24/cksum.bc>:quotearg_buffer_restyled:%6
</home/anonymous/eqlog-steensgaard-analysis-benchmark/benchmarks/coreutils-8.24/cksum.bc>:quotearg_buffer_restyled:124	</home/anonymous/eqlog-steensgaard-analysis-benchmark/benchmarks/coreutils-8.24/cksum.bc>:quotearg_buffer_restyled:%20
</home/anonymous/eqlog-steensgaard-analysis-benchmark/benchmarks/coreutils-8.24/cksum.bc>:quotearg_buffer_restyled:133	</home/anonymous/eqlog-steensgaard-analysis-benchmark/benchmarks/coreutils-8.24/cksum.bc>:quotearg_buffer_restyled:%22
</home/anonymous/eqlog-steensgaard-analysis-benchmark/benchmarks/coreutils-8.24/cksum.bc>:quotearg_buffer_restyled:157	</home/anonymous/eqlog-steensgaard-analysis-benchmark/benchmarks/coreutils-8.24/cksum.bc>:quotearg_buffer_restyled:%29
</home/anonymous/eqlog-steensgaard-analysis-benchmark/benchmarks/coreutils-8.24/cksum.bc>:quotearg_buffer_restyled:179	</home/anonymous/eqlog-steensgaard-analysis-benchmark/benchmarks/coreutils-8.24/cksum.bc>:quotearg_buffer_restyled:%33
</home/anonymous/eqlog-steensgaard-analysis-benchmark/benchmarks/coreutils-8.24/cksum.bc>:quotearg_buffer_restyled:224	</home/anonymous/eqlog-steensgaard-analysis-benchmark/benchmarks/coreutils-8.24/cksum.bc>:quotearg_buffer_restyled:%45
</home/anonymous/eqlog-steensgaard-analysis-benchmark/benchmarks/coreutils-8.24/cksum.bc>:quotearg_buffer_restyled:238	</home/anonymous/eqlog-steensgaard-analysis-benchmark/benchmarks/coreutils-8.24/cksum.bc>:quotearg_buffer_restyled:%51
</home/anonymous/eqlog-steensgaard-analysis-benchmark/benchmarks/coreutils-8.24/cksum.bc>:quotearg_buffer_restyled:258	</home/anonymous/eqlog-steensgaard-analysis-benchmark/benchmarks/coreutils-8.24/cksum.bc>:quotearg_buffer_restyled:%59
</home/anonymous/eqlog-steensgaard-analysis-benchmark/benchmarks/coreutils-8.24/cksum.bc>:quotearg_buffer_restyled:273	</home/anonymous/eqlog-steensgaard-analysis-benchmark/benchmarks/coreutils-8.24/cksum.bc>:quotearg_buffer_restyled:%64
</home/anonymous/eqlog-steensgaard-analysis-benchmark/benchmarks/coreutils-8.24/cksum.bc>:quotearg_buffer_restyled:281	</home/anonymous/eqlog-steensgaard-analysis-benchmark/benchmarks/coreutils-8.24/cksum.bc>:quotearg_buffer_restyled:%67
</home/anonymous/eqlog-steensgaard-analysis-benchmark/benchmarks/coreutils-8.24/cksum.bc>:quotearg_buffer_restyled:293	</home/anonymous/eqlog-steensgaard-analysis-benchmark/benchmarks/coreutils-8.24/cksum.bc>:quotearg_buffer_restyled:%72
</home/anonymous/eqlog-steensgaard-analysis-benchmark/benchmarks/coreutils-8.24/cksum.bc>:quotearg_buffer_restyled:307	</home/anonymous/eqlog-steensgaard-analysis-benchmark/benchmarks/coreutils-8.24/cksum.bc>:quotearg_buffer_restyled:%77
</home/anonymous/eqlog-steensgaard-analysis-benchmark/benchmarks/coreutils-8.24/cksum.bc>:quotearg_buffer_restyled:343	</home/anonymous/eqlog-steensgaard-analysis-benchmark/benchmarks/coreutils-8.24/cksum.bc>:quotearg_buffer_restyled:%86
</home/anonymous/eqlog-steensgaard-analysis-benchmark/benchmarks/coreutils-8.24/cksum.bc>:quotearg_buffer_restyled:351	</home/anonymous/eqlog-steensgaard-analysis-benchmark/benchmarks/coreutils-8.24/cksum.bc>:quotearg_buffer_restyled:%89
</home/anonymous/eqlog-steensgaard-analysis-benchmark/benchmarks/coreutils-8.24/cksum.bc>:quotearg_buffer_restyled:362	</home/anonymous/eqlog-steensgaard-analysis-benchmark/benchmarks/coreutils-8.24/cksum.bc>:quotearg_buffer_restyled:%93
</home/anonymous/eqlog-steensgaard-analysis-benchmark/benchmarks/coreutils-8.24/cksum.bc>:quotearg_buffer_restyled:375	</home/anonymous/eqlog-steensgaard-analysis-benchmark/benchmarks/coreutils-8.24/cksum.bc>:quotearg_buffer_restyled:%99
</home/anonymous/eqlog-steensgaard-analysis-benchmark/benchmarks/coreutils-8.24/cksum.bc>:quotearg_buffer_restyled:389	</home/anonymous/eqlog-steensgaard-analysis-benchmark/benchmarks/coreutils-8.24/cksum.bc>:quotearg_buffer_restyled:%104
</home/anonymous/eqlog-steensgaard-analysis-benchmark/benchmarks/coreutils-8.24/cksum.bc>:quotearg_buffer_restyled:403	</home/anonymous/eqlog-steensgaard-analysis-benchmark/benchmarks/coreutils-8.24/cksum.bc>:quotearg_buffer_restyled:%109
</home/anonymous/eqlog-steensgaard-analysis-benchmark/benchmarks/coreutils-8.24/cksum.bc>:quotearg_buffer_restyled:417	</home/anonymous/eqlog-steensgaard-analysis-benchmark/benchmarks/coreutils-8.24/cksum.bc>:quotearg_buffer_restyled:%114
</home/anonymous/eqlog-steensgaard-analysis-benchmark/benchmarks/coreutils-8.24/cksum.bc>:quotearg_buffer_restyled:476	</home/anonymous/eqlog-steensgaard-analysis-benchmark/benchmarks/coreutils-8.24/cksum.bc>:quotearg_buffer_restyled:%125
</home/anonymous/eqlog-steensgaard-analysis-benchmark/benchmarks/coreutils-8.24/cksum.bc>:quotearg_buffer_restyled:513	</home/anonymous/eqlog-steensgaard-analysis-benchmark/benchmarks/coreutils-8.24/cksum.bc>:quotearg_buffer_restyled:%136
</home/anonymous/eqlog-steensgaard-analysis-benchmark/benchmarks/coreutils-8.24/cksum.bc>:quotearg_buffer_restyled:527	</home/anonymous/eqlog-steensgaard-analysis-benchmark/benchmarks/coreutils-8.24/cksum.bc>:quotearg_buffer_restyled:%141
</home/anonymous/eqlog-steensgaard-analysis-benchmark/benchmarks/coreutils-8.24/cksum.bc>:quotearg_buffer_restyled:541	</home/anonymous/eqlog-steensgaard-analysis-benchmark/benchmarks/coreutils-8.24/cksum.bc>:quotearg_buffer_restyled:%146
</home/anonymous/eqlog-steensgaard-analysis-benchmark/benchmarks/coreutils-8.24/cksum.bc>:quotearg_buffer_restyled:562	</home/anonymous/eqlog-steensgaard-analysis-benchmark/benchmarks/coreutils-8.24/cksum.bc>:quotearg_buffer_restyled:%150
</home/anonymous/eqlog-steensgaard-analysis-benchmark/benchmarks/coreutils-8.24/cksum.bc>:quotearg_buffer_restyled:589	</home/anonymous/eqlog-steensgaard-analysis-benchmark/benchmarks/coreutils-8.24/cksum.bc>:quotearg_buffer_restyled:%157
</home/anonymous/eqlog-steensgaard-analysis-benchmark/benchmarks/coreutils-8.24/cksum.bc>:quotearg_buffer_restyled:621	</home/anonymous/eqlog-steensgaard-analysis-benchmark/benchmarks/coreutils-8.24/cksum.bc>:quotearg_buffer_restyled:%169
</home/anonymous/eqlog-steensgaard-analysis-benchmark/benchmarks/coreutils-8.24/cksum.bc>:quotearg_buffer_restyled:652	</home/anonymous/eqlog-steensgaard-analysis-benchmark/benchmarks/coreutils-8.24/cksum.bc>:quotearg_buffer_restyled:%180
</home/anonymous/eqlog-steensgaard-analysis-benchmark/benchmarks/coreutils-8.24/cksum.bc>:quotearg_buffer_restyled:715	</home/anonymous/eqlog-steensgaard-analysis-benchmark/benchmarks/coreutils-8.24/cksum.bc>:quotearg_buffer_restyled:%197
</home/anonymous/eqlog-steensgaard-analysis-benchmark/benchmarks/coreutils-8.24/cksum.bc>:quotearg_buffer_restyled:734	</home/anonymous/eqlog-steensgaard-analysis-benchmark/benchmarks/coreutils-8.24/cksum.bc>:quotearg_buffer_restyled:%203
</home/anonymous/eqlog-steensgaard-analysis-benchmark/benchmarks/coreutils-8.24/cksum.bc>:quotearg_buffer_restyled:754	</home/anonymous/eqlog-steensgaard-analysis-benchmark/benchmarks/coreutils-8.24/cksum.bc>:quotearg_buffer_restyled:%209
</home/anonymous/eqlog-steensgaard-analysis-benchmark/benchmarks/coreutils-8.24/cksum.bc>:quotearg_buffer_restyled:778	</home/anonymous/eqlog-steensgaard-analysis-benchmark/benchmarks/coreutils-8.24/cksum.bc>:quotearg_buffer_restyled:%216
</home/anonymous/eqlog-steensgaard-analysis-benchmark/benchmarks/coreutils-8.24/cksum.bc>:quotearg_buffer_restyled:802	</home/anonymous/eqlog-steensgaard-analysis-benchmark/benchmarks/coreutils-8.24/cksum.bc>:quotearg_buffer_restyled:%224
</home/anonymous/eqlog-steensgaard-analysis-benchmark/benchmarks/coreutils-8.24/cksum.bc>:quotearg_buffer_restyled:813	</home/anonymous/eqlog-steensgaard-analysis-benchmark/benchmarks/coreutils-8.24/cksum.bc>:quotearg_buffer_restyled:%227
</home/anonymous/eqlog-steensgaard-analysis-benchmark/benchmarks/coreutils-8.24/cksum.bc>:quotearg_buffer_restyled:832	</home/anonymous/eqlog-steensgaard-analysis-benchmark/benchmarks/coreutils-8.24/cksum.bc>:quotearg_buffer_restyled:%233
</home/anonymous/eqlog-steensgaard-analysis-benchmark/benchmarks/coreutils-8.24/cksum.bc>:quotearg_buffer_restyled:858	</home/anonymous/eqlog-steensgaard-analysis-benchmark/benchmarks/coreutils-8.24/cksum.bc>:quotearg_buffer_restyled:%241
</home/anonymous/eqlog-steensgaard-analysis-benchmark/benchmarks/coreutils-8.24/cksum.bc>:quotearg_buffer_restyled:874	</home/anonymous/eqlog-steensgaard-analysis-benchmark/benchmarks/coreutils-8.24/cksum.bc>:quotearg_buffer_restyled:%247
</home/anonymous/eqlog-steensgaard-analysis-benchmark/benchmarks/coreutils-8.24/cksum.bc>:quotearg_buffer_restyled:916	</home/anonymous/eqlog-steensgaard-analysis-benchmark/benchmarks/coreutils-8.24/cksum.bc>:quotearg_buffer_restyled:%262
</home/anonymous/eqlog-steensgaard-analysis-benchmark/benchmarks/coreutils-8.24/cksum.bc>:quotearg_buffer_restyled:925	</home/anonymous/eqlog-steensgaard-analysis-benchmark/benchmarks/coreutils-8.24/cksum.bc>:quotearg_buffer_restyled:%264
</home/anonymous/eqlog-steensgaard-analysis-benchmark/benchmarks/coreutils-8.24/cksum.bc>:quotearg_buffer_restyled:935	</home/anonymous/eqlog-steensgaard-analysis-benchmark/benchmarks/coreutils-8.24/cksum.bc>:quotearg_buffer_restyled:%268
</home/anonymous/eqlog-steensgaard-analysis-benchmark/benchmarks/coreutils-8.24/cksum.bc>:quotearg_n_options:79	</home/anonymous/eqlog-steensgaard-analysis-benchmark/benchmarks/coreutils-8.24/cksum.bc>:quotearg_n_options:%17
</home/anonymous/eqlog-steensgaard-analysis-benchmark/benchmarks/coreutils-8.24/cksum.bc>:quotearg_n_options:95	</home/anonymous/eqlog-steensgaard-analysis-benchmark/benchmarks/coreutils-8.24/cksum.bc>:quotearg_n_options:%24
</home/anonymous/eqlog-steensgaard-analysis-benchmark/benchmarks/coreutils-8.24/cksum.bc>:quotearg_n_options:96	</home/anonymous/eqlog-steensgaard-analysis-benchmark/benchmarks/coreutils-8.24/cksum.bc>:quotearg_n_options:%arrayidx
</home/anonymous/eqlog-steensgaard-analysis-benchmark/benchmarks/coreutils-8.24/cksum.bc>:quotearg_n_options:103	</home/anonymous/eqlog-steensgaard-analysis-benchmark/benchmarks/coreutils-8.24/cksum.bc>:quotearg_n_options:%27
</home/anonymous/eqlog-steensgaard-analysis-benchmark/benchmarks/coreutils-8.24/cksum.bc>:quotearg_n_options:104	</home/anonymous/eqlog-steensgaard-analysis-benchmark/benchmarks/coreutils-8.24/cksum.bc>:quotearg_n_options:%arrayidx20
</home/anonymous/eqlog-steensgaard-analysis-benchmark/benchmarks/coreutils-8.24/cksum.bc>:quotearg_n_options:109	</home/anonymous/eqlog-steensgaard-analysis-benchmark/benchmarks/coreutils-8.24/cksum.bc>:quotearg_n_options:%29
</home/anonymous/eqlog-steensgaard-analysis-benchmark/benchmarks/coreutils-8.24/cksum.bc>:quotearg_n_options:119	</home/anonymous/eqlog-steensgaard-analysis-benchmark/benchmarks/coreutils-8.24/cksum.bc>:quotearg_n_options:%35
</home/anonymous/eqlog-steensgaard-analysis-benchmark/benchmarks/coreutils-8.24/cksum.bc>:quotearg_n_options:123	</home/anonymous/eqlog-steensgaard-analysis-benchmark/benchmarks/coreutils-8.24/cksum.bc>:quotearg_n_options:%38
</home/anonymous/eqlog-steensgaard-analysis-benchmark/benchmarks/coreutils-8.24/cksum.bc>:quotearg_n_options:124	</home/anonymous/eqlog-steensgaard-analysis-benchmark/benchmarks/coreutils-8.24/cksum.bc>:quotearg_n_options:%quote_these_too
</home/anonymous/eqlog-steensgaard-analysis-benchmark/benchmarks/coreutils-8.24/cksum.bc>:quotearg_n_options:126	</home/anonymous/eqlog-steensgaard-analysis-benchmark/benchmarks/coreutils-8.24/cksum.bc>:quotearg_n_options:%39
</home/anonymous/eqlog-steensgaard-analysis-benchmark/benchmarks/coreutils-8.24/cksum.bc>:quotearg_n_options:129	</home/anonymous/eqlog-steensgaard-analysis-benchmark/benchmarks/coreutils-8.24/cksum.bc>:quotearg_n_options:%41
</home/anonymous/eqlog-steensgaard-analysis-benchmark/benchmarks/coreutils-8.24/cksum.bc>:quotearg_n_options:143	</home/anonymous/eqlog-steensgaard-analysis-benchmark/benchmarks/coreutils-8.24/cksum.bc>:quotearg_n_options:%47
</home/anonymous/eqlog-steensgaard-analysis-benchmark/benchmarks/coreutils-8.24/cksum.bc>:quotearg_n_options:144	</home/anonymous/eqlog-steensgaard-analysis-benchmark/benchmarks/coreutils-8.24/cksum.bc>:quotearg_n_options:%arrayidx29
</home/anonymous/eqlog-steensgaard-analysis-benchmark/benchmarks/coreutils-8.24/cksum.bc>:quotearg_n_options:158	</home/anonymous/eqlog-steensgaard-analysis-benchmark/benchmarks/coreutils-8.24/cksum.bc>:quotearg_n_options:%52
</home/anonymous/eqlog-steensgaard-analysis-benchmark/benchmarks/coreutils-8.24/cksum.bc>:quotearg_n_options:159	</home/anonymous/eqlog-steensgaard-analysis-benchmark/benchmarks/coreutils-8.24/cksum.bc>:quotearg_n_options:%arrayidx37
</home/anonymous/eqlog-steensgaard-analysis-benchmark/benchmarks/coreutils-8.24/cksum.bc>:quotearg_n_options:166	</home/anonymous/eqlog-steensgaard-analysis-benchmark/benchmarks/coreutils-8.24/cksum.bc>:quotearg_n_options:%57
</home/anonymous/eqlog-steensgaard-analysis-benchmark/benchmarks/coreutils-8.24/cksum.bc>:quotearg_n_options:170	</home/anonymous/eqlog-steensgaard-analysis-benchmark/benchmarks/coreutils-8.24/cksum.bc>:quotearg_n_options:%60
</home/anonymous/eqlog-steensgaard-analysis-benchmark/benchmarks/coreutils-8.24/cksum.bc>:quotearg_n_options:171	</home/anonymous/eqlog-steensgaard-analysis-benchmark/benchmarks/coreutils-8.24/cksum.bc>:quotearg_n_options:%quote_these_too40
</home/anonymous/eqlog-steensgaard-analysis-benchmark/benchmarks/coreutils-8.24/cksum.bc>:quotearg_n_options:173	</home/anonymous/eqlog-steensgaard-analysis-benchmark/benchmarks/coreutils-8.24/cksum.bc>:quotearg_n_options:%61
</home/anonymous/eqlog-steensgaard-analysis-benchmark/benchmarks/coreutils-8.24/cksum.bc>:quotearg_n_options:176	</home/anonymous/eqlog-steensgaard-analysis-benchmark/benchmarks/coreutils-8.24/cksum.bc>:quotearg_n_options:%63
</home/anonymous/eqlog-steensgaard-analysis-benchmark/benchmarks/coreutils-8.24/cksum.bc>:quoting_options_from_style:13	</home/anonymous/eqlog-steensgaard-analysis-benchmark/benchmarks/coreutils-8.24/cksum.bc>:quoting_options_from_style:%o
</home/anonymous/eqlog-steensgaard-analysis-benchmark/benchmarks/coreutils-8.24/cksum.bc>:gettext_quote:28	</home/anonymous/eqlog-steensgaard-analysis-benchmark/benchmarks/coreutils-8.24/cksum.bc>:gettext_quote:%5
</home/anonymous/eqlog-steensgaard-analysis-benchmark/benchmarks/coreutils-8.24/cksum.bc>:gettext_quote:40	</home/anonymous/eqlog-steensgaard-analysis-benchmark/benchmarks/coreutils-8.24/cksum.bc>:gettext_quote:%8
</home/anonymous/eqlog-steensgaard-analysis-benchmark/benchmarks/coreutils-8.24/cksum.bc>:version_etc_arn:45	</home/anonymous/eqlog-steensgaard-analysis-benchmark/benchmarks/coreutils-8.24/cksum.bc>:version_etc_arn:%12
</home/anonymous/eqlog-steensgaard-analysis-benchmark/benchmarks/coreutils-8.24/cksum.bc>:version_etc_arn:52	</home/anonymous/eqlog-steensgaard-analysis-benchmark/benchmarks/coreutils-8.24/cksum.bc>:version_etc_arn:%15
</home/anonymous/eqlog-steensgaard-analysis-benchmark/benchmarks/coreutils-8.24/cksum.bc>:version_etc_arn:55	</home/anonymous/eqlog-steensgaard-analysis-benchmark/benchmarks/coreutils-8.24/cksum.bc>:version_etc_arn:%17
</home/anonymous/eqlog-steensgaard-analysis-benchmark/benchmarks/coreutils-8.24/cksum.bc>:version_etc_arn:62	</home/anonymous/eqlog-steensgaard-analysis-benchmark/benchmarks/coreutils-8.24/cksum.bc>:version_etc_arn:%20
</home/anonymous/eqlog-steensgaard-analysis-benchmark/benchmarks/coreutils-8.24/cksum.bc>:version_etc_arn:65	</home/anonymous/eqlog-steensgaard-analysis-benchmark/benchmarks/coreutils-8.24/cksum.bc>:version_etc_arn:%22
</home/anonymous/eqlog-steensgaard-analysis-benchmark/benchmarks/coreutils-8.24/cksum.bc>:version_etc_arn:68	</home/anonymous/eqlog-steensgaard-analysis-benchmark/benchmarks/coreutils-8.24/cksum.bc>:version_etc_arn:%24
</home/anonymous/eqlog-steensgaard-analysis-benchmark/benchmarks/coreutils-8.24/cksum.bc>:version_etc_arn:75	</home/anonymous/eqlog-steensgaard-analysis-benchmark/benchmarks/coreutils-8.24/cksum.bc>:version_etc_arn:%27
</home/anonymous/eqlog-steensgaard-analysis-benchmark/benchmarks/coreutils-8.24/cksum.bc>:version_etc_arn:78	</home/anonymous/eqlog-steensgaard-analysis-benchmark/benchmarks/coreutils-8.24/cksum.bc>:version_etc_arn:%29
</home/anonymous/eqlog-steensgaard-analysis-benchmark/benchmarks/coreutils-8.24/cksum.bc>:version_etc_arn:81	</home/anonymous/eqlog-steensgaard-analysis-benchmark/benchmarks/coreutils-8.24/cksum.bc>:version_etc_arn:%31
</home/anonymous/eqlog-steensgaard-analysis-benchmark/benchmarks/coreutils-8.24/cksum.bc>:version_etc_arn:84	</home/anonymous/eqlog-steensgaard-analysis-benchmark/benchmarks/coreutils-8.24/cksum.bc>:version_etc_arn:%33
</home/anonymous/eqlog-steensgaard-analysis-benchmark/benchmarks/coreutils-8.24/cksum.bc>:version_etc_arn:91	</home/anonymous/eqlog-steensgaard-analysis-benchmark/benchmarks/coreutils-8.24/cksum.bc>:version_etc_arn:%36
</home/anonymous/eqlog-steensgaard-analysis-benchmark/benchmarks/coreutils-8.24/cksum.bc>:version_etc_arn:94	</home/anonymous/eqlog-steensgaard-analysis-benchmark/benchmarks/coreutils-8.24/cksum.bc>:version_etc_arn:%38
</home/anonymous/eqlog-steensgaard-analysis-benchmark/benchmarks/coreutils-8.24/cksum.bc>:version_etc_arn:97	</home/anonymous/eqlog-steensgaard-analysis-benchmark/benchmarks/coreutils-8.24/cksum.bc>:version_etc_arn:%40
</home/anonymous/eqlog-steensgaard-analysis-benchmark/benchmarks/coreutils-8.24/cksum.bc>:version_etc_arn:100	</home/anonymous/eqlog-steensgaard-analysis-benchmark/benchmarks/coreutils-8.24/cksum.bc>:version_etc_arn:%42
</home/anonymous/eqlog-steensgaard-analysis-benchmark/benchmarks/coreutils-8.24/cksum.bc>:version_etc_arn:103	</home/anonymous/eqlog-steensgaard-analysis-benchmark/benchmarks/coreutils-8.24/cksum.bc>:version_etc_arn:%44
</home/anonymous/eqlog-steensgaard-analysis-benchmark/benchmarks/coreutils-8.24/cksum.bc>:version_etc_arn:110	</home/anonymous/eqlog-steensgaard-analysis-benchmark/benchmarks/coreutils-8.24/cksum.bc>:version_etc_arn:%47
</home/anonymous/eqlog-steensgaard-analysis-benchmark/benchmarks/coreutils-8.24/cksum.bc>:version_etc_arn:113	</home/anonymous/eqlog-steensgaard-analysis-benchmark/benchmarks/coreutils-8.24/cksum.bc>:version_etc_arn:%49
</home/anonymous/eqlog-steensgaard-analysis-benchmark/benchmarks/coreutils-8.24/cksum.bc>:version_etc_arn:116	</home/anonymous/eqlog-steensgaard-analysis-benchmark/benchmarks/coreutils-8.24/cksum.bc>:version_etc_arn:%51
</home/anonymous/eqlog-steensgaard-analysis-benchmark/benchmarks/coreutils-8.24/cksum.bc>:version_etc_arn:119	</home/anonymous/eqlog-steensgaard-analysis-benchmark/benchmarks/coreutils-8.24/cksum.bc>:version_etc_arn:%53
</home/anonymous/eqlog-steensgaard-analysis-benchmark/benchmarks/coreutils-8.24/cksum.bc>:version_etc_arn:122	</home/anonymous/eqlog-steensgaard-analysis-benchmark/benchmarks/coreutils-8.24/cksum.bc>:version_etc_arn:%55
</home/anonymous/eqlog-steensgaard-analysis-benchmark/benchmarks/coreutils-8.24/cksum.bc>:version_etc_arn:125	</home/anonymous/eqlog-steensgaard-analysis-benchmark/benchmarks/coreutils-8.24/cksum.bc>:version_etc_arn:%57
</home/anonymous/eqlog-steensgaard-analysis-benchmark/benchmarks/coreutils-8.24/cksum.bc>:version_etc_arn:132	</home/anonymous/eqlog-steensgaard-analysis-benchmark/benchmarks/coreutils-8.24/cksum.bc>:version_etc_arn:%60
</home/anonymous/eqlog-steensgaard-analysis-benchmark/benchmarks/coreutils-8.24/cksum.bc>:version_etc_arn:135	</home/anonymous/eqlog-steensgaard-analysis-benchmark/benchmarks/coreutils-8.24/cksum.bc>:version_etc_arn:%62
</home/anonymous/eqlog-steensgaard-analysis-benchmark/benchmarks/coreutils-8.24/cksum.bc>:version_etc_arn:138	</home/anonymous/eqlog-steensgaard-analysis-benchmark/benchmarks/coreutils-8.24/cksum.bc>:version_etc_arn:%64
</home/anonymous/eqlog-steensgaard-analysis-benchmark/benchmarks/coreutils-8.24/cksum.bc>:version_etc_arn:141	</home/anonymous/eqlog-steensgaard-analysis-benchmark/benchmarks/coreutils-8.24/cksum.bc>:version_etc_arn:%66
</home/anonymous/eqlog-steensgaard-analysis-benchmark/benchmarks/coreutils-8.24/cksum.bc>:version_etc_arn:144	</home/anonymous/eqlog-steensgaard-analysis-benchmark/benchmarks/coreutils-8.24/cksum.bc>:version_etc_arn:%68
</home/anonymous/eqlog-steensgaard-analysis-benchmark/benchmarks/coreutils-8.24/cksum.bc>:version_etc_arn:147	</home/anonymous/eqlog-steensgaard-analysis-benchmark/benchmarks/coreutils-8.24/cksum.bc>:version_etc_arn:%70
</home/anonymous/eqlog-steensgaard-analysis-benchmark/benchmarks/coreutils-8.24/cksum.bc>:version_etc_arn:150	</home/anonymous/eqlog-steensgaard-analysis-benchmark/benchmarks/coreutils-8.24/cksum.bc>:version_etc_arn:%72
</home/anonymous/eqlog-steensgaard-analysis-benchmark/benchmarks/coreutils-8.24/cksum.bc>:version_etc_arn:157	</home/anonymous/eqlog-steensgaard-analysis-benchmark/benchmarks/coreutils-8.24/cksum.bc>:version_etc_arn:%75
</home/anonymous/eqlog-steensgaard-analysis-benchmark/benchmarks/coreutils-8.24/cksum.bc>:version_etc_arn:160	</home/anonymous/eqlog-steensgaard-analysis-benchmark/benchmarks/coreutils-8.24/cksum.bc>:version_etc_arn:%77
</home/anonymous/eqlog-steensgaard-analysis-benchmark/benchmarks/coreutils-8.24/cksum.bc>:version_etc_arn:163	</home/anonymous/eqlog-steensgaard-analysis-benchmark/benchmarks/coreutils-8.24/cksum.bc>:version_etc_arn:%79
</home/anonymous/eqlog-steensgaard-analysis-benchmark/benchmarks/coreutils-8.24/cksum.bc>:version_etc_arn:166	</home/anonymous/eqlog-steensgaard-analysis-benchmark/benchmarks/coreutils-8.24/cksum.bc>:version_etc_arn:%81
</home/anonymous/eqlog-steensgaard-analysis-benchmark/benchmarks/coreutils-8.24/cksum.bc>:version_etc_arn:169	</home/anonymous/eqlog-steensgaard-analysis-benchmark/benchmarks/coreutils-8.24/cksum.bc>:version_etc_arn:%83
</home/anonymous/eqlog-steensgaard-analysis-benchmark/benchmarks/coreutils-8.24/cksum.bc>:version_etc_arn:172	</home/anonymous/eqlog-steensgaard-analysis-benchmark/benchmarks/coreutils-8.24/cksum.bc>:version_etc_arn:%85
</home/anonymous/eqlog-steensgaard-analysis-benchmark/benchmarks/coreutils-8.24/cksum.bc>:version_etc_arn:175	</home/anonymous/eqlog-steensgaard-analysis-benchmark/benchmarks/coreutils-8.24/cksum.bc>:version_etc_arn:%87
</home/anonymous/eqlog-steensgaard-analysis-benchmark/benchmarks/coreutils-8.24/cksum.bc>:version_etc_arn:178	</home/anonymous/eqlog-steensgaard-analysis-benchmark/benchmarks/coreutils-8.24/cksum.bc>:version_etc_arn:%89
</home/anonymous/eqlog-steensgaard-analysis-benchmark/benchmarks/coreutils-8.24/cksum.bc>:version_etc_arn:185	</home/anonymous/eqlog-steensgaard-analysis-benchmark/benchmarks/coreutils-8.24/cksum.bc>:version_etc_arn:%92
</home/anonymous/eqlog-steensgaard-analysis-benchmark/benchmarks/coreutils-8.24/cksum.bc>:version_etc_arn:188	</home/anonymous/eqlog-steensgaard-analysis-benchmark/benchmarks/coreutils-8.24/cksum.bc>:version_etc_arn:%94
</home/anonymous/eqlog-steensgaard-analysis-benchmark/benchmarks/coreutils-8.24/cksum.bc>:version_etc_arn:191	</home/anonymous/eqlog-steensgaard-analysis-benchmark/benchmarks/coreutils-8.24/cksum.bc>:version_etc_arn:%96
</home/anonymous/eqlog-steensgaard-analysis-benchmark/benchmarks/coreutils-8.24/cksum.bc>:version_etc_arn:194	</home/anonymous/eqlog-steensgaard-analysis-benchmark/benchmarks/coreutils-8.24/cksum.bc>:version_etc_arn:%98
</home/anonymous/eqlog-steensgaard-analysis-benchmark/benchmarks/coreutils-8.24/cksum.bc>:version_etc_arn:197	</home/anonymous/eqlog-steensgaard-analysis-benchmark/benchmarks/coreutils-8.24/cksum.bc>:version_etc_arn:%100
</home/anonymous/eqlog-steensgaard-analysis-benchmark/benchmarks/coreutils-8.24/cksum.bc>:version_etc_arn:200	</home/anonymous/eqlog-steensgaard-analysis-benchmark/benchmarks/coreutils-8.24/cksum.bc>:version_etc_arn:%102
</home/anonymous/eqlog-steensgaard-analysis-benchmark/benchmarks/coreutils-8.24/cksum.bc>:version_etc_arn:203	</home/anonymous/eqlog-steensgaard-analysis-benchmark/benchmarks/coreutils-8.24/cksum.bc>:version_etc_arn:%104
</home/anonymous/eqlog-steensgaard-analysis-benchmark/benchmarks/coreutils-8.24/cksum.bc>:version_etc_arn:206	</home/anonymous/eqlog-steensgaard-analysis-benchmark/benchmarks/coreutils-8.24/cksum.bc>:version_etc_arn:%106
</home/anonymous/eqlog-steensgaard-analysis-benchmark/benchmarks/coreutils-8.24/cksum.bc>:version_etc_arn:209	</home/anonymous/eqlog-steensgaard-analysis-benchmark/benchmarks/coreutils-8.24/cksum.bc>:version_etc_arn:%108
</home/anonymous/eqlog-steensgaard-analysis-benchmark/benchmarks/coreutils-8.24/cksum.bc>:version_etc_arn:216	</home/anonymous/eqlog-steensgaard-analysis-benchmark/benchmarks/coreutils-8.24/cksum.bc>:version_etc_arn:%111
</home/anonymous/eqlog-steensgaard-analysis-benchmark/benchmarks/coreutils-8.24/cksum.bc>:version_etc_arn:219	</home/anonymous/eqlog-steensgaard-analysis-benchmark/benchmarks/coreutils-8.24/cksum.bc>:version_etc_arn:%113
</home/anonymous/eqlog-steensgaard-analysis-benchmark/benchmarks/coreutils-8.24/cksum.bc>:version_etc_arn:222	</home/anonymous/eqlog-steensgaard-analysis-benchmark/benchmarks/coreutils-8.24/cksum.bc>:version_etc_arn:%115
</home/anonymous/eqlog-steensgaard-analysis-benchmark/benchmarks/coreutils-8.24/cksum.bc>:version_etc_arn:225	</home/anonymous/eqlog-steensgaard-analysis-benchmark/benchmarks/coreutils-8.24/cksum.bc>:version_etc_arn:%117
</home/anonymous/eqlog-steensgaard-analysis-benchmark/benchmarks/coreutils-8.24/cksum.bc>:version_etc_arn:228	</home/anonymous/eqlog-steensgaard-analysis-benchmark/benchmarks/coreutils-8.24/cksum.bc>:version_etc_arn:%119
</home/anonymous/eqlog-steensgaard-analysis-benchmark/benchmarks/coreutils-8.24/cksum.bc>:version_etc_arn:231	</home/anonymous/eqlog-steensgaard-analysis-benchmark/benchmarks/coreutils-8.24/cksum.bc>:version_etc_arn:%121
</home/anonymous/eqlog-steensgaard-analysis-benchmark/benchmarks/coreutils-8.24/cksum.bc>:version_etc_arn:234	</home/anonymous/eqlog-steensgaard-analysis-benchmark/benchmarks/coreutils-8.24/cksum.bc>:version_etc_arn:%123
</home/anonymous/eqlog-steensgaard-analysis-benchmark/benchmarks/coreutils-8.24/cksum.bc>:version_etc_arn:237	</home/anonymous/eqlog-steensgaard-analysis-benchmark/benchmarks/coreutils-8.24/cksum.bc>:version_etc_arn:%125
</home/anonymous/eqlog-steensgaard-analysis-benchmark/benchmarks/coreutils-8.24/cksum.bc>:version_etc_arn:240	</home/anonymous/eqlog-steensgaard-analysis-benchmark/benchmarks/coreutils-8.24/cksum.bc>:version_etc_arn:%127
</home/anonymous/eqlog-steensgaard-analysis-benchmark/benchmarks/coreutils-8.24/cksum.bc>:version_etc_ar:21	</home/anonymous/eqlog-steensgaard-analysis-benchmark/benchmarks/coreutils-8.24/cksum.bc>:version_etc_ar:%1
</home/anonymous/eqlog-steensgaard-analysis-benchmark/benchmarks/coreutils-8.24/cksum.bc>:version_etc_va:25	</home/anonymous/eqlog-steensgaard-analysis-benchmark/benchmarks/coreutils-8.24/cksum.bc>:version_etc_va:%1
</home/anonymous/eqlog-steensgaard-analysis-benchmark/benchmarks/coreutils-8.24/cksum.bc>:version_etc_va:29	</home/anonymous/eqlog-steensgaard-analysis-benchmark/benchmarks/coreutils-8.24/cksum.bc>:version_etc_va:%1
</home/anonymous/eqlog-steensgaard-analysis-benchmark/benchmarks/coreutils-8.24/cksum.bc>:version_etc_va:31	</home/anonymous/eqlog-steensgaard-analysis-benchmark/benchmarks/coreutils-8.24/cksum.bc>:version_etc_va:%reg_save_area
</home/anonymous/eqlog-steensgaard-analysis-benchmark/benchmarks/coreutils-8.24/cksum.bc>:version_etc_va:36	</home/anonymous/eqlog-steensgaard-analysis-benchmark/benchmarks/coreutils-8.24/cksum.bc>:version_etc_va:%1
</home/anonymous/eqlog-steensgaard-analysis-benchmark/benchmarks/coreutils-8.24/cksum.bc>:version_etc_va:39	</home/anonymous/eqlog-steensgaard-analysis-benchmark/benchmarks/coreutils-8.24/cksum.bc>:version_etc_va:%overflow_arg_area
</home/anonymous/eqlog-steensgaard-analysis-benchmark/benchmarks/coreutils-8.24/cksum.bc>:version_etc_va:45	</home/anonymous/eqlog-steensgaard-analysis-benchmark/benchmarks/coreutils-8.24/cksum.bc>:version_etc_va:%authtab
</home/anonymous/eqlog-steensgaard-analysis-benchmark/benchmarks/coreutils-8.24/cksum.bc>:version_etc_va:60	</home/anonymous/eqlog-steensgaard-analysis-benchmark/benchmarks/coreutils-8.24/cksum.bc>:version_etc_va:%authtab
</home/anonymous/eqlog-steensgaard-analysis-benchmark/benchmarks/coreutils-8.24/cksum.bc>:version_etc:14	</home/anonymous/eqlog-steensgaard-analysis-benchmark/benchmarks/coreutils-8.24/cksum.bc>:version_etc:%authors
</home/anonymous/eqlog-steensgaard-analysis-benchmark/benchmarks/coreutils-8.24/cksum.bc>:version_etc:21	</home/anonymous/eqlog-steensgaard-analysis-benchmark/benchmarks/coreutils-8.24/cksum.bc>:version_etc:%authors
</home/anonymous/eqlog-steensgaard-analysis-benchmark/benchmarks/coreutils-8.24/cksum.bc>:version_etc:23	</home/anonymous/eqlog-steensgaard-analysis-benchmark/benchmarks/coreutils-8.24/cksum.bc>:version_etc:%authors
</home/anonymous/eqlog-steensgaard-analysis-benchmark/benchmarks/coreutils-8.24/cksum.bc>:clear_ungetc_buffer_preserving_position:4	</home/anonymous/eqlog-steensgaard-analysis-benchmark/benchmarks/coreutils-8.24/cksum.bc>:clear_ungetc_buffer_preserving_position:%0
</home/anonymous/eqlog-steensgaard-analysis-benchmark/benchmarks/coreutils-8.24/cksum.bc>:rpl_fseeko:12	</home/anonymous/eqlog-steensgaard-analysis-benchmark/benchmarks/coreutils-8.24/cksum.bc>:rpl_fseeko:%0
</home/anonymous/eqlog-steensgaard-analysis-benchmark/benchmarks/coreutils-8.24/cksum.bc>:rpl_fseeko:15	</home/anonymous/eqlog-steensgaard-analysis-benchmark/benchmarks/coreutils-8.24/cksum.bc>:rpl_fseeko:%2
</home/anonymous/eqlog-steensgaard-analysis-benchmark/benchmarks/coreutils-8.24/cksum.bc>:rpl_fseeko:20	</home/anonymous/eqlog-steensgaard-analysis-benchmark/benchmarks/coreutils-8.24/cksum.bc>:rpl_fseeko:%4
</home/anonymous/eqlog-steensgaard-analysis-benchmark/benchmarks/coreutils-8.24/cksum.bc>:rpl_fseeko:23	</home/anonymous/eqlog-steensgaard-analysis-benchmark/benchmarks/coreutils-8.24/cksum.bc>:rpl_fseeko:%6
</home/anonymous/eqlog-steensgaard-analysis-benchmark/benchmarks/coreutils-8.24/cksum.bc>:rpl_fseeko:28	</home/anonymous/eqlog-steensgaard-analysis-benchmark/benchmarks/coreutils-8.24/cksum.bc>:rpl_fseeko:%8
</home/anonymous/eqlog-steensgaard-analysis-benchmark/benchmarks/coreutils-8.24/cksum.bc>:rpl_fseeko:45	</home/anonymous/eqlog-steensgaard-analysis-benchmark/benchmarks/coreutils-8.24/cksum.bc>:rpl_fseeko:%14
</home/anonymous/eqlog-steensgaard-analysis-benchmark/benchmarks/coreutils-8.24/cksum.bc>:rpl_fseeko:51	</home/anonymous/eqlog-steensgaard-analysis-benchmark/benchmarks/coreutils-8.24/cksum.bc>:rpl_fseeko:%17
</home/anonymous/eqlog-steensgaard-analysis-benchmark/benchmarks/coreutils-8.24/cksum.bc>:c_strcasecmp:44	</home/anonymous/eqlog-steensgaard-analysis-benchmark/benchmarks/coreutils-8.24/cksum.bc>:c_strcasecmp:%9
</home/anonymous/eqlog-steensgaard-analysis-benchmark/benchmarks/coreutils-8.24/cksum.bc>:c_strcasecmp:47	</home/anonymous/eqlog-steensgaard-analysis-benchmark/benchmarks/coreutils-8.24/cksum.bc>:c_strcasecmp:%10
</home/anonymous/eqlog-steensgaard-analysis-benchmark/benchmarks/coreutils-8.24/cksum.bc>:locale_charset:25	</home/anonymous/eqlog-steensgaard-analysis-benchmark/benchmarks/coreutils-8.24/cksum.bc>:locale_charset:%5
</home/anonymous/eqlog-steensgaard-analysis-benchmark/benchmarks/coreutils-8.24/cksum.bc>:locale_charset:31	</home/anonymous/eqlog-steensgaard-analysis-benchmark/benchmarks/coreutils-8.24/cksum.bc>:locale_charset:%7
</home/anonymous/eqlog-steensgaard-analysis-benchmark/benchmarks/coreutils-8.24/cksum.bc>:locale_charset:39	</home/anonymous/eqlog-steensgaard-analysis-benchmark/benchmarks/coreutils-8.24/cksum.bc>:locale_charset:%9
</home/anonymous/eqlog-steensgaard-analysis-benchmark/benchmarks/coreutils-8.24/cksum.bc>:locale_charset:40	</home/anonymous/eqlog-steensgaard-analysis-benchmark/benchmarks/coreutils-8.24/cksum.bc>:locale_charset:%add.ptr
</home/anonymous/eqlog-steensgaard-analysis-benchmark/benchmarks/coreutils-8.24/cksum.bc>:locale_charset:48	</home/anonymous/eqlog-steensgaard-analysis-benchmark/benchmarks/coreutils-8.24/cksum.bc>:locale_charset:%12
</home/anonymous/eqlog-steensgaard-analysis-benchmark/benchmarks/coreutils-8.24/cksum.bc>:locale_charset:54	</home/anonymous/eqlog-steensgaard-analysis-benchmark/benchmarks/coreutils-8.24/cksum.bc>:locale_charset:%14
</home/anonymous/eqlog-steensgaard-analysis-benchmark/benchmarks/coreutils-8.24/cksum.bc>:locale_charset:58	</home/anonymous/eqlog-steensgaard-analysis-benchmark/benchmarks/coreutils-8.24/cksum.bc>:locale_charset:%15
</home/anonymous/eqlog-steensgaard-analysis-benchmark/benchmarks/coreutils-8.24/cksum.bc>:get_charset_aliases:33	</home/anonymous/eqlog-steensgaard-analysis-benchmark/benchmarks/coreutils-8.24/cksum.bc>:get_charset_aliases:%3
</home/anonymous/eqlog-steensgaard-analysis-benchmark/benchmarks/coreutils-8.24/cksum.bc>:get_charset_aliases:55	</home/anonymous/eqlog-steensgaard-analysis-benchmark/benchmarks/coreutils-8.24/cksum.bc>:get_charset_aliases:%9
</home/anonymous/eqlog-steensgaard-analysis-benchmark/benchmarks/coreutils-8.24/cksum.bc>:get_charset_aliases:85	</home/anonymous/eqlog-steensgaard-analysis-benchmark/benchmarks/coreutils-8.24/cksum.bc>:get_charset_aliases:%21
</home/anonymous/eqlog-steensgaard-analysis-benchmark/benchmarks/coreutils-8.24/cksum.bc>:get_charset_aliases:90	</home/anonymous/eqlog-steensgaard-analysis-benchmark/benchmarks/coreutils-8.24/cksum.bc>:get_charset_aliases:%22
</home/anonymous/eqlog-steensgaard-analysis-benchmark/benchmarks/coreutils-8.24/cksum.bc>:get_charset_aliases:93	</home/anonymous/eqlog-steensgaard-analysis-benchmark/benchmarks/coreutils-8.24/cksum.bc>:get_charset_aliases:%add.ptr
</home/anonymous/eqlog-steensgaard-analysis-benchmark/benchmarks/coreutils-8.24/cksum.bc>:get_charset_aliases:178	</home/anonymous/eqlog-steensgaard-analysis-benchmark/benchmarks/coreutils-8.24/cksum.bc>:get_charset_aliases:%buf1
</home/anonymous/eqlog-steensgaard-analysis-benchmark/benchmarks/coreutils-8.24/cksum.bc>:get_charset_aliases:179	</home/anonymous/eqlog-steensgaard-analysis-benchmark/benchmarks/coreutils-8.24/cksum.bc>:get_charset_aliases:%buf2
</home/anonymous/eqlog-steensgaard-analysis-benchmark/benchmarks/coreutils-8.24/cksum.bc>:get_charset_aliases:184	</home/anonymous/eqlog-steensgaard-analysis-benchmark/benchmarks/coreutils-8.24/cksum.bc>:get_charset_aliases:%buf1
</home/anonymous/eqlog-steensgaard-analysis-benchmark/benchmarks/coreutils-8.24/cksum.bc>:get_charset_aliases:187	</home/anonymous/eqlog-steensgaard-analysis-benchmark/benchmarks/coreutils-8.24/cksum.bc>:get_charset_aliases:%buf2
</home/anonymous/eqlog-steensgaard-analysis-benchmark/benchmarks/coreutils-8.24/cksum.bc>:get_charset_aliases:229	</home/anonymous/eqlog-steensgaard-analysis-benchmark/benchmarks/coreutils-8.24/cksum.bc>:get_charset_aliases:%59
</home/anonymous/eqlog-steensgaard-analysis-benchmark/benchmarks/coreutils-8.24/cksum.bc>:get_charset_aliases:233	</home/anonymous/eqlog-steensgaard-analysis-benchmark/benchmarks/coreutils-8.24/cksum.bc>:get_charset_aliases:%add.ptr100
</home/anonymous/eqlog-steensgaard-analysis-benchmark/benchmarks/coreutils-8.24/cksum.bc>:get_charset_aliases:237	</home/anonymous/eqlog-steensgaard-analysis-benchmark/benchmarks/coreutils-8.24/cksum.bc>:get_charset_aliases:%add.ptr102
</home/anonymous/eqlog-steensgaard-analysis-benchmark/benchmarks/coreutils-8.24/cksum.bc>:get_charset_aliases:238	</home/anonymous/eqlog-steensgaard-analysis-benchmark/benchmarks/coreutils-8.24/cksum.bc>:get_charset_aliases:%buf1
</home/anonymous/eqlog-steensgaard-analysis-benchmark/benchmarks/coreutils-8.24/cksum.bc>:get_charset_aliases:242	</home/anonymous/eqlog-steensgaard-analysis-benchmark/benchmarks/coreutils-8.24/cksum.bc>:get_charset_aliases:%63
</home/anonymous/eqlog-steensgaard-analysis-benchmark/benchmarks/coreutils-8.24/cksum.bc>:get_charset_aliases:246	</home/anonymous/eqlog-steensgaard-analysis-benchmark/benchmarks/coreutils-8.24/cksum.bc>:get_charset_aliases:%add.ptr108
</home/anonymous/eqlog-steensgaard-analysis-benchmark/benchmarks/coreutils-8.24/cksum.bc>:get_charset_aliases:247	</home/anonymous/eqlog-steensgaard-analysis-benchmark/benchmarks/coreutils-8.24/cksum.bc>:get_charset_aliases:%buf2
</home/anonymous/eqlog-steensgaard-analysis-benchmark/benchmarks/coreutils-8.24/cksum.bc>:get_charset_aliases:259	</home/anonymous/eqlog-steensgaard-analysis-benchmark/benchmarks/coreutils-8.24/cksum.bc>:get_charset_aliases:%68
