</home/anonymous/eqlog-steensgaard-analysis-benchmark/benchmarks/postgresql-9.5.2/clusterdb.bc>:main:%0	</home/anonymous/eqlog-steensgaard-analysis-benchmark/benchmarks/postgresql-9.5.2/clusterdb.bc>:main:%tables
</home/anonymous/eqlog-steensgaard-analysis-benchmark/benchmarks/postgresql-9.5.2/clusterdb.bc>:executeMaintenanceCommand:%7	</home/anonymous/eqlog-steensgaard-analysis-benchmark/benchmarks/postgresql-9.5.2/clusterdb.bc>:executeMaintenanceCommand:28:0:false
</home/anonymous/eqlog-steensgaard-analysis-benchmark/benchmarks/postgresql-9.5.2/clusterdb.bc>:executeMaintenanceCommand:%7	</home/anonymous/eqlog-steensgaard-analysis-benchmark/benchmarks/postgresql-9.5.2/clusterdb.bc>:executeMaintenanceCommand:%cmp
</home/anonymous/eqlog-steensgaard-analysis-benchmark/benchmarks/postgresql-9.5.2/clusterdb.bc>:simple_string_list_append:%1	</home/anonymous/eqlog-steensgaard-analysis-benchmark/benchmarks/postgresql-9.5.2/clusterdb.bc>:simple_string_list_append:%call2
</home/anonymous/eqlog-steensgaard-analysis-benchmark/benchmarks/postgresql-9.5.2/clusterdb.bc>:PQconninfoFree:%10	</home/anonymous/eqlog-steensgaard-analysis-benchmark/benchmarks/postgresql-9.5.2/clusterdb.bc>:PQconninfoFree:%9
</home/anonymous/eqlog-steensgaard-analysis-benchmark/benchmarks/postgresql-9.5.2/clusterdb.bc>:PQconnectPoll:%117	</home/anonymous/eqlog-steensgaard-analysis-benchmark/benchmarks/postgresql-9.5.2/clusterdb.bc>:PQconnectPoll:%addr162
</home/anonymous/eqlog-steensgaard-analysis-benchmark/benchmarks/postgresql-9.5.2/clusterdb.bc>:PQconnectPoll:%__sockaddr__160	</home/anonymous/eqlog-steensgaard-analysis-benchmark/benchmarks/postgresql-9.5.2/clusterdb.bc>:PQconnectPoll:%agg.tmp159
</home/anonymous/eqlog-steensgaard-analysis-benchmark/benchmarks/postgresql-9.5.2/clusterdb.bc>:PQconnectPoll:%98	</home/anonymous/eqlog-steensgaard-analysis-benchmark/benchmarks/postgresql-9.5.2/clusterdb.bc>:PQconnectPoll:%optval
</home/anonymous/eqlog-steensgaard-analysis-benchmark/benchmarks/postgresql-9.5.2/clusterdb.bc>:PQconnectPoll:%__sockaddr__	</home/anonymous/eqlog-steensgaard-analysis-benchmark/benchmarks/postgresql-9.5.2/clusterdb.bc>:PQconnectPoll:%agg.tmp
</home/anonymous/eqlog-steensgaard-analysis-benchmark/benchmarks/postgresql-9.5.2/clusterdb.bc>:PQconnectPoll:%66	</home/anonymous/eqlog-steensgaard-analysis-benchmark/benchmarks/postgresql-9.5.2/clusterdb.bc>:PQconnectPoll:%on
</home/anonymous/eqlog-steensgaard-analysis-benchmark/benchmarks/postgresql-9.5.2/clusterdb.bc>:PQconnectPoll:%17	</home/anonymous/eqlog-steensgaard-analysis-benchmark/benchmarks/postgresql-9.5.2/clusterdb.bc>:PQconnectPoll:%16
</home/anonymous/eqlog-steensgaard-analysis-benchmark/benchmarks/postgresql-9.5.2/clusterdb.bc>:PQconnectPoll:%14	</home/anonymous/eqlog-steensgaard-analysis-benchmark/benchmarks/postgresql-9.5.2/clusterdb.bc>:PQconnectPoll:%addr
</home/anonymous/eqlog-steensgaard-analysis-benchmark/benchmarks/postgresql-9.5.2/clusterdb.bc>:PQgetCancel:%8	</home/anonymous/eqlog-steensgaard-analysis-benchmark/benchmarks/postgresql-9.5.2/clusterdb.bc>:PQgetCancel:%raddr6
</home/anonymous/eqlog-steensgaard-analysis-benchmark/benchmarks/postgresql-9.5.2/clusterdb.bc>:PQgetCancel:%6	</home/anonymous/eqlog-steensgaard-analysis-benchmark/benchmarks/postgresql-9.5.2/clusterdb.bc>:PQgetCancel:%raddr
</home/anonymous/eqlog-steensgaard-analysis-benchmark/benchmarks/postgresql-9.5.2/clusterdb.bc>:PQgetCancel:%3	</home/anonymous/eqlog-steensgaard-analysis-benchmark/benchmarks/postgresql-9.5.2/clusterdb.bc>:PQgetCancel:%call
</home/anonymous/eqlog-steensgaard-analysis-benchmark/benchmarks/postgresql-9.5.2/clusterdb.bc>:PQfreeCancel:%2	</home/anonymous/eqlog-steensgaard-analysis-benchmark/benchmarks/postgresql-9.5.2/clusterdb.bc>:PQfreeCancel:%1
</home/anonymous/eqlog-steensgaard-analysis-benchmark/benchmarks/postgresql-9.5.2/clusterdb.bc>:PQmakeEmptyPGresult:%25	</home/anonymous/eqlog-steensgaard-analysis-benchmark/benchmarks/postgresql-9.5.2/clusterdb.bc>:PQmakeEmptyPGresult:%noticeHooks4
</home/anonymous/eqlog-steensgaard-analysis-benchmark/benchmarks/postgresql-9.5.2/clusterdb.bc>:PQmakeEmptyPGresult:%24	</home/anonymous/eqlog-steensgaard-analysis-benchmark/benchmarks/postgresql-9.5.2/clusterdb.bc>:PQmakeEmptyPGresult:%noticeHooks
</home/anonymous/eqlog-steensgaard-analysis-benchmark/benchmarks/postgresql-9.5.2/clusterdb.bc>:PQmakeEmptyPGresult:%0	</home/anonymous/eqlog-steensgaard-analysis-benchmark/benchmarks/postgresql-9.5.2/clusterdb.bc>:PQmakeEmptyPGresult:%call
</home/anonymous/eqlog-steensgaard-analysis-benchmark/benchmarks/postgresql-9.5.2/clusterdb.bc>:PQclear:%47	</home/anonymous/eqlog-steensgaard-analysis-benchmark/benchmarks/postgresql-9.5.2/clusterdb.bc>:PQclear:%46
</home/anonymous/eqlog-steensgaard-analysis-benchmark/benchmarks/postgresql-9.5.2/clusterdb.bc>:PQclear:%39	</home/anonymous/eqlog-steensgaard-analysis-benchmark/benchmarks/postgresql-9.5.2/clusterdb.bc>:PQclear:%38
</home/anonymous/eqlog-steensgaard-analysis-benchmark/benchmarks/postgresql-9.5.2/clusterdb.bc>:PQclear:%34	</home/anonymous/eqlog-steensgaard-analysis-benchmark/benchmarks/postgresql-9.5.2/clusterdb.bc>:PQclear:%33
</home/anonymous/eqlog-steensgaard-analysis-benchmark/benchmarks/postgresql-9.5.2/clusterdb.bc>:PQclear:%next	</home/anonymous/eqlog-steensgaard-analysis-benchmark/benchmarks/postgresql-9.5.2/clusterdb.bc>:PQclear:%30
</home/anonymous/eqlog-steensgaard-analysis-benchmark/benchmarks/postgresql-9.5.2/clusterdb.bc>:PQclear:%27	</home/anonymous/eqlog-steensgaard-analysis-benchmark/benchmarks/postgresql-9.5.2/clusterdb.bc>:PQclear:%26
</home/anonymous/eqlog-steensgaard-analysis-benchmark/benchmarks/postgresql-9.5.2/clusterdb.bc>:PQclear:%13	</home/anonymous/eqlog-steensgaard-analysis-benchmark/benchmarks/postgresql-9.5.2/clusterdb.bc>:PQclear:%evt
</home/anonymous/eqlog-steensgaard-analysis-benchmark/benchmarks/postgresql-9.5.2/clusterdb.bc>:PQsetResultAttrs:%17	</home/anonymous/eqlog-steensgaard-analysis-benchmark/benchmarks/postgresql-9.5.2/clusterdb.bc>:PQsetResultAttrs:%16
</home/anonymous/eqlog-steensgaard-analysis-benchmark/benchmarks/postgresql-9.5.2/clusterdb.bc>:PQsetResultAttrs:%15	</home/anonymous/eqlog-steensgaard-analysis-benchmark/benchmarks/postgresql-9.5.2/clusterdb.bc>:PQsetResultAttrs:%14
</home/anonymous/eqlog-steensgaard-analysis-benchmark/benchmarks/postgresql-9.5.2/clusterdb.bc>:PQsetResultAttrs:%7	</home/anonymous/eqlog-steensgaard-analysis-benchmark/benchmarks/postgresql-9.5.2/clusterdb.bc>:PQsetResultAttrs:%call
</home/anonymous/eqlog-steensgaard-analysis-benchmark/benchmarks/postgresql-9.5.2/clusterdb.bc>:PQcopyResult:%71	</home/anonymous/eqlog-steensgaard-analysis-benchmark/benchmarks/postgresql-9.5.2/clusterdb.bc>:PQcopyResult:%evt
</home/anonymous/eqlog-steensgaard-analysis-benchmark/benchmarks/postgresql-9.5.2/clusterdb.bc>:PQcopyResult:%42	</home/anonymous/eqlog-steensgaard-analysis-benchmark/benchmarks/postgresql-9.5.2/clusterdb.bc>:PQcopyResult:%noticeHooks
</home/anonymous/eqlog-steensgaard-analysis-benchmark/benchmarks/postgresql-9.5.2/clusterdb.bc>:PQcopyResult:%43	</home/anonymous/eqlog-steensgaard-analysis-benchmark/benchmarks/postgresql-9.5.2/clusterdb.bc>:PQcopyResult:%noticeHooks40
</home/anonymous/eqlog-steensgaard-analysis-benchmark/benchmarks/postgresql-9.5.2/clusterdb.bc>:PQsetvalue:%12	</home/anonymous/eqlog-steensgaard-analysis-benchmark/benchmarks/postgresql-9.5.2/clusterdb.bc>:PQsetvalue:%call7
</home/anonymous/eqlog-steensgaard-analysis-benchmark/benchmarks/postgresql-9.5.2/clusterdb.bc>:PQgetResult:%34	</home/anonymous/eqlog-steensgaard-analysis-benchmark/benchmarks/postgresql-9.5.2/clusterdb.bc>:PQgetResult:%evt
</home/anonymous/eqlog-steensgaard-analysis-benchmark/benchmarks/postgresql-9.5.2/clusterdb.bc>:enlargePQExpBuffer:%cond	</home/anonymous/eqlog-steensgaard-analysis-benchmark/benchmarks/postgresql-9.5.2/clusterdb.bc>:enlargePQExpBuffer:54:0:64
</home/anonymous/eqlog-steensgaard-analysis-benchmark/benchmarks/postgresql-9.5.2/clusterdb.bc>:enlargePQExpBuffer:%cond	</home/anonymous/eqlog-steensgaard-analysis-benchmark/benchmarks/postgresql-9.5.2/clusterdb.bc>:enlargePQExpBuffer:%mul
</home/anonymous/eqlog-steensgaard-analysis-benchmark/benchmarks/postgresql-9.5.2/clusterdb.bc>:printfPQExpBuffer:%arraydecay45	</home/anonymous/eqlog-steensgaard-analysis-benchmark/benchmarks/postgresql-9.5.2/clusterdb.bc>:printfPQExpBuffer:%arraydecay4
</home/anonymous/eqlog-steensgaard-analysis-benchmark/benchmarks/postgresql-9.5.2/clusterdb.bc>:printfPQExpBuffer:%arraydecay2	</home/anonymous/eqlog-steensgaard-analysis-benchmark/benchmarks/postgresql-9.5.2/clusterdb.bc>:printfPQExpBuffer:%arraydecay
</home/anonymous/eqlog-steensgaard-analysis-benchmark/benchmarks/postgresql-9.5.2/clusterdb.bc>:appendPQExpBuffer:%arraydecay45	</home/anonymous/eqlog-steensgaard-analysis-benchmark/benchmarks/postgresql-9.5.2/clusterdb.bc>:appendPQExpBuffer:%arraydecay4
</home/anonymous/eqlog-steensgaard-analysis-benchmark/benchmarks/postgresql-9.5.2/clusterdb.bc>:appendPQExpBuffer:%arraydecay2	</home/anonymous/eqlog-steensgaard-analysis-benchmark/benchmarks/postgresql-9.5.2/clusterdb.bc>:appendPQExpBuffer:%arraydecay
</home/anonymous/eqlog-steensgaard-analysis-benchmark/benchmarks/postgresql-9.5.2/clusterdb.bc>:pqsignal:%sa_handler7	</home/anonymous/eqlog-steensgaard-analysis-benchmark/benchmarks/postgresql-9.5.2/clusterdb.bc>:pqsignal:%__sigaction_handler6
</home/anonymous/eqlog-steensgaard-analysis-benchmark/benchmarks/postgresql-9.5.2/clusterdb.bc>:pqsignal:%sa_handler	</home/anonymous/eqlog-steensgaard-analysis-benchmark/benchmarks/postgresql-9.5.2/clusterdb.bc>:pqsignal:%__sigaction_handler
</home/anonymous/eqlog-steensgaard-analysis-benchmark/benchmarks/postgresql-9.5.2/clusterdb.bc>:pg_char_to_encoding:%sub.ptr.rhs.cast	</home/anonymous/eqlog-steensgaard-analysis-benchmark/benchmarks/postgresql-9.5.2/clusterdb.bc>:pg_char_to_encoding:%12
</home/anonymous/eqlog-steensgaard-analysis-benchmark/benchmarks/postgresql-9.5.2/clusterdb.bc>:pg_char_to_encoding:%sub.ptr.lhs.cast	</home/anonymous/eqlog-steensgaard-analysis-benchmark/benchmarks/postgresql-9.5.2/clusterdb.bc>:pg_char_to_encoding:%11
</home/anonymous/eqlog-steensgaard-analysis-benchmark/benchmarks/postgresql-9.5.2/clusterdb.bc>:makeEmptyPGconn:%49	</home/anonymous/eqlog-steensgaard-analysis-benchmark/benchmarks/postgresql-9.5.2/clusterdb.bc>:makeEmptyPGconn:%call19
</home/anonymous/eqlog-steensgaard-analysis-benchmark/benchmarks/postgresql-9.5.2/clusterdb.bc>:makeEmptyPGconn:%15	</home/anonymous/eqlog-steensgaard-analysis-benchmark/benchmarks/postgresql-9.5.2/clusterdb.bc>:makeEmptyPGconn:%add.ptr
</home/anonymous/eqlog-steensgaard-analysis-benchmark/benchmarks/postgresql-9.5.2/clusterdb.bc>:makeEmptyPGconn:%13	</home/anonymous/eqlog-steensgaard-analysis-benchmark/benchmarks/postgresql-9.5.2/clusterdb.bc>:makeEmptyPGconn:%12
</home/anonymous/eqlog-steensgaard-analysis-benchmark/benchmarks/postgresql-9.5.2/clusterdb.bc>:makeEmptyPGconn:%11	</home/anonymous/eqlog-steensgaard-analysis-benchmark/benchmarks/postgresql-9.5.2/clusterdb.bc>:makeEmptyPGconn:%10
</home/anonymous/eqlog-steensgaard-analysis-benchmark/benchmarks/postgresql-9.5.2/clusterdb.bc>:makeEmptyPGconn:%6	</home/anonymous/eqlog-steensgaard-analysis-benchmark/benchmarks/postgresql-9.5.2/clusterdb.bc>:makeEmptyPGconn:%5
</home/anonymous/eqlog-steensgaard-analysis-benchmark/benchmarks/postgresql-9.5.2/clusterdb.bc>:makeEmptyPGconn:%4	</home/anonymous/eqlog-steensgaard-analysis-benchmark/benchmarks/postgresql-9.5.2/clusterdb.bc>:makeEmptyPGconn:%3
</home/anonymous/eqlog-steensgaard-analysis-benchmark/benchmarks/postgresql-9.5.2/clusterdb.bc>:makeEmptyPGconn:%0	</home/anonymous/eqlog-steensgaard-analysis-benchmark/benchmarks/postgresql-9.5.2/clusterdb.bc>:makeEmptyPGconn:%call
</home/anonymous/eqlog-steensgaard-analysis-benchmark/benchmarks/postgresql-9.5.2/clusterdb.bc>:conninfo_array_parse:%4	</home/anonymous/eqlog-steensgaard-analysis-benchmark/benchmarks/postgresql-9.5.2/clusterdb.bc>:conninfo_array_parse:34:0:false
</home/anonymous/eqlog-steensgaard-analysis-benchmark/benchmarks/postgresql-9.5.2/clusterdb.bc>:conninfo_array_parse:%4	</home/anonymous/eqlog-steensgaard-analysis-benchmark/benchmarks/postgresql-9.5.2/clusterdb.bc>:conninfo_array_parse:%tobool1
</home/anonymous/eqlog-steensgaard-analysis-benchmark/benchmarks/postgresql-9.5.2/clusterdb.bc>:fillPGconn:%12	</home/anonymous/eqlog-steensgaard-analysis-benchmark/benchmarks/postgresql-9.5.2/clusterdb.bc>:fillPGconn:%add.ptr
</home/anonymous/eqlog-steensgaard-analysis-benchmark/benchmarks/postgresql-9.5.2/clusterdb.bc>:fillPGconn:%9	</home/anonymous/eqlog-steensgaard-analysis-benchmark/benchmarks/postgresql-9.5.2/clusterdb.bc>:fillPGconn:%8
</home/anonymous/eqlog-steensgaard-analysis-benchmark/benchmarks/postgresql-9.5.2/clusterdb.bc>:connectDBStart:%cond	</home/anonymous/eqlog-steensgaard-analysis-benchmark/benchmarks/postgresql-9.5.2/clusterdb.bc>:connectDBStart:192:0:getelementptr inbounds ([5 x i8], [5 x i8]* @.str.35.459, i32 0, i32 0)
</home/anonymous/eqlog-steensgaard-analysis-benchmark/benchmarks/postgresql-9.5.2/clusterdb.bc>:connectDBStart:%cond	</home/anonymous/eqlog-steensgaard-analysis-benchmark/benchmarks/postgresql-9.5.2/clusterdb.bc>:connectDBStart:%60
</home/anonymous/eqlog-steensgaard-analysis-benchmark/benchmarks/postgresql-9.5.2/clusterdb.bc>:connectDBStart:%18	</home/anonymous/eqlog-steensgaard-analysis-benchmark/benchmarks/postgresql-9.5.2/clusterdb.bc>:connectDBStart:%add.ptr
</home/anonymous/eqlog-steensgaard-analysis-benchmark/benchmarks/postgresql-9.5.2/clusterdb.bc>:connectDBStart:%16	</home/anonymous/eqlog-steensgaard-analysis-benchmark/benchmarks/postgresql-9.5.2/clusterdb.bc>:connectDBStart:%15
</home/anonymous/eqlog-steensgaard-analysis-benchmark/benchmarks/postgresql-9.5.2/clusterdb.bc>:connectDBStart:%9	</home/anonymous/eqlog-steensgaard-analysis-benchmark/benchmarks/postgresql-9.5.2/clusterdb.bc>:connectDBStart:%8
</home/anonymous/eqlog-steensgaard-analysis-benchmark/benchmarks/postgresql-9.5.2/clusterdb.bc>:connectDBStart:%7	</home/anonymous/eqlog-steensgaard-analysis-benchmark/benchmarks/postgresql-9.5.2/clusterdb.bc>:connectDBStart:%hint
</home/anonymous/eqlog-steensgaard-analysis-benchmark/benchmarks/postgresql-9.5.2/clusterdb.bc>:connectDBStart:%14	</home/anonymous/eqlog-steensgaard-analysis-benchmark/benchmarks/postgresql-9.5.2/clusterdb.bc>:connectDBStart:%13
</home/anonymous/eqlog-steensgaard-analysis-benchmark/benchmarks/postgresql-9.5.2/clusterdb.bc>:closePGconn:%42	</home/anonymous/eqlog-steensgaard-analysis-benchmark/benchmarks/postgresql-9.5.2/clusterdb.bc>:closePGconn:%41
</home/anonymous/eqlog-steensgaard-analysis-benchmark/benchmarks/postgresql-9.5.2/clusterdb.bc>:closePGconn:%36	</home/anonymous/eqlog-steensgaard-analysis-benchmark/benchmarks/postgresql-9.5.2/clusterdb.bc>:closePGconn:%35
</home/anonymous/eqlog-steensgaard-analysis-benchmark/benchmarks/postgresql-9.5.2/clusterdb.bc>:closePGconn:%26	</home/anonymous/eqlog-steensgaard-analysis-benchmark/benchmarks/postgresql-9.5.2/clusterdb.bc>:closePGconn:%25
</home/anonymous/eqlog-steensgaard-analysis-benchmark/benchmarks/postgresql-9.5.2/clusterdb.bc>:freePGconn:%143	</home/anonymous/eqlog-steensgaard-analysis-benchmark/benchmarks/postgresql-9.5.2/clusterdb.bc>:freePGconn:%142
</home/anonymous/eqlog-steensgaard-analysis-benchmark/benchmarks/postgresql-9.5.2/clusterdb.bc>:freePGconn:%139	</home/anonymous/eqlog-steensgaard-analysis-benchmark/benchmarks/postgresql-9.5.2/clusterdb.bc>:freePGconn:%138
</home/anonymous/eqlog-steensgaard-analysis-benchmark/benchmarks/postgresql-9.5.2/clusterdb.bc>:freePGconn:%26	</home/anonymous/eqlog-steensgaard-analysis-benchmark/benchmarks/postgresql-9.5.2/clusterdb.bc>:freePGconn:%25
</home/anonymous/eqlog-steensgaard-analysis-benchmark/benchmarks/postgresql-9.5.2/clusterdb.bc>:freePGconn:%8	</home/anonymous/eqlog-steensgaard-analysis-benchmark/benchmarks/postgresql-9.5.2/clusterdb.bc>:freePGconn:%evt
</home/anonymous/eqlog-steensgaard-analysis-benchmark/benchmarks/postgresql-9.5.2/clusterdb.bc>:conninfo_init:%24	</home/anonymous/eqlog-steensgaard-analysis-benchmark/benchmarks/postgresql-9.5.2/clusterdb.bc>:conninfo_init:%add.ptr
</home/anonymous/eqlog-steensgaard-analysis-benchmark/benchmarks/postgresql-9.5.2/clusterdb.bc>:conninfo_init:%22	</home/anonymous/eqlog-steensgaard-analysis-benchmark/benchmarks/postgresql-9.5.2/clusterdb.bc>:conninfo_init:%21
</home/anonymous/eqlog-steensgaard-analysis-benchmark/benchmarks/postgresql-9.5.2/clusterdb.bc>:conninfo_init:%20	</home/anonymous/eqlog-steensgaard-analysis-benchmark/benchmarks/postgresql-9.5.2/clusterdb.bc>:conninfo_init:%19
</home/anonymous/eqlog-steensgaard-analysis-benchmark/benchmarks/postgresql-9.5.2/clusterdb.bc>:conninfo_init:%15	</home/anonymous/eqlog-steensgaard-analysis-benchmark/benchmarks/postgresql-9.5.2/clusterdb.bc>:conninfo_init:%14
</home/anonymous/eqlog-steensgaard-analysis-benchmark/benchmarks/postgresql-9.5.2/clusterdb.bc>:conninfo_init:%13	</home/anonymous/eqlog-steensgaard-analysis-benchmark/benchmarks/postgresql-9.5.2/clusterdb.bc>:conninfo_init:%12
</home/anonymous/eqlog-steensgaard-analysis-benchmark/benchmarks/postgresql-9.5.2/clusterdb.bc>:conninfo_init:%9	</home/anonymous/eqlog-steensgaard-analysis-benchmark/benchmarks/postgresql-9.5.2/clusterdb.bc>:conninfo_init:%8
</home/anonymous/eqlog-steensgaard-analysis-benchmark/benchmarks/postgresql-9.5.2/clusterdb.bc>:conninfo_init:%7	</home/anonymous/eqlog-steensgaard-analysis-benchmark/benchmarks/postgresql-9.5.2/clusterdb.bc>:conninfo_init:%6
</home/anonymous/eqlog-steensgaard-analysis-benchmark/benchmarks/postgresql-9.5.2/clusterdb.bc>:conninfo_init:%0	</home/anonymous/eqlog-steensgaard-analysis-benchmark/benchmarks/postgresql-9.5.2/clusterdb.bc>:conninfo_init:%call
</home/anonymous/eqlog-steensgaard-analysis-benchmark/benchmarks/postgresql-9.5.2/clusterdb.bc>:recognized_connection_string:%2	</home/anonymous/eqlog-steensgaard-analysis-benchmark/benchmarks/postgresql-9.5.2/clusterdb.bc>:recognized_connection_string:10:0:true
</home/anonymous/eqlog-steensgaard-analysis-benchmark/benchmarks/postgresql-9.5.2/clusterdb.bc>:recognized_connection_string:%2	</home/anonymous/eqlog-steensgaard-analysis-benchmark/benchmarks/postgresql-9.5.2/clusterdb.bc>:recognized_connection_string:%cmp2
</home/anonymous/eqlog-steensgaard-analysis-benchmark/benchmarks/postgresql-9.5.2/clusterdb.bc>:connectNoDelay:%2	</home/anonymous/eqlog-steensgaard-analysis-benchmark/benchmarks/postgresql-9.5.2/clusterdb.bc>:connectNoDelay:%on
</home/anonymous/eqlog-steensgaard-analysis-benchmark/benchmarks/postgresql-9.5.2/clusterdb.bc>:useKeepalives:%cond	</home/anonymous/eqlog-steensgaard-analysis-benchmark/benchmarks/postgresql-9.5.2/clusterdb.bc>:useKeepalives:26:0:1
</home/anonymous/eqlog-steensgaard-analysis-benchmark/benchmarks/postgresql-9.5.2/clusterdb.bc>:useKeepalives:%cond	</home/anonymous/eqlog-steensgaard-analysis-benchmark/benchmarks/postgresql-9.5.2/clusterdb.bc>:useKeepalives:26:1:0
</home/anonymous/eqlog-steensgaard-analysis-benchmark/benchmarks/postgresql-9.5.2/clusterdb.bc>:setKeepalivesIdle:%7	</home/anonymous/eqlog-steensgaard-analysis-benchmark/benchmarks/postgresql-9.5.2/clusterdb.bc>:setKeepalivesIdle:%idle
</home/anonymous/eqlog-steensgaard-analysis-benchmark/benchmarks/postgresql-9.5.2/clusterdb.bc>:setKeepalivesInterval:%7	</home/anonymous/eqlog-steensgaard-analysis-benchmark/benchmarks/postgresql-9.5.2/clusterdb.bc>:setKeepalivesInterval:%interval
</home/anonymous/eqlog-steensgaard-analysis-benchmark/benchmarks/postgresql-9.5.2/clusterdb.bc>:setKeepalivesCount:%7	</home/anonymous/eqlog-steensgaard-analysis-benchmark/benchmarks/postgresql-9.5.2/clusterdb.bc>:setKeepalivesCount:%count
</home/anonymous/eqlog-steensgaard-analysis-benchmark/benchmarks/postgresql-9.5.2/clusterdb.bc>:connectFailureMessage:%21	</home/anonymous/eqlog-steensgaard-analysis-benchmark/benchmarks/postgresql-9.5.2/clusterdb.bc>:connectFailureMessage:%__u6_addr8
</home/anonymous/eqlog-steensgaard-analysis-benchmark/benchmarks/postgresql-9.5.2/clusterdb.bc>:connectFailureMessage:%__u6_addr8	</home/anonymous/eqlog-steensgaard-analysis-benchmark/benchmarks/postgresql-9.5.2/clusterdb.bc>:connectFailureMessage:%__in6_u
</home/anonymous/eqlog-steensgaard-analysis-benchmark/benchmarks/postgresql-9.5.2/clusterdb.bc>:connectFailureMessage:%20	</home/anonymous/eqlog-steensgaard-analysis-benchmark/benchmarks/postgresql-9.5.2/clusterdb.bc>:connectFailureMessage:%19
</home/anonymous/eqlog-steensgaard-analysis-benchmark/benchmarks/postgresql-9.5.2/clusterdb.bc>:connectFailureMessage:%16	</home/anonymous/eqlog-steensgaard-analysis-benchmark/benchmarks/postgresql-9.5.2/clusterdb.bc>:connectFailureMessage:%s_addr
</home/anonymous/eqlog-steensgaard-analysis-benchmark/benchmarks/postgresql-9.5.2/clusterdb.bc>:connectFailureMessage:%15	</home/anonymous/eqlog-steensgaard-analysis-benchmark/benchmarks/postgresql-9.5.2/clusterdb.bc>:connectFailureMessage:%14
</home/anonymous/eqlog-steensgaard-analysis-benchmark/benchmarks/postgresql-9.5.2/clusterdb.bc>:getpeereid:%1	</home/anonymous/eqlog-steensgaard-analysis-benchmark/benchmarks/postgresql-9.5.2/clusterdb.bc>:getpeereid:%peercred
</home/anonymous/eqlog-steensgaard-analysis-benchmark/benchmarks/postgresql-9.5.2/clusterdb.bc>:pqBuildStartupPacket2:%15	</home/anonymous/eqlog-steensgaard-analysis-benchmark/benchmarks/postgresql-9.5.2/clusterdb.bc>:pqBuildStartupPacket2:%add.ptr
</home/anonymous/eqlog-steensgaard-analysis-benchmark/benchmarks/postgresql-9.5.2/clusterdb.bc>:pqBuildStartupPacket2:%13	</home/anonymous/eqlog-steensgaard-analysis-benchmark/benchmarks/postgresql-9.5.2/clusterdb.bc>:pqBuildStartupPacket2:%12
</home/anonymous/eqlog-steensgaard-analysis-benchmark/benchmarks/postgresql-9.5.2/clusterdb.bc>:pqBuildStartupPacket2:%11	</home/anonymous/eqlog-steensgaard-analysis-benchmark/benchmarks/postgresql-9.5.2/clusterdb.bc>:pqBuildStartupPacket2:%10
</home/anonymous/eqlog-steensgaard-analysis-benchmark/benchmarks/postgresql-9.5.2/clusterdb.bc>:pqBuildStartupPacket2:%6	</home/anonymous/eqlog-steensgaard-analysis-benchmark/benchmarks/postgresql-9.5.2/clusterdb.bc>:pqBuildStartupPacket2:%5
</home/anonymous/eqlog-steensgaard-analysis-benchmark/benchmarks/postgresql-9.5.2/clusterdb.bc>:pqBuildStartupPacket2:%4	</home/anonymous/eqlog-steensgaard-analysis-benchmark/benchmarks/postgresql-9.5.2/clusterdb.bc>:pqBuildStartupPacket2:%3
</home/anonymous/eqlog-steensgaard-analysis-benchmark/benchmarks/postgresql-9.5.2/clusterdb.bc>:pqBuildStartupPacket2:%1	</home/anonymous/eqlog-steensgaard-analysis-benchmark/benchmarks/postgresql-9.5.2/clusterdb.bc>:pqBuildStartupPacket2:%call
</home/anonymous/eqlog-steensgaard-analysis-benchmark/benchmarks/postgresql-9.5.2/clusterdb.bc>:pqBuildStartupPacket2:%41	</home/anonymous/eqlog-steensgaard-analysis-benchmark/benchmarks/postgresql-9.5.2/clusterdb.bc>:pqBuildStartupPacket2:%40
</home/anonymous/eqlog-steensgaard-analysis-benchmark/benchmarks/postgresql-9.5.2/clusterdb.bc>:pqGetInt:%18	</home/anonymous/eqlog-steensgaard-analysis-benchmark/benchmarks/postgresql-9.5.2/clusterdb.bc>:pqGetInt:%tmp4
</home/anonymous/eqlog-steensgaard-analysis-benchmark/benchmarks/postgresql-9.5.2/clusterdb.bc>:pqGetInt:%5	</home/anonymous/eqlog-steensgaard-analysis-benchmark/benchmarks/postgresql-9.5.2/clusterdb.bc>:pqGetInt:%tmp2
</home/anonymous/eqlog-steensgaard-analysis-benchmark/benchmarks/postgresql-9.5.2/clusterdb.bc>:pqCheckInBufferSpace:%59	</home/anonymous/eqlog-steensgaard-analysis-benchmark/benchmarks/postgresql-9.5.2/clusterdb.bc>:pqCheckInBufferSpace:157:0:false
</home/anonymous/eqlog-steensgaard-analysis-benchmark/benchmarks/postgresql-9.5.2/clusterdb.bc>:pqCheckInBufferSpace:%59	</home/anonymous/eqlog-steensgaard-analysis-benchmark/benchmarks/postgresql-9.5.2/clusterdb.bc>:pqCheckInBufferSpace:%cmp58
</home/anonymous/eqlog-steensgaard-analysis-benchmark/benchmarks/postgresql-9.5.2/clusterdb.bc>:pqCheckInBufferSpace:%41	</home/anonymous/eqlog-steensgaard-analysis-benchmark/benchmarks/postgresql-9.5.2/clusterdb.bc>:pqCheckInBufferSpace:109:0:false
</home/anonymous/eqlog-steensgaard-analysis-benchmark/benchmarks/postgresql-9.5.2/clusterdb.bc>:pqCheckInBufferSpace:%41	</home/anonymous/eqlog-steensgaard-analysis-benchmark/benchmarks/postgresql-9.5.2/clusterdb.bc>:pqCheckInBufferSpace:%cmp36
</home/anonymous/eqlog-steensgaard-analysis-benchmark/benchmarks/postgresql-9.5.2/clusterdb.bc>:pqGetErrorNotice3:%cond	</home/anonymous/eqlog-steensgaard-analysis-benchmark/benchmarks/postgresql-9.5.2/clusterdb.bc>:pqGetErrorNotice3:26:0:7
</home/anonymous/eqlog-steensgaard-analysis-benchmark/benchmarks/postgresql-9.5.2/clusterdb.bc>:pqGetErrorNotice3:%cond	</home/anonymous/eqlog-steensgaard-analysis-benchmark/benchmarks/postgresql-9.5.2/clusterdb.bc>:pqGetErrorNotice3:26:1:6
</home/anonymous/eqlog-steensgaard-analysis-benchmark/benchmarks/postgresql-9.5.2/clusterdb.bc>:pg_freeaddrinfo_all:%9	</home/anonymous/eqlog-steensgaard-analysis-benchmark/benchmarks/postgresql-9.5.2/clusterdb.bc>:pg_freeaddrinfo_all:%8
</home/anonymous/eqlog-steensgaard-analysis-benchmark/benchmarks/postgresql-9.5.2/clusterdb.bc>:pg_freeaddrinfo_all:%7	</home/anonymous/eqlog-steensgaard-analysis-benchmark/benchmarks/postgresql-9.5.2/clusterdb.bc>:pg_freeaddrinfo_all:%6
</home/anonymous/eqlog-steensgaard-analysis-benchmark/benchmarks/postgresql-9.5.2/clusterdb.bc>:strlcpy:%sub.ptr.rhs.cast	</home/anonymous/eqlog-steensgaard-analysis-benchmark/benchmarks/postgresql-9.5.2/clusterdb.bc>:strlcpy:%14
</home/anonymous/eqlog-steensgaard-analysis-benchmark/benchmarks/postgresql-9.5.2/clusterdb.bc>:strlcpy:%sub.ptr.lhs.cast	</home/anonymous/eqlog-steensgaard-analysis-benchmark/benchmarks/postgresql-9.5.2/clusterdb.bc>:strlcpy:%13
</home/anonymous/eqlog-steensgaard-analysis-benchmark/benchmarks/postgresql-9.5.2/clusterdb.bc>:pqSaveParameterStatus:%29	</home/anonymous/eqlog-steensgaard-analysis-benchmark/benchmarks/postgresql-9.5.2/clusterdb.bc>:pqSaveParameterStatus:%28
</home/anonymous/eqlog-steensgaard-analysis-benchmark/benchmarks/postgresql-9.5.2/clusterdb.bc>:pqSaveParameterStatus:%20	</home/anonymous/eqlog-steensgaard-analysis-benchmark/benchmarks/postgresql-9.5.2/clusterdb.bc>:pqSaveParameterStatus:%19
</home/anonymous/eqlog-steensgaard-analysis-benchmark/benchmarks/postgresql-9.5.2/clusterdb.bc>:pqSaveParameterStatus:%26	</home/anonymous/eqlog-steensgaard-analysis-benchmark/benchmarks/postgresql-9.5.2/clusterdb.bc>:pqSaveParameterStatus:%call19
</home/anonymous/eqlog-steensgaard-analysis-benchmark/benchmarks/postgresql-9.5.2/clusterdb.bc>:dupEvents:%34	</home/anonymous/eqlog-steensgaard-analysis-benchmark/benchmarks/postgresql-9.5.2/clusterdb.bc>:dupEvents:%33
</home/anonymous/eqlog-steensgaard-analysis-benchmark/benchmarks/postgresql-9.5.2/clusterdb.bc>:dupEvents:%3	</home/anonymous/eqlog-steensgaard-analysis-benchmark/benchmarks/postgresql-9.5.2/clusterdb.bc>:dupEvents:%call
</home/anonymous/eqlog-steensgaard-analysis-benchmark/benchmarks/postgresql-9.5.2/clusterdb.bc>:pqResultAlloc:%space65	</home/anonymous/eqlog-steensgaard-analysis-benchmark/benchmarks/postgresql-9.5.2/clusterdb.bc>:pqResultAlloc:%58
</home/anonymous/eqlog-steensgaard-analysis-benchmark/benchmarks/postgresql-9.5.2/clusterdb.bc>:pqResultAlloc:%next55	</home/anonymous/eqlog-steensgaard-analysis-benchmark/benchmarks/postgresql-9.5.2/clusterdb.bc>:pqResultAlloc:%50
</home/anonymous/eqlog-steensgaard-analysis-benchmark/benchmarks/postgresql-9.5.2/clusterdb.bc>:pqResultAlloc:%46	</home/anonymous/eqlog-steensgaard-analysis-benchmark/benchmarks/postgresql-9.5.2/clusterdb.bc>:pqResultAlloc:%call50
</home/anonymous/eqlog-steensgaard-analysis-benchmark/benchmarks/postgresql-9.5.2/clusterdb.bc>:pqResultAlloc:%next45	</home/anonymous/eqlog-steensgaard-analysis-benchmark/benchmarks/postgresql-9.5.2/clusterdb.bc>:pqResultAlloc:%41
</home/anonymous/eqlog-steensgaard-analysis-benchmark/benchmarks/postgresql-9.5.2/clusterdb.bc>:pqResultAlloc:%next44	</home/anonymous/eqlog-steensgaard-analysis-benchmark/benchmarks/postgresql-9.5.2/clusterdb.bc>:pqResultAlloc:%40
</home/anonymous/eqlog-steensgaard-analysis-benchmark/benchmarks/postgresql-9.5.2/clusterdb.bc>:pqResultAlloc:%next42	</home/anonymous/eqlog-steensgaard-analysis-benchmark/benchmarks/postgresql-9.5.2/clusterdb.bc>:pqResultAlloc:%37
</home/anonymous/eqlog-steensgaard-analysis-benchmark/benchmarks/postgresql-9.5.2/clusterdb.bc>:pqResultAlloc:%next	</home/anonymous/eqlog-steensgaard-analysis-benchmark/benchmarks/postgresql-9.5.2/clusterdb.bc>:pqResultAlloc:%35
</home/anonymous/eqlog-steensgaard-analysis-benchmark/benchmarks/postgresql-9.5.2/clusterdb.bc>:pqResultAlloc:%space35	</home/anonymous/eqlog-steensgaard-analysis-benchmark/benchmarks/postgresql-9.5.2/clusterdb.bc>:pqResultAlloc:%31
</home/anonymous/eqlog-steensgaard-analysis-benchmark/benchmarks/postgresql-9.5.2/clusterdb.bc>:pqResultAlloc:%space16	</home/anonymous/eqlog-steensgaard-analysis-benchmark/benchmarks/postgresql-9.5.2/clusterdb.bc>:pqResultAlloc:%17
</home/anonymous/eqlog-steensgaard-analysis-benchmark/benchmarks/postgresql-9.5.2/clusterdb.bc>:pqResultAlloc:%29	</home/anonymous/eqlog-steensgaard-analysis-benchmark/benchmarks/postgresql-9.5.2/clusterdb.bc>:pqResultAlloc:%call
</home/anonymous/eqlog-steensgaard-analysis-benchmark/benchmarks/postgresql-9.5.2/clusterdb.bc>:pqAddTuple:%16	</home/anonymous/eqlog-steensgaard-analysis-benchmark/benchmarks/postgresql-9.5.2/clusterdb.bc>:pqAddTuple:%call10
</home/anonymous/eqlog-steensgaard-analysis-benchmark/benchmarks/postgresql-9.5.2/clusterdb.bc>:pqAddTuple:%14	</home/anonymous/eqlog-steensgaard-analysis-benchmark/benchmarks/postgresql-9.5.2/clusterdb.bc>:pqAddTuple:%13
</home/anonymous/eqlog-steensgaard-analysis-benchmark/benchmarks/postgresql-9.5.2/clusterdb.bc>:pqAddTuple:%11	</home/anonymous/eqlog-steensgaard-analysis-benchmark/benchmarks/postgresql-9.5.2/clusterdb.bc>:pqAddTuple:%call
</home/anonymous/eqlog-steensgaard-analysis-benchmark/benchmarks/postgresql-9.5.2/clusterdb.bc>:pqAddTuple:%cond	</home/anonymous/eqlog-steensgaard-analysis-benchmark/benchmarks/postgresql-9.5.2/clusterdb.bc>:pqAddTuple:26:0:128
</home/anonymous/eqlog-steensgaard-analysis-benchmark/benchmarks/postgresql-9.5.2/clusterdb.bc>:pqAddTuple:%cond	</home/anonymous/eqlog-steensgaard-analysis-benchmark/benchmarks/postgresql-9.5.2/clusterdb.bc>:pqAddTuple:%mul
</home/anonymous/eqlog-steensgaard-analysis-benchmark/benchmarks/postgresql-9.5.2/clusterdb.bc>:pqPutMsgStart:%cond	</home/anonymous/eqlog-steensgaard-analysis-benchmark/benchmarks/postgresql-9.5.2/clusterdb.bc>:pqPutMsgStart:87:0:32
</home/anonymous/eqlog-steensgaard-analysis-benchmark/benchmarks/postgresql-9.5.2/clusterdb.bc>:pqPutMsgStart:%cond	</home/anonymous/eqlog-steensgaard-analysis-benchmark/benchmarks/postgresql-9.5.2/clusterdb.bc>:pqPutMsgStart:%conv21
</home/anonymous/eqlog-steensgaard-analysis-benchmark/benchmarks/postgresql-9.5.2/clusterdb.bc>:pqPutMsgEnd:%19	</home/anonymous/eqlog-steensgaard-analysis-benchmark/benchmarks/postgresql-9.5.2/clusterdb.bc>:pqPutMsgEnd:%msgLen
</home/anonymous/eqlog-steensgaard-analysis-benchmark/benchmarks/postgresql-9.5.2/clusterdb.bc>:pqCheckOutBufferSpace:%26	</home/anonymous/eqlog-steensgaard-analysis-benchmark/benchmarks/postgresql-9.5.2/clusterdb.bc>:pqCheckOutBufferSpace:79:0:false
</home/anonymous/eqlog-steensgaard-analysis-benchmark/benchmarks/postgresql-9.5.2/clusterdb.bc>:pqCheckOutBufferSpace:%26	</home/anonymous/eqlog-steensgaard-analysis-benchmark/benchmarks/postgresql-9.5.2/clusterdb.bc>:pqCheckOutBufferSpace:%cmp26
</home/anonymous/eqlog-steensgaard-analysis-benchmark/benchmarks/postgresql-9.5.2/clusterdb.bc>:pqCheckOutBufferSpace:%8	</home/anonymous/eqlog-steensgaard-analysis-benchmark/benchmarks/postgresql-9.5.2/clusterdb.bc>:pqCheckOutBufferSpace:31:0:false
</home/anonymous/eqlog-steensgaard-analysis-benchmark/benchmarks/postgresql-9.5.2/clusterdb.bc>:pqCheckOutBufferSpace:%8	</home/anonymous/eqlog-steensgaard-analysis-benchmark/benchmarks/postgresql-9.5.2/clusterdb.bc>:pqCheckOutBufferSpace:%cmp5
</home/anonymous/eqlog-steensgaard-analysis-benchmark/benchmarks/postgresql-9.5.2/clusterdb.bc>:pqInternalNotice:%7	</home/anonymous/eqlog-steensgaard-analysis-benchmark/benchmarks/postgresql-9.5.2/clusterdb.bc>:pqInternalNotice:%5
</home/anonymous/eqlog-steensgaard-analysis-benchmark/benchmarks/postgresql-9.5.2/clusterdb.bc>:pqInternalNotice:%6	</home/anonymous/eqlog-steensgaard-analysis-benchmark/benchmarks/postgresql-9.5.2/clusterdb.bc>:pqInternalNotice:%noticeHooks
</home/anonymous/eqlog-steensgaard-analysis-benchmark/benchmarks/postgresql-9.5.2/clusterdb.bc>:pqInternalNotice:%arraydecay45	</home/anonymous/eqlog-steensgaard-analysis-benchmark/benchmarks/postgresql-9.5.2/clusterdb.bc>:pqInternalNotice:%arraydecay4
</home/anonymous/eqlog-steensgaard-analysis-benchmark/benchmarks/postgresql-9.5.2/clusterdb.bc>:pqInternalNotice:%arraydecay1	</home/anonymous/eqlog-steensgaard-analysis-benchmark/benchmarks/postgresql-9.5.2/clusterdb.bc>:pqInternalNotice:%arraydecay
</home/anonymous/eqlog-steensgaard-analysis-benchmark/benchmarks/postgresql-9.5.2/clusterdb.bc>:pg_encoding_mblen:%cond	</home/anonymous/eqlog-steensgaard-analysis-benchmark/benchmarks/postgresql-9.5.2/clusterdb.bc>:pg_encoding_mblen:%call2
</home/anonymous/eqlog-steensgaard-analysis-benchmark/benchmarks/postgresql-9.5.2/clusterdb.bc>:pg_encoding_mblen:%cond	</home/anonymous/eqlog-steensgaard-analysis-benchmark/benchmarks/postgresql-9.5.2/clusterdb.bc>:pg_encoding_mblen:%call
</home/anonymous/eqlog-steensgaard-analysis-benchmark/benchmarks/postgresql-9.5.2/clusterdb.bc>:pg_encoding_dsplen:%cond	</home/anonymous/eqlog-steensgaard-analysis-benchmark/benchmarks/postgresql-9.5.2/clusterdb.bc>:pg_encoding_dsplen:%call2
</home/anonymous/eqlog-steensgaard-analysis-benchmark/benchmarks/postgresql-9.5.2/clusterdb.bc>:pg_encoding_dsplen:%cond	</home/anonymous/eqlog-steensgaard-analysis-benchmark/benchmarks/postgresql-9.5.2/clusterdb.bc>:pg_encoding_dsplen:%call
</home/anonymous/eqlog-steensgaard-analysis-benchmark/benchmarks/postgresql-9.5.2/clusterdb.bc>:ucs_wcwidth:%26	</home/anonymous/eqlog-steensgaard-analysis-benchmark/benchmarks/postgresql-9.5.2/clusterdb.bc>:ucs_wcwidth:87:0:false
</home/anonymous/eqlog-steensgaard-analysis-benchmark/benchmarks/postgresql-9.5.2/clusterdb.bc>:ucs_wcwidth:%26	</home/anonymous/eqlog-steensgaard-analysis-benchmark/benchmarks/postgresql-9.5.2/clusterdb.bc>:ucs_wcwidth:%25
</home/anonymous/eqlog-steensgaard-analysis-benchmark/benchmarks/postgresql-9.5.2/clusterdb.bc>:ucs_wcwidth:%24	</home/anonymous/eqlog-steensgaard-analysis-benchmark/benchmarks/postgresql-9.5.2/clusterdb.bc>:ucs_wcwidth:83:0:false
</home/anonymous/eqlog-steensgaard-analysis-benchmark/benchmarks/postgresql-9.5.2/clusterdb.bc>:ucs_wcwidth:%24	</home/anonymous/eqlog-steensgaard-analysis-benchmark/benchmarks/postgresql-9.5.2/clusterdb.bc>:ucs_wcwidth:%cmp42
</home/anonymous/eqlog-steensgaard-analysis-benchmark/benchmarks/postgresql-9.5.2/clusterdb.bc>:ucs_wcwidth:%25	</home/anonymous/eqlog-steensgaard-analysis-benchmark/benchmarks/postgresql-9.5.2/clusterdb.bc>:ucs_wcwidth:85:0:true
</home/anonymous/eqlog-steensgaard-analysis-benchmark/benchmarks/postgresql-9.5.2/clusterdb.bc>:ucs_wcwidth:%25	</home/anonymous/eqlog-steensgaard-analysis-benchmark/benchmarks/postgresql-9.5.2/clusterdb.bc>:ucs_wcwidth:85:1:true
</home/anonymous/eqlog-steensgaard-analysis-benchmark/benchmarks/postgresql-9.5.2/clusterdb.bc>:ucs_wcwidth:%25	</home/anonymous/eqlog-steensgaard-analysis-benchmark/benchmarks/postgresql-9.5.2/clusterdb.bc>:ucs_wcwidth:85:2:true
</home/anonymous/eqlog-steensgaard-analysis-benchmark/benchmarks/postgresql-9.5.2/clusterdb.bc>:ucs_wcwidth:%25	</home/anonymous/eqlog-steensgaard-analysis-benchmark/benchmarks/postgresql-9.5.2/clusterdb.bc>:ucs_wcwidth:85:3:true
</home/anonymous/eqlog-steensgaard-analysis-benchmark/benchmarks/postgresql-9.5.2/clusterdb.bc>:ucs_wcwidth:%25	</home/anonymous/eqlog-steensgaard-analysis-benchmark/benchmarks/postgresql-9.5.2/clusterdb.bc>:ucs_wcwidth:85:4:true
</home/anonymous/eqlog-steensgaard-analysis-benchmark/benchmarks/postgresql-9.5.2/clusterdb.bc>:ucs_wcwidth:%25	</home/anonymous/eqlog-steensgaard-analysis-benchmark/benchmarks/postgresql-9.5.2/clusterdb.bc>:ucs_wcwidth:85:5:true
</home/anonymous/eqlog-steensgaard-analysis-benchmark/benchmarks/postgresql-9.5.2/clusterdb.bc>:ucs_wcwidth:%25	</home/anonymous/eqlog-steensgaard-analysis-benchmark/benchmarks/postgresql-9.5.2/clusterdb.bc>:ucs_wcwidth:85:6:true
</home/anonymous/eqlog-steensgaard-analysis-benchmark/benchmarks/postgresql-9.5.2/clusterdb.bc>:ucs_wcwidth:%25	</home/anonymous/eqlog-steensgaard-analysis-benchmark/benchmarks/postgresql-9.5.2/clusterdb.bc>:ucs_wcwidth:%24
</home/anonymous/eqlog-steensgaard-analysis-benchmark/benchmarks/postgresql-9.5.2/clusterdb.bc>:pqSaveMessageField:%2	</home/anonymous/eqlog-steensgaard-analysis-benchmark/benchmarks/postgresql-9.5.2/clusterdb.bc>:pqSaveMessageField:%call2
</home/anonymous/eqlog-steensgaard-analysis-benchmark/benchmarks/postgresql-9.5.2/clusterdb.bc>:pqGetErrorNotice2:%33	</home/anonymous/eqlog-steensgaard-analysis-benchmark/benchmarks/postgresql-9.5.2/clusterdb.bc>:pqGetErrorNotice2:115:0:false
</home/anonymous/eqlog-steensgaard-analysis-benchmark/benchmarks/postgresql-9.5.2/clusterdb.bc>:pqGetErrorNotice2:%33	</home/anonymous/eqlog-steensgaard-analysis-benchmark/benchmarks/postgresql-9.5.2/clusterdb.bc>:pqGetErrorNotice2:%tobool34
</home/anonymous/eqlog-steensgaard-analysis-benchmark/benchmarks/postgresql-9.5.2/clusterdb.bc>:pqGetErrorNotice2:%12	</home/anonymous/eqlog-steensgaard-analysis-benchmark/benchmarks/postgresql-9.5.2/clusterdb.bc>:pqGetErrorNotice2:52:0:false
</home/anonymous/eqlog-steensgaard-analysis-benchmark/benchmarks/postgresql-9.5.2/clusterdb.bc>:pqGetErrorNotice2:%12	</home/anonymous/eqlog-steensgaard-analysis-benchmark/benchmarks/postgresql-9.5.2/clusterdb.bc>:pqGetErrorNotice2:%cmp11
</home/anonymous/eqlog-steensgaard-analysis-benchmark/benchmarks/postgresql-9.5.2/clusterdb.bc>:pqGetErrorNotice2:%cond	</home/anonymous/eqlog-steensgaard-analysis-benchmark/benchmarks/postgresql-9.5.2/clusterdb.bc>:pqGetErrorNotice2:25:0:7
</home/anonymous/eqlog-steensgaard-analysis-benchmark/benchmarks/postgresql-9.5.2/clusterdb.bc>:pqGetErrorNotice2:%cond	</home/anonymous/eqlog-steensgaard-analysis-benchmark/benchmarks/postgresql-9.5.2/clusterdb.bc>:pqGetErrorNotice2:25:1:6
</home/anonymous/eqlog-steensgaard-analysis-benchmark/benchmarks/postgresql-9.5.2/clusterdb.bc>:getNotify:%9	</home/anonymous/eqlog-steensgaard-analysis-benchmark/benchmarks/postgresql-9.5.2/clusterdb.bc>:getNotify:%8
</home/anonymous/eqlog-steensgaard-analysis-benchmark/benchmarks/postgresql-9.5.2/clusterdb.bc>:getNotify:%6	</home/anonymous/eqlog-steensgaard-analysis-benchmark/benchmarks/postgresql-9.5.2/clusterdb.bc>:getNotify:%call9
</home/anonymous/eqlog-steensgaard-analysis-benchmark/benchmarks/postgresql-9.5.2/clusterdb.bc>:pqGets_internal:%11	</home/anonymous/eqlog-steensgaard-analysis-benchmark/benchmarks/postgresql-9.5.2/clusterdb.bc>:pqGets_internal:36:0:false
</home/anonymous/eqlog-steensgaard-analysis-benchmark/benchmarks/postgresql-9.5.2/clusterdb.bc>:pqGets_internal:%11	</home/anonymous/eqlog-steensgaard-analysis-benchmark/benchmarks/postgresql-9.5.2/clusterdb.bc>:pqGets_internal:%tobool
</home/anonymous/eqlog-steensgaard-analysis-benchmark/benchmarks/postgresql-9.5.2/clusterdb.bc>:getNotify.395:%17	</home/anonymous/eqlog-steensgaard-analysis-benchmark/benchmarks/postgresql-9.5.2/clusterdb.bc>:getNotify.395:%16
</home/anonymous/eqlog-steensgaard-analysis-benchmark/benchmarks/postgresql-9.5.2/clusterdb.bc>:getNotify.395:%14	</home/anonymous/eqlog-steensgaard-analysis-benchmark/benchmarks/postgresql-9.5.2/clusterdb.bc>:getNotify.395:%call24
</home/anonymous/eqlog-steensgaard-analysis-benchmark/benchmarks/postgresql-9.5.2/clusterdb.bc>:pqSocketCheck:%11	</home/anonymous/eqlog-steensgaard-analysis-benchmark/benchmarks/postgresql-9.5.2/clusterdb.bc>:pqSocketCheck:43:0:false
</home/anonymous/eqlog-steensgaard-analysis-benchmark/benchmarks/postgresql-9.5.2/clusterdb.bc>:pqSocketCheck:%11	</home/anonymous/eqlog-steensgaard-analysis-benchmark/benchmarks/postgresql-9.5.2/clusterdb.bc>:pqSocketCheck:%cmp6
</home/anonymous/eqlog-steensgaard-analysis-benchmark/benchmarks/postgresql-9.5.2/clusterdb.bc>:getRowDescriptions:%27	</home/anonymous/eqlog-steensgaard-analysis-benchmark/benchmarks/postgresql-9.5.2/clusterdb.bc>:getRowDescriptions:%add.ptr
</home/anonymous/eqlog-steensgaard-analysis-benchmark/benchmarks/postgresql-9.5.2/clusterdb.bc>:getRowDescriptions:%25	</home/anonymous/eqlog-steensgaard-analysis-benchmark/benchmarks/postgresql-9.5.2/clusterdb.bc>:getRowDescriptions:%24
</home/anonymous/eqlog-steensgaard-analysis-benchmark/benchmarks/postgresql-9.5.2/clusterdb.bc>:getRowDescriptions:%23	</home/anonymous/eqlog-steensgaard-analysis-benchmark/benchmarks/postgresql-9.5.2/clusterdb.bc>:getRowDescriptions:%22
</home/anonymous/eqlog-steensgaard-analysis-benchmark/benchmarks/postgresql-9.5.2/clusterdb.bc>:getRowDescriptions:%18	</home/anonymous/eqlog-steensgaard-analysis-benchmark/benchmarks/postgresql-9.5.2/clusterdb.bc>:getRowDescriptions:%17
</home/anonymous/eqlog-steensgaard-analysis-benchmark/benchmarks/postgresql-9.5.2/clusterdb.bc>:getRowDescriptions:%15	</home/anonymous/eqlog-steensgaard-analysis-benchmark/benchmarks/postgresql-9.5.2/clusterdb.bc>:getRowDescriptions:%14
</home/anonymous/eqlog-steensgaard-analysis-benchmark/benchmarks/postgresql-9.5.2/clusterdb.bc>:getRowDescriptions:%9	</home/anonymous/eqlog-steensgaard-analysis-benchmark/benchmarks/postgresql-9.5.2/clusterdb.bc>:getRowDescriptions:%call7
</home/anonymous/eqlog-steensgaard-analysis-benchmark/benchmarks/postgresql-9.5.2/clusterdb.bc>:getAnotherTuple:%12	</home/anonymous/eqlog-steensgaard-analysis-benchmark/benchmarks/postgresql-9.5.2/clusterdb.bc>:getAnotherTuple:%call
</home/anonymous/eqlog-steensgaard-analysis-benchmark/benchmarks/postgresql-9.5.2/clusterdb.bc>:getAnotherTuple:%10	</home/anonymous/eqlog-steensgaard-analysis-benchmark/benchmarks/postgresql-9.5.2/clusterdb.bc>:getAnotherTuple:%9
</home/anonymous/eqlog-steensgaard-analysis-benchmark/benchmarks/postgresql-9.5.2/clusterdb.bc>:pqRowProcessor:%12	</home/anonymous/eqlog-steensgaard-analysis-benchmark/benchmarks/postgresql-9.5.2/clusterdb.bc>:pqRowProcessor:%call4
</home/anonymous/eqlog-steensgaard-analysis-benchmark/benchmarks/postgresql-9.5.2/clusterdb.bc>:getRowDescriptions.398:%cond	</home/anonymous/eqlog-steensgaard-analysis-benchmark/benchmarks/postgresql-9.5.2/clusterdb.bc>:getRowDescriptions.398:136:0:1
</home/anonymous/eqlog-steensgaard-analysis-benchmark/benchmarks/postgresql-9.5.2/clusterdb.bc>:getRowDescriptions.398:%cond	</home/anonymous/eqlog-steensgaard-analysis-benchmark/benchmarks/postgresql-9.5.2/clusterdb.bc>:getRowDescriptions.398:136:1:0
</home/anonymous/eqlog-steensgaard-analysis-benchmark/benchmarks/postgresql-9.5.2/clusterdb.bc>:getRowDescriptions.398:%34	</home/anonymous/eqlog-steensgaard-analysis-benchmark/benchmarks/postgresql-9.5.2/clusterdb.bc>:getRowDescriptions.398:%add.ptr
</home/anonymous/eqlog-steensgaard-analysis-benchmark/benchmarks/postgresql-9.5.2/clusterdb.bc>:getRowDescriptions.398:%32	</home/anonymous/eqlog-steensgaard-analysis-benchmark/benchmarks/postgresql-9.5.2/clusterdb.bc>:getRowDescriptions.398:%31
</home/anonymous/eqlog-steensgaard-analysis-benchmark/benchmarks/postgresql-9.5.2/clusterdb.bc>:getRowDescriptions.398:%30	</home/anonymous/eqlog-steensgaard-analysis-benchmark/benchmarks/postgresql-9.5.2/clusterdb.bc>:getRowDescriptions.398:%29
</home/anonymous/eqlog-steensgaard-analysis-benchmark/benchmarks/postgresql-9.5.2/clusterdb.bc>:getRowDescriptions.398:%25	</home/anonymous/eqlog-steensgaard-analysis-benchmark/benchmarks/postgresql-9.5.2/clusterdb.bc>:getRowDescriptions.398:%24
</home/anonymous/eqlog-steensgaard-analysis-benchmark/benchmarks/postgresql-9.5.2/clusterdb.bc>:getRowDescriptions.398:%22	</home/anonymous/eqlog-steensgaard-analysis-benchmark/benchmarks/postgresql-9.5.2/clusterdb.bc>:getRowDescriptions.398:%21
</home/anonymous/eqlog-steensgaard-analysis-benchmark/benchmarks/postgresql-9.5.2/clusterdb.bc>:getRowDescriptions.398:%16	</home/anonymous/eqlog-steensgaard-analysis-benchmark/benchmarks/postgresql-9.5.2/clusterdb.bc>:getRowDescriptions.398:%call17
</home/anonymous/eqlog-steensgaard-analysis-benchmark/benchmarks/postgresql-9.5.2/clusterdb.bc>:getParamDescriptions:%27	</home/anonymous/eqlog-steensgaard-analysis-benchmark/benchmarks/postgresql-9.5.2/clusterdb.bc>:getParamDescriptions:%add.ptr
</home/anonymous/eqlog-steensgaard-analysis-benchmark/benchmarks/postgresql-9.5.2/clusterdb.bc>:getParamDescriptions:%25	</home/anonymous/eqlog-steensgaard-analysis-benchmark/benchmarks/postgresql-9.5.2/clusterdb.bc>:getParamDescriptions:%24
</home/anonymous/eqlog-steensgaard-analysis-benchmark/benchmarks/postgresql-9.5.2/clusterdb.bc>:getParamDescriptions:%23	</home/anonymous/eqlog-steensgaard-analysis-benchmark/benchmarks/postgresql-9.5.2/clusterdb.bc>:getParamDescriptions:%22
</home/anonymous/eqlog-steensgaard-analysis-benchmark/benchmarks/postgresql-9.5.2/clusterdb.bc>:getParamDescriptions:%18	</home/anonymous/eqlog-steensgaard-analysis-benchmark/benchmarks/postgresql-9.5.2/clusterdb.bc>:getParamDescriptions:%17
</home/anonymous/eqlog-steensgaard-analysis-benchmark/benchmarks/postgresql-9.5.2/clusterdb.bc>:getParamDescriptions:%15	</home/anonymous/eqlog-steensgaard-analysis-benchmark/benchmarks/postgresql-9.5.2/clusterdb.bc>:getParamDescriptions:%14
</home/anonymous/eqlog-steensgaard-analysis-benchmark/benchmarks/postgresql-9.5.2/clusterdb.bc>:getParamDescriptions:%9	</home/anonymous/eqlog-steensgaard-analysis-benchmark/benchmarks/postgresql-9.5.2/clusterdb.bc>:getParamDescriptions:%call7
</home/anonymous/eqlog-steensgaard-analysis-benchmark/benchmarks/postgresql-9.5.2/clusterdb.bc>:getAnotherTuple.399:%15	</home/anonymous/eqlog-steensgaard-analysis-benchmark/benchmarks/postgresql-9.5.2/clusterdb.bc>:getAnotherTuple.399:%call6
</home/anonymous/eqlog-steensgaard-analysis-benchmark/benchmarks/postgresql-9.5.2/clusterdb.bc>:getAnotherTuple.399:%13	</home/anonymous/eqlog-steensgaard-analysis-benchmark/benchmarks/postgresql-9.5.2/clusterdb.bc>:getAnotherTuple.399:%12
</home/anonymous/eqlog-steensgaard-analysis-benchmark/benchmarks/postgresql-9.5.2/clusterdb.bc>:getCopyStart:%33	</home/anonymous/eqlog-steensgaard-analysis-benchmark/benchmarks/postgresql-9.5.2/clusterdb.bc>:getCopyStart:%add.ptr
</home/anonymous/eqlog-steensgaard-analysis-benchmark/benchmarks/postgresql-9.5.2/clusterdb.bc>:getCopyStart:%31	</home/anonymous/eqlog-steensgaard-analysis-benchmark/benchmarks/postgresql-9.5.2/clusterdb.bc>:getCopyStart:%30
</home/anonymous/eqlog-steensgaard-analysis-benchmark/benchmarks/postgresql-9.5.2/clusterdb.bc>:getCopyStart:%29	</home/anonymous/eqlog-steensgaard-analysis-benchmark/benchmarks/postgresql-9.5.2/clusterdb.bc>:getCopyStart:%28
</home/anonymous/eqlog-steensgaard-analysis-benchmark/benchmarks/postgresql-9.5.2/clusterdb.bc>:getCopyStart:%24	</home/anonymous/eqlog-steensgaard-analysis-benchmark/benchmarks/postgresql-9.5.2/clusterdb.bc>:getCopyStart:%23
</home/anonymous/eqlog-steensgaard-analysis-benchmark/benchmarks/postgresql-9.5.2/clusterdb.bc>:getCopyStart:%21	</home/anonymous/eqlog-steensgaard-analysis-benchmark/benchmarks/postgresql-9.5.2/clusterdb.bc>:getCopyStart:%20
</home/anonymous/eqlog-steensgaard-analysis-benchmark/benchmarks/postgresql-9.5.2/clusterdb.bc>:getCopyStart:%15	</home/anonymous/eqlog-steensgaard-analysis-benchmark/benchmarks/postgresql-9.5.2/clusterdb.bc>:getCopyStart:%call14
</home/anonymous/eqlog-steensgaard-analysis-benchmark/benchmarks/postgresql-9.5.2/clusterdb.bc>:conninfo_uri_parse_options:%109	</home/anonymous/eqlog-steensgaard-analysis-benchmark/benchmarks/postgresql-9.5.2/clusterdb.bc>:conninfo_uri_parse_options:307:0:false
</home/anonymous/eqlog-steensgaard-analysis-benchmark/benchmarks/postgresql-9.5.2/clusterdb.bc>:conninfo_uri_parse_options:%109	</home/anonymous/eqlog-steensgaard-analysis-benchmark/benchmarks/postgresql-9.5.2/clusterdb.bc>:conninfo_uri_parse_options:307:1:false
</home/anonymous/eqlog-steensgaard-analysis-benchmark/benchmarks/postgresql-9.5.2/clusterdb.bc>:conninfo_uri_parse_options:%109	</home/anonymous/eqlog-steensgaard-analysis-benchmark/benchmarks/postgresql-9.5.2/clusterdb.bc>:conninfo_uri_parse_options:%cmp141
</home/anonymous/eqlog-steensgaard-analysis-benchmark/benchmarks/postgresql-9.5.2/clusterdb.bc>:conninfo_uri_parse_options:%91	</home/anonymous/eqlog-steensgaard-analysis-benchmark/benchmarks/postgresql-9.5.2/clusterdb.bc>:conninfo_uri_parse_options:259:0:false
</home/anonymous/eqlog-steensgaard-analysis-benchmark/benchmarks/postgresql-9.5.2/clusterdb.bc>:conninfo_uri_parse_options:%91	</home/anonymous/eqlog-steensgaard-analysis-benchmark/benchmarks/postgresql-9.5.2/clusterdb.bc>:conninfo_uri_parse_options:259:1:false
</home/anonymous/eqlog-steensgaard-analysis-benchmark/benchmarks/postgresql-9.5.2/clusterdb.bc>:conninfo_uri_parse_options:%91	</home/anonymous/eqlog-steensgaard-analysis-benchmark/benchmarks/postgresql-9.5.2/clusterdb.bc>:conninfo_uri_parse_options:259:2:false
</home/anonymous/eqlog-steensgaard-analysis-benchmark/benchmarks/postgresql-9.5.2/clusterdb.bc>:conninfo_uri_parse_options:%91	</home/anonymous/eqlog-steensgaard-analysis-benchmark/benchmarks/postgresql-9.5.2/clusterdb.bc>:conninfo_uri_parse_options:%cmp113
</home/anonymous/eqlog-steensgaard-analysis-benchmark/benchmarks/postgresql-9.5.2/clusterdb.bc>:conninfo_uri_parse_options:%sub.ptr.lhs.cast	</home/anonymous/eqlog-steensgaard-analysis-benchmark/benchmarks/postgresql-9.5.2/clusterdb.bc>:conninfo_uri_parse_options:%79
</home/anonymous/eqlog-steensgaard-analysis-benchmark/benchmarks/postgresql-9.5.2/clusterdb.bc>:conninfo_uri_parse_options:%57	</home/anonymous/eqlog-steensgaard-analysis-benchmark/benchmarks/postgresql-9.5.2/clusterdb.bc>:conninfo_uri_parse_options:175:0:false
</home/anonymous/eqlog-steensgaard-analysis-benchmark/benchmarks/postgresql-9.5.2/clusterdb.bc>:conninfo_uri_parse_options:%57	</home/anonymous/eqlog-steensgaard-analysis-benchmark/benchmarks/postgresql-9.5.2/clusterdb.bc>:conninfo_uri_parse_options:%cmp67
</home/anonymous/eqlog-steensgaard-analysis-benchmark/benchmarks/postgresql-9.5.2/clusterdb.bc>:conninfo_uri_parse_options:%sub.ptr.rhs.cast	</home/anonymous/eqlog-steensgaard-analysis-benchmark/benchmarks/postgresql-9.5.2/clusterdb.bc>:conninfo_uri_parse_options:%80
</home/anonymous/eqlog-steensgaard-analysis-benchmark/benchmarks/postgresql-9.5.2/clusterdb.bc>:conninfo_uri_parse_options:%27	</home/anonymous/eqlog-steensgaard-analysis-benchmark/benchmarks/postgresql-9.5.2/clusterdb.bc>:conninfo_uri_parse_options:93:0:false
</home/anonymous/eqlog-steensgaard-analysis-benchmark/benchmarks/postgresql-9.5.2/clusterdb.bc>:conninfo_uri_parse_options:%27	</home/anonymous/eqlog-steensgaard-analysis-benchmark/benchmarks/postgresql-9.5.2/clusterdb.bc>:conninfo_uri_parse_options:%cmp22
</home/anonymous/eqlog-steensgaard-analysis-benchmark/benchmarks/postgresql-9.5.2/clusterdb.bc>:conninfo_uri_parse_options:%126	</home/anonymous/eqlog-steensgaard-analysis-benchmark/benchmarks/postgresql-9.5.2/clusterdb.bc>:conninfo_uri_parse_options:354:0:false
</home/anonymous/eqlog-steensgaard-analysis-benchmark/benchmarks/postgresql-9.5.2/clusterdb.bc>:conninfo_uri_parse_options:%126	</home/anonymous/eqlog-steensgaard-analysis-benchmark/benchmarks/postgresql-9.5.2/clusterdb.bc>:conninfo_uri_parse_options:%cmp168
</home/anonymous/eqlog-steensgaard-analysis-benchmark/benchmarks/postgresql-9.5.2/clusterdb.bc>:conninfo_uri_parse_options:%17	</home/anonymous/eqlog-steensgaard-analysis-benchmark/benchmarks/postgresql-9.5.2/clusterdb.bc>:conninfo_uri_parse_options:67:0:false
</home/anonymous/eqlog-steensgaard-analysis-benchmark/benchmarks/postgresql-9.5.2/clusterdb.bc>:conninfo_uri_parse_options:%17	</home/anonymous/eqlog-steensgaard-analysis-benchmark/benchmarks/postgresql-9.5.2/clusterdb.bc>:conninfo_uri_parse_options:67:1:false
</home/anonymous/eqlog-steensgaard-analysis-benchmark/benchmarks/postgresql-9.5.2/clusterdb.bc>:conninfo_uri_parse_options:%17	</home/anonymous/eqlog-steensgaard-analysis-benchmark/benchmarks/postgresql-9.5.2/clusterdb.bc>:conninfo_uri_parse_options:%cmp10
</home/anonymous/eqlog-steensgaard-analysis-benchmark/benchmarks/postgresql-9.5.2/clusterdb.bc>:reportErrorPosition:%151	</home/anonymous/eqlog-steensgaard-analysis-benchmark/benchmarks/postgresql-9.5.2/clusterdb.bc>:reportErrorPosition:%150
</home/anonymous/eqlog-steensgaard-analysis-benchmark/benchmarks/postgresql-9.5.2/clusterdb.bc>:reportErrorPosition:%149	</home/anonymous/eqlog-steensgaard-analysis-benchmark/benchmarks/postgresql-9.5.2/clusterdb.bc>:reportErrorPosition:%148
</home/anonymous/eqlog-steensgaard-analysis-benchmark/benchmarks/postgresql-9.5.2/clusterdb.bc>:reportErrorPosition:%13	</home/anonymous/eqlog-steensgaard-analysis-benchmark/benchmarks/postgresql-9.5.2/clusterdb.bc>:reportErrorPosition:%12
</home/anonymous/eqlog-steensgaard-analysis-benchmark/benchmarks/postgresql-9.5.2/clusterdb.bc>:reportErrorPosition:%10	</home/anonymous/eqlog-steensgaard-analysis-benchmark/benchmarks/postgresql-9.5.2/clusterdb.bc>:reportErrorPosition:%call13
</home/anonymous/eqlog-steensgaard-analysis-benchmark/benchmarks/postgresql-9.5.2/clusterdb.bc>:reportErrorPosition:%6	</home/anonymous/eqlog-steensgaard-analysis-benchmark/benchmarks/postgresql-9.5.2/clusterdb.bc>:reportErrorPosition:%call6
</home/anonymous/eqlog-steensgaard-analysis-benchmark/benchmarks/postgresql-9.5.2/clusterdb.bc>:build_startup_packet:%cond	</home/anonymous/eqlog-steensgaard-analysis-benchmark/benchmarks/postgresql-9.5.2/clusterdb.bc>:build_startup_packet:%82
</home/anonymous/eqlog-steensgaard-analysis-benchmark/benchmarks/postgresql-9.5.2/clusterdb.bc>:build_startup_packet:%cond	</home/anonymous/eqlog-steensgaard-analysis-benchmark/benchmarks/postgresql-9.5.2/clusterdb.bc>:build_startup_packet:%80
</home/anonymous/eqlog-steensgaard-analysis-benchmark/benchmarks/postgresql-9.5.2/clusterdb.bc>:build_startup_packet:%5	</home/anonymous/eqlog-steensgaard-analysis-benchmark/benchmarks/postgresql-9.5.2/clusterdb.bc>:build_startup_packet:%pv
</home/anonymous/eqlog-steensgaard-analysis-benchmark/benchmarks/postgresql-9.5.2/clusterdb.bc>:pg_getnameinfo_all:%12	</home/anonymous/eqlog-steensgaard-analysis-benchmark/benchmarks/postgresql-9.5.2/clusterdb.bc>:pg_getnameinfo_all:%11
</home/anonymous/eqlog-steensgaard-analysis-benchmark/benchmarks/postgresql-9.5.2/clusterdb.bc>:pg_getnameinfo_all:%4	</home/anonymous/eqlog-steensgaard-analysis-benchmark/benchmarks/postgresql-9.5.2/clusterdb.bc>:pg_getnameinfo_all:%3
</home/anonymous/eqlog-steensgaard-analysis-benchmark/benchmarks/postgresql-9.5.2/clusterdb.bc>:inet_net_ntop_ipv4:%sub.ptr.rhs.cast	</home/anonymous/eqlog-steensgaard-analysis-benchmark/benchmarks/postgresql-9.5.2/clusterdb.bc>:inet_net_ntop_ipv4:%15
</home/anonymous/eqlog-steensgaard-analysis-benchmark/benchmarks/postgresql-9.5.2/clusterdb.bc>:inet_net_ntop_ipv4:%sub.ptr.lhs.cast	</home/anonymous/eqlog-steensgaard-analysis-benchmark/benchmarks/postgresql-9.5.2/clusterdb.bc>:inet_net_ntop_ipv4:%14
</home/anonymous/eqlog-steensgaard-analysis-benchmark/benchmarks/postgresql-9.5.2/clusterdb.bc>:inet_net_ntop_ipv6:%sub.ptr.rhs.cast175	</home/anonymous/eqlog-steensgaard-analysis-benchmark/benchmarks/postgresql-9.5.2/clusterdb.bc>:inet_net_ntop_ipv6:%arraydecay173
</home/anonymous/eqlog-steensgaard-analysis-benchmark/benchmarks/postgresql-9.5.2/clusterdb.bc>:inet_net_ntop_ipv6:%sub.ptr.lhs.cast174	</home/anonymous/eqlog-steensgaard-analysis-benchmark/benchmarks/postgresql-9.5.2/clusterdb.bc>:inet_net_ntop_ipv6:%72
</home/anonymous/eqlog-steensgaard-analysis-benchmark/benchmarks/postgresql-9.5.2/clusterdb.bc>:inet_net_ntop_ipv6:%sub.ptr.rhs.cast	</home/anonymous/eqlog-steensgaard-analysis-benchmark/benchmarks/postgresql-9.5.2/clusterdb.bc>:inet_net_ntop_ipv6:%arraydecay132
</home/anonymous/eqlog-steensgaard-analysis-benchmark/benchmarks/postgresql-9.5.2/clusterdb.bc>:inet_net_ntop_ipv6:%sub.ptr.lhs.cast	</home/anonymous/eqlog-steensgaard-analysis-benchmark/benchmarks/postgresql-9.5.2/clusterdb.bc>:inet_net_ntop_ipv6:%53
</home/anonymous/eqlog-steensgaard-analysis-benchmark/benchmarks/postgresql-9.5.2/clusterdb.bc>:inet_net_ntop_ipv6:%29	</home/anonymous/eqlog-steensgaard-analysis-benchmark/benchmarks/postgresql-9.5.2/clusterdb.bc>:inet_net_ntop_ipv6:%cur
</home/anonymous/eqlog-steensgaard-analysis-benchmark/benchmarks/postgresql-9.5.2/clusterdb.bc>:inet_net_ntop_ipv6:%28	</home/anonymous/eqlog-steensgaard-analysis-benchmark/benchmarks/postgresql-9.5.2/clusterdb.bc>:inet_net_ntop_ipv6:%best
</home/anonymous/eqlog-steensgaard-analysis-benchmark/benchmarks/postgresql-9.5.2/clusterdb.bc>:inet_net_ntop_ipv6:%22	</home/anonymous/eqlog-steensgaard-analysis-benchmark/benchmarks/postgresql-9.5.2/clusterdb.bc>:inet_net_ntop_ipv6:%cur
</home/anonymous/eqlog-steensgaard-analysis-benchmark/benchmarks/postgresql-9.5.2/clusterdb.bc>:inet_net_ntop_ipv6:%21	</home/anonymous/eqlog-steensgaard-analysis-benchmark/benchmarks/postgresql-9.5.2/clusterdb.bc>:inet_net_ntop_ipv6:%best
</home/anonymous/eqlog-steensgaard-analysis-benchmark/benchmarks/postgresql-9.5.2/clusterdb.bc>:inet_net_ntop_ipv6:%2	</home/anonymous/eqlog-steensgaard-analysis-benchmark/benchmarks/postgresql-9.5.2/clusterdb.bc>:inet_net_ntop_ipv6:%words
</home/anonymous/eqlog-steensgaard-analysis-benchmark/benchmarks/postgresql-9.5.2/clusterdb.bc>:decoct:%sub.ptr.rhs.cast9	</home/anonymous/eqlog-steensgaard-analysis-benchmark/benchmarks/postgresql-9.5.2/clusterdb.bc>:decoct:%18
</home/anonymous/eqlog-steensgaard-analysis-benchmark/benchmarks/postgresql-9.5.2/clusterdb.bc>:decoct:%sub.ptr.lhs.cast8	</home/anonymous/eqlog-steensgaard-analysis-benchmark/benchmarks/postgresql-9.5.2/clusterdb.bc>:decoct:%17
</home/anonymous/eqlog-steensgaard-analysis-benchmark/benchmarks/postgresql-9.5.2/clusterdb.bc>:decoct:%sub.ptr.rhs.cast	</home/anonymous/eqlog-steensgaard-analysis-benchmark/benchmarks/postgresql-9.5.2/clusterdb.bc>:decoct:%14
</home/anonymous/eqlog-steensgaard-analysis-benchmark/benchmarks/postgresql-9.5.2/clusterdb.bc>:decoct:%sub.ptr.lhs.cast	</home/anonymous/eqlog-steensgaard-analysis-benchmark/benchmarks/postgresql-9.5.2/clusterdb.bc>:decoct:%13
</home/anonymous/eqlog-steensgaard-analysis-benchmark/benchmarks/postgresql-9.5.2/clusterdb.bc>:parseServiceInfo:%cond	</home/anonymous/eqlog-steensgaard-analysis-benchmark/benchmarks/postgresql-9.5.2/clusterdb.bc>:parseServiceInfo:82:0:getelementptr inbounds ([21 x i8], [21 x i8]* @.str.96.448, i32 0, i32 0)
</home/anonymous/eqlog-steensgaard-analysis-benchmark/benchmarks/postgresql-9.5.2/clusterdb.bc>:parseServiceInfo:%cond	</home/anonymous/eqlog-steensgaard-analysis-benchmark/benchmarks/postgresql-9.5.2/clusterdb.bc>:parseServiceInfo:%call35
</home/anonymous/eqlog-steensgaard-analysis-benchmark/benchmarks/postgresql-9.5.2/clusterdb.bc>:conninfo_getval:%cond	</home/anonymous/eqlog-steensgaard-analysis-benchmark/benchmarks/postgresql-9.5.2/clusterdb.bc>:conninfo_getval:17:0:null
</home/anonymous/eqlog-steensgaard-analysis-benchmark/benchmarks/postgresql-9.5.2/clusterdb.bc>:conninfo_getval:%cond	</home/anonymous/eqlog-steensgaard-analysis-benchmark/benchmarks/postgresql-9.5.2/clusterdb.bc>:conninfo_getval:%4
</home/anonymous/eqlog-steensgaard-analysis-benchmark/benchmarks/postgresql-9.5.2/clusterdb.bc>:parseServiceFile:%23	</home/anonymous/eqlog-steensgaard-analysis-benchmark/benchmarks/postgresql-9.5.2/clusterdb.bc>:parseServiceFile:92:0:false
</home/anonymous/eqlog-steensgaard-analysis-benchmark/benchmarks/postgresql-9.5.2/clusterdb.bc>:parseServiceFile:%23	</home/anonymous/eqlog-steensgaard-analysis-benchmark/benchmarks/postgresql-9.5.2/clusterdb.bc>:parseServiceFile:%tobool25
</home/anonymous/eqlog-steensgaard-analysis-benchmark/benchmarks/postgresql-9.5.2/clusterdb.bc>:pg_getaddrinfo_all:%cond	</home/anonymous/eqlog-steensgaard-analysis-benchmark/benchmarks/postgresql-9.5.2/clusterdb.bc>:pg_getaddrinfo_all:35:0:null
</home/anonymous/eqlog-steensgaard-analysis-benchmark/benchmarks/postgresql-9.5.2/clusterdb.bc>:pg_getaddrinfo_all:%cond	</home/anonymous/eqlog-steensgaard-analysis-benchmark/benchmarks/postgresql-9.5.2/clusterdb.bc>:pg_getaddrinfo_all:%9
</home/anonymous/eqlog-steensgaard-analysis-benchmark/benchmarks/postgresql-9.5.2/clusterdb.bc>:getaddrinfo_unix:%44	</home/anonymous/eqlog-steensgaard-analysis-benchmark/benchmarks/postgresql-9.5.2/clusterdb.bc>:getaddrinfo_unix:%43
</home/anonymous/eqlog-steensgaard-analysis-benchmark/benchmarks/postgresql-9.5.2/clusterdb.bc>:getaddrinfo_unix:%32	</home/anonymous/eqlog-steensgaard-analysis-benchmark/benchmarks/postgresql-9.5.2/clusterdb.bc>:getaddrinfo_unix:%31
</home/anonymous/eqlog-steensgaard-analysis-benchmark/benchmarks/postgresql-9.5.2/clusterdb.bc>:getaddrinfo_unix:%29	</home/anonymous/eqlog-steensgaard-analysis-benchmark/benchmarks/postgresql-9.5.2/clusterdb.bc>:getaddrinfo_unix:%call28
</home/anonymous/eqlog-steensgaard-analysis-benchmark/benchmarks/postgresql-9.5.2/clusterdb.bc>:getaddrinfo_unix:%27	</home/anonymous/eqlog-steensgaard-analysis-benchmark/benchmarks/postgresql-9.5.2/clusterdb.bc>:getaddrinfo_unix:%call24
</home/anonymous/eqlog-steensgaard-analysis-benchmark/benchmarks/postgresql-9.5.2/clusterdb.bc>:getaddrinfo_unix:%24	</home/anonymous/eqlog-steensgaard-analysis-benchmark/benchmarks/postgresql-9.5.2/clusterdb.bc>:getaddrinfo_unix:%23
</home/anonymous/eqlog-steensgaard-analysis-benchmark/benchmarks/postgresql-9.5.2/clusterdb.bc>:getaddrinfo_unix:%22	</home/anonymous/eqlog-steensgaard-analysis-benchmark/benchmarks/postgresql-9.5.2/clusterdb.bc>:getaddrinfo_unix:%hints
</home/anonymous/eqlog-steensgaard-analysis-benchmark/benchmarks/postgresql-9.5.2/clusterdb.bc>:getaddrinfo_unix:%12	</home/anonymous/eqlog-steensgaard-analysis-benchmark/benchmarks/postgresql-9.5.2/clusterdb.bc>:getaddrinfo_unix:%add.ptr
</home/anonymous/eqlog-steensgaard-analysis-benchmark/benchmarks/postgresql-9.5.2/clusterdb.bc>:getaddrinfo_unix:%10	</home/anonymous/eqlog-steensgaard-analysis-benchmark/benchmarks/postgresql-9.5.2/clusterdb.bc>:getaddrinfo_unix:%9
</home/anonymous/eqlog-steensgaard-analysis-benchmark/benchmarks/postgresql-9.5.2/clusterdb.bc>:getaddrinfo_unix:%8	</home/anonymous/eqlog-steensgaard-analysis-benchmark/benchmarks/postgresql-9.5.2/clusterdb.bc>:getaddrinfo_unix:%7
</home/anonymous/eqlog-steensgaard-analysis-benchmark/benchmarks/postgresql-9.5.2/clusterdb.bc>:getaddrinfo_unix:%3	</home/anonymous/eqlog-steensgaard-analysis-benchmark/benchmarks/postgresql-9.5.2/clusterdb.bc>:getaddrinfo_unix:%2
</home/anonymous/eqlog-steensgaard-analysis-benchmark/benchmarks/postgresql-9.5.2/clusterdb.bc>:getaddrinfo_unix:%1	</home/anonymous/eqlog-steensgaard-analysis-benchmark/benchmarks/postgresql-9.5.2/clusterdb.bc>:getaddrinfo_unix:%hints
</home/anonymous/eqlog-steensgaard-analysis-benchmark/benchmarks/postgresql-9.5.2/clusterdb.bc>:PasswordFromFile:%16	</home/anonymous/eqlog-steensgaard-analysis-benchmark/benchmarks/postgresql-9.5.2/clusterdb.bc>:PasswordFromFile:110:0:false
</home/anonymous/eqlog-steensgaard-analysis-benchmark/benchmarks/postgresql-9.5.2/clusterdb.bc>:PasswordFromFile:%16	</home/anonymous/eqlog-steensgaard-analysis-benchmark/benchmarks/postgresql-9.5.2/clusterdb.bc>:PasswordFromFile:%lnot
</home/anonymous/eqlog-steensgaard-analysis-benchmark/benchmarks/postgresql-9.5.2/clusterdb.bc>:PasswordFromFile:%38	</home/anonymous/eqlog-steensgaard-analysis-benchmark/benchmarks/postgresql-9.5.2/clusterdb.bc>:PasswordFromFile:191:0:false
</home/anonymous/eqlog-steensgaard-analysis-benchmark/benchmarks/postgresql-9.5.2/clusterdb.bc>:PasswordFromFile:%38	</home/anonymous/eqlog-steensgaard-analysis-benchmark/benchmarks/postgresql-9.5.2/clusterdb.bc>:PasswordFromFile:%cmp106
</home/anonymous/eqlog-steensgaard-analysis-benchmark/benchmarks/postgresql-9.5.2/clusterdb.bc>:createPaddedCopyWithLength:%cond	</home/anonymous/eqlog-steensgaard-analysis-benchmark/benchmarks/postgresql-9.5.2/clusterdb.bc>:createPaddedCopyWithLength:18:0:0
</home/anonymous/eqlog-steensgaard-analysis-benchmark/benchmarks/postgresql-9.5.2/clusterdb.bc>:createPaddedCopyWithLength:%cond	</home/anonymous/eqlog-steensgaard-analysis-benchmark/benchmarks/postgresql-9.5.2/clusterdb.bc>:createPaddedCopyWithLength:%2
